comune,sigla,provincia,regione,lat,lon
Abano Terme,PD,Padova,Veneto,45.360314,11.789783
Abbadia Cerreto,LO,Lodi,Lombardia,45.311912,9.594212
Abbadia Lariana,LC,Lecco,Lombardia,45.900045,9.334056
Abbadia San Salvatore,SI,Siena,Toscana,42.880972,11.67242
Abbasanta,OR,Oristano,Sardegna,40.126752,8.818027
Abbateggio,PE,Pescara,Abruzzo,42.225137,14.011106
Abbiategrasso,MI,Milano,Lombardia,45.398733,8.91623
Abetone Cutigliano,PT,Pistoia,Toscana,44.124864,10.711228
Abriola,PZ,Potenza,Basilicata,40.507882,15.81376
Acate,RG,Ragusa,Sicilia,37.02504,14.492981
Accadia,FG,Foggia,Puglia,41.158824,15.33145
Acceglio,CN,Cuneo,Piemonte,44.474627,6.990918
Accettura,MT,Matera,Basilicata,40.491016,16.157977
Acciano,AQ,L'Aquila,Abruzzo,42.1765,13.7179
Accumoli,RI,Rieti,Lazio,42.694141,13.247683
Acerenza,PZ,Potenza,Basilicata,40.792121,15.936568
Acerno,SA,Salerno,Campania,40.737713,15.056949
Acerra,NA,Napoli,Campania,40.946053,14.375008
Aci Bonaccorsi,CT,Catania,Sicilia,37.597687,15.107937
Aci Castello,CT,Catania,Sicilia,37.554211,15.14856
Aci Catena,CT,Catania,Sicilia,37.60257,15.14196
Aci Sant'Antonio,CT,Catania,Sicilia,37.606392,15.126895
Acireale,CT,Catania,Sicilia,37.612777,15.16588
Acquafondata,FR,Frosinone,Lazio,41.542822,13.952815
Acquaformosa,CS,Cosenza,Calabria,39.7231,16.089885
Acquafredda,BS,Brescia,Lombardia,45.307378,10.414677
Acqualagna,PU,Pesaro e Urbino,Marche,43.625884,12.675974
Acquanegra Cremonese,CR,Cremona,Lombardia,45.168436,9.890147
Acquanegra sul Chiese,MN,Mantova,Lombardia,45.162475,10.43468
Acquapendente,VT,Viterbo,Lazio,42.743996,11.864988
Acquappesa,CS,Cosenza,Calabria,39.493695,15.952084
Acquaro,VV,Vibo Valentia,Calabria,38.554779,16.1872
Acquasanta Terme,AP,Ascoli Piceno,Marche,42.769944,13.410185
Acquasparta,TR,Terni,Umbria,42.691172,12.546451
Acquaviva Collecroce,CB,Campobasso,Molise,41.867591,14.746793
Acquaviva d'Isernia,IS,Isernia,Molise,41.672126,14.148917
Acquaviva delle Fonti,BA,Bari,Puglia,40.897829,16.842487
Acquaviva Picena,AP,Ascoli Piceno,Marche,42.944936,13.815114
Acquaviva Platani,CL,Caltanissetta,Sicilia,37.571999,13.702891
Acquedolci,ME,Messina,Sicilia,38.05604,14.581901
Acqui Terme,AL,Alessandria,Piemonte,44.675145,8.467546
Acri,CS,Cosenza,Calabria,39.493005,16.38495
Acuto,FR,Frosinone,Lazio,41.791521,13.174394
Adelfia,BA,Bari,Puglia,41.004265,16.871653
Adrano,CT,Catania,Sicilia,37.661777,14.833099
Adrara San Martino,BG,Bergamo,Lombardia,45.699945,9.948935
Adrara San Rocco,BG,Bergamo,Lombardia,45.713986,9.958705
Adria,RO,Rovigo,Veneto,45.053123,12.0572
Adro,BS,Brescia,Lombardia,45.622402,9.961376
Affi,VR,Verona,Veneto,45.554091,10.776424
Affile,RM,Roma,Lazio,41.884122,13.095391
Afragola,NA,Napoli,Campania,40.926012,14.310831
Africo,RC,Reggio Calabria,Calabria,38.050669,16.133204
Agazzano,PC,Piacenza,Emilia-Romagna,44.94437,9.517685
Agerola,NA,Napoli,Campania,40.637707,14.538839
Aggius,SS,Sassari,Sardegna,40.929345,9.065222
Agira,EN,Enna,Sicilia,37.656151,14.521575
Agliana,PT,Pistoia,Toscana,43.903816,11.003396
Agliano Terme,AT,Asti,Piemonte,44.791012,8.249988
Agliè,TO,Torino,Piemonte,45.367055,7.766918
Aglientu,SS,Sassari,Sardegna,41.079573,9.112719
Agna,PD,Padova,Veneto,45.170164,11.960731
Agnadello,CR,Cremona,Lombardia,45.444374,9.557056
Agnana Calabra,RC,Reggio Calabria,Calabria,38.302674,16.222904
Agnone,IS,Isernia,Molise,41.809561,14.377046
Agnosine,BS,Brescia,Lombardia,45.650676,10.353335
Agordo,BL,Belluno,Veneto,46.282147,12.034981
Agosta,RM,Roma,Lazio,41.981624,13.032688
Agra,VA,Varese,Lombardia,46.035046,8.77172
Agrate Brianza,MB,Monza e della Brianza,Lombardia,45.576173,9.350948
Agrate Conturbia,NO,Novara,Piemonte,45.675837,8.559812
Agrigento,AG,Agrigento,Sicilia,37.312299,13.57465
Agropoli,SA,Salerno,Campania,40.346905,14.996553
Agugliano,AN,Ancona,Marche,43.543375,13.386587
Agugliaro,VI,Vicenza,Veneto,45.325389,11.584203
Aicurzio,MB,Monza e della Brianza,Lombardia,45.639977,9.414949
Aidomaggiore,OR,Oristano,Sardegna,40.170753,8.856527
Aidone,EN,Enna,Sicilia,37.415421,14.445276
Aielli,AQ,L'Aquila,Abruzzo,42.080283,13.590543
Aiello Calabro,CS,Cosenza,Calabria,39.117469,16.166663
Aiello del Friuli,UD,Udine,Friuli-Venezia Giulia,45.872922,13.363628
Aiello del Sabato,AV,Avellino,Campania,40.887194,14.819448
Aieta,CS,Cosenza,Calabria,39.928575,15.82398
Ailano,CE,Caserta,Campania,41.390624,14.203199
Ailoche,BI,Biella,Piemonte,45.698291,8.221213
Airasca,TO,Torino,Piemonte,44.917042,7.484321
Airola,BN,Benevento,Campania,41.061022,14.55843
Airole,IM,Imperia,Liguria,43.871038,7.554181
Airuno,LC,Lecco,Lombardia,45.75388,9.424247
Aisone,CN,Cuneo,Piemonte,44.313925,7.219626
Ala,TN,Trento,Trentino-Alto Adige/Südtirol,45.757901,11.001818
Alà dei Sardi,SS,Sassari,Sardegna,40.650066,9.327829
Ala di Stura,TO,Torino,Piemonte,45.31515,7.305909
Alagna,PV,Pavia,Lombardia,45.169861,8.889846
Alagna Valsesia,VC,Vercelli,Piemonte,45.851211,7.937177
Alanno,PE,Pescara,Abruzzo,42.295082,13.971316
Alano di Piave,BL,Belluno,Veneto,45.907803,11.908195
Alassio,SV,Savona,Liguria,44.008011,8.173027
Alatri,FR,Frosinone,Lazio,41.726503,13.342303
Alba,CN,Cuneo,Piemonte,44.700724,8.035779
Alba Adriatica,TE,Teramo,Abruzzo,42.834342,13.927816
Albagiara,OR,Oristano,Sardegna,39.787646,8.862032
Albairate,MI,Milano,Lombardia,45.421126,8.938136
Albanella,SA,Salerno,Campania,40.478422,15.116608
Albano di Lucania,PZ,Potenza,Basilicata,40.584445,16.036716
Albano Laziale,RM,Roma,Lazio,41.728889,12.658269
Albano Sant'Alessandro,BG,Bergamo,Lombardia,45.686482,9.770656
Albano Vercellese,VC,Vercelli,Piemonte,45.425307,8.380994
Albaredo Arnaboldi,PV,Pavia,Lombardia,45.115325,9.247959
Albaredo d'Adige,VR,Verona,Veneto,45.317046,11.274488
Albaredo per San Marco,SO,Sondrio,Lombardia,46.10349,9.590044
Albareto,PR,Parma,Emilia-Romagna,44.446551,9.699977
Albaretto della Torre,CN,Cuneo,Piemonte,44.595911,8.064064
Albavilla,CO,Como,Lombardia,45.803117,9.188483
Albenga,SV,Savona,Liguria,44.04925,8.213124
Albera Ligure,AL,Alessandria,Piemonte,44.702351,9.066158
Alberobello,BA,Bari,Puglia,40.784124,17.237703
Alberona,FG,Foggia,Puglia,41.432728,15.123042
Albese con Cassano,CO,Como,Lombardia,45.797299,9.168256
Albettone,VI,Vicenza,Veneto,45.35815,11.581474
Albi,CZ,Catanzaro,Calabria,39.02499,16.596404
Albiano,TN,Trento,Trentino-Alto Adige/Südtirol,46.144906,11.193479
Albiano d'Ivrea,TO,Torino,Piemonte,45.432959,7.950621
Albiate,MB,Monza e della Brianza,Lombardia,45.65899,9.255796
Albidona,CS,Cosenza,Calabria,39.924121,16.469869
Albignasego,PD,Padova,Veneto,45.347492,11.867209
Albinea,RE,Reggio nell'Emilia,Emilia-Romagna,44.620182,10.601926
Albino,BG,Bergamo,Lombardia,45.760814,9.79683
Albiolo,CO,Como,Lombardia,45.805577,8.939235
Albisola Superiore,SV,Savona,Liguria,44.339838,8.509353
Albissola Marina,SV,Savona,Liguria,44.327279,8.503102
Albizzate,VA,Varese,Lombardia,45.723943,8.803131
Albonese,PV,Pavia,Lombardia,45.294438,8.706322
Albosaggia,SO,Sondrio,Lombardia,46.147232,9.85317
Albugnano,AT,Asti,Piemonte,45.077966,7.971154
Albuzzano,PV,Pavia,Lombardia,45.186626,9.27504
Alcamo,TP,Trapani,Sicilia,37.97665,12.962674
Alcara li Fusi,ME,Messina,Sicilia,38.021318,14.701396
Aldeno,TN,Trento,Trentino-Alto Adige/Südtirol,45.97678,11.090857
Aldino,BZ,Bolzano/Bozen,Trentino-Alto Adige/Südtirol,46.368675,11.354324
Ales,OR,Oristano,Sardegna,39.768245,8.815632
Alessandria,AL,Alessandria,Piemonte,44.834953,8.74503
Alessandria del Carretto,CS,Cosenza,Calabria,39.958107,16.379488
Alessandria della Rocca,AG,Agrigento,Sicilia,37.570042,13.454609
Alessano,LE,Lecce,Puglia,39.889678,18.331208
Alezio,LE,Lecce,Puglia,40.061321,18.058224
Alfano,SA,Salerno,Campania,40.177505,15.425165
Alfedena,AQ,L'Aquila,Abruzzo,41.733938,14.034394
Alfianello,BS,Brescia,Lombardia,45.266975,10.148172
Alfiano Natta,AL,Alessandria,Piemonte,45.048552,8.208334
Alfonsine,RA,Ravenna,Emilia-Romagna,44.505385,12.04118
Alghero,SS,Sassari,Sardegna,40.56002,8.315147
Algua,BG,Bergamo,Lombardia,45.826185,9.722152
Alì,ME,Messina,Sicilia,38.027364,15.417689
Alì Terme,ME,Messina,Sicilia,38.005064,15.42269
Alia,PA,Palermo,Sicilia,37.779948,13.713856
Aliano,MT,Matera,Basilicata,40.313827,16.229961
Alice Bel Colle,AL,Alessandria,Piemonte,44.726046,8.450745
Alice Castello,VC,Vercelli,Piemonte,45.365158,8.072925
Alife,CE,Caserta,Campania,41.32612,14.334026
Alimena,PA,Palermo,Sicilia,37.693476,14.114651
Aliminusa,PA,Palermo,Sicilia,37.864509,13.78116
Allai,OR,Oristano,Sardegna,39.957173,8.863076
Alleghe,BL,Belluno,Veneto,46.406637,12.021464
Allein,AO,Valle d'Aosta/Vallée d'Aoste,Valle d'Aosta/Vallée d'Aoste,45.807839,7.272512
Allerona,TR,Terni,Umbria,42.812033,11.973053
Alliste,LE,Lecce,Puglia,39.948618,18.088826
Allumiere,RM,Roma,Lazio,42.156218,11.903832
Alluvioni Piovera,AL,Alessandria,Piemonte,44.982464,8.752398
Almè,BG,Bergamo,Lombardia,45.73701,9.614785
Almenno San Bartolomeo,BG,Bergamo,Lombardia,45.742681,9.582251
Almenno San Salvatore,BG,Bergamo,Lombardia,45.749956,9.596368
Almese,TO,Torino,Piemonte,45.116876,7.39455
Alonte,VI,Vicenza,Veneto,45.365037,11.427363
Alpago,BL,Belluno,Veneto,46.130668,12.354894
Alpette,TO,Torino,Piemonte,45.408916,7.578978
Alpignano,TO,Torino,Piemonte,45.095724,7.525403
Alseno,PC,Piacenza,Emilia-Romagna,44.898364,9.961374
Alserio,CO,Como,Lombardia,45.779103,9.199529
Alta Val Tidone,PC,Piacenza,Emilia-Romagna,44.919977,9.347182
Alta Valle Intelvi,CO,Como,Lombardia,45.980864,9.041875
Altamura,BA,Bari,Puglia,40.82856,16.552731
Altare,SV,Savona,Liguria,44.335982,8.339931
Altavalle,TN,Trento,Trentino-Alto Adige/Südtirol,46.216653,11.25295
Altavilla Irpina,AV,Avellino,Campania,41.00616,14.777679
Altavilla Milicia,PA,Palermo,Sicilia,38.042734,13.550893
Altavilla Monferrato,AL,Alessandria,Piemonte,44.993552,8.375938
Altavilla Silentina,SA,Salerno,Campania,40.530241,15.131031
Altavilla Vicentina,VI,Vicenza,Veneto,45.508429,11.470686
Altidona,FM,Fermo,Marche,43.109225,13.799878
Altilia,CS,Cosenza,Calabria,39.13049,16.252695
Altino,CH,Chieti,Abruzzo,42.099337,14.331615
Altissimo,VI,Vicenza,Veneto,45.614739,11.251258
Altivole,TV,Treviso,Veneto,45.754003,11.955362
Alto,CN,Cuneo,Piemonte,44.108946,8.003074
Alto Reno Terme,BO,Bologna,Emilia-Romagna,44.123954,10.937306
Alto Sermenza,VC,Vercelli,Piemonte,45.872658,8.038157
Altofonte,PA,Palermo,Sicilia,38.044567,13.298702
Altomonte,CS,Cosenza,Calabria,39.697882,16.127128
Altopascio,LU,Lucca,Toscana,43.815041,10.674396
Altopiano della Vigolana,TN,Trento,Trentino-Alto Adige/Südtirol,45.984533,11.199754
Alviano,TR,Terni,Umbria,42.588208,12.295936
Alvignano,CE,Caserta,Campania,41.219342,14.352737
Alvito,FR,Frosinone,Lazio,41.688464,13.743264
Alzano Lombardo,BG,Bergamo,Lombardia,45.733603,9.730494
Alzano Scrivia,AL,Alessandria,Piemonte,45.018057,8.880649
Alzate Brianza,CO,Como,Lombardia,45.769778,9.182041
Amalfi,SA,Salerno,Campania,40.63367,14.60261
Amandola,FM,Fermo,Marche,42.979965,13.356085
Amantea,CS,Cosenza,Calabria,39.133189,16.074591
Amaro,UD,Udine,Friuli-Venezia Giulia,46.374031,13.09536
Amaroni,CZ,Catanzaro,Calabria,38.793085,16.448103
Amaseno,FR,Frosinone,Lazio,41.467815,13.336002
Amato,CZ,Catanzaro,Calabria,38.941788,16.462202
Amatrice,RI,Rieti,Lazio,42.629237,13.289176
Ambivere,BG,Bergamo,Lombardia,45.71958,9.55015
Amblar-Don,TN,Trento,Trentino-Alto Adige/Südtirol,46.385024,11.172159
Ameglia,SP,La Spezia,Liguria,44.065929,9.95741
Amelia,TR,Terni,Umbria,42.553528,12.416776
Amendolara,CS,Cosenza,Calabria,39.952438,16.582284
Ameno,NO,Novara,Piemonte,45.788656,8.441311
Amorosi,BN,Benevento,Campania,41.202918,14.461636
Ampezzo,UD,Udine,Friuli-Venezia Giulia,46.417086,12.790274
Anacapri,NA,Napoli,Campania,40.55577,14.213604
Anagni,FR,Frosinone,Lazio,41.74472,13.152694
Ancarano,TE,Teramo,Abruzzo,42.836048,13.739392
Ancona,AN,Ancona,Marche,43.48012,13.218791
Andali,CZ,Catanzaro,Calabria,39.013391,16.768407
Andalo,TN,Trento,Trentino-Alto Adige/Südtirol,46.166136,11.003402
Andalo Valtellino,SO,Sondrio,Lombardia,46.133822,9.473806
Andezeno,TO,Torino,Piemonte,45.037748,7.870527
Andora,SV,Savona,Liguria,43.951929,8.145649
Andorno Micca,BI,Biella,Piemonte,45.609264,8.05272
Andrano,LE,Lecce,Puglia,39.983019,18.382202
Andrate,TO,Torino,Piemonte,45.52736,7.880318
Andreis,PN,Pordenone,Friuli-Venezia Giulia,46.2005,12.61367
Andretta,AV,Avellino,Campania,40.938476,15.32775
Andria,BT,Barletta-Andria-Trani,Puglia,41.227646,16.295435
Andriano,BZ,Bolzano/Bozen,Trentino-Alto Adige/Südtirol,46.517616,11.231373
Anela,SS,Sassari,Sardegna,40.44176,9.057427
Anfo,BS,Brescia,Lombardia,45.76639,10.493771
Angera,VA,Varese,Lombardia,45.772188,8.575122
Anghiari,AR,Arezzo,Toscana,43.540966,12.054582
Angiari,VR,Verona,Veneto,45.218142,11.283908
Angolo Terme,BS,Brescia,Lombardia,45.891036,10.146099
Angri,SA,Salerno,Campania,40.737659,14.572283
Angrogna,TO,Torino,Piemonte,44.843582,7.223816
Anguillara Sabazia,RM,Roma,Lazio,42.083709,12.282982
Anguillara Veneta,PD,Padova,Veneto,45.139355,11.887746
Annicco,CR,Cremona,Lombardia,45.244572,9.879466
Annone di Brianza,LC,Lecco,Lombardia,45.807621,9.332414
Annone Veneto,VE,Venezia,Veneto,45.79551,12.68422
Anoia,RC,Reggio Calabria,Calabria,38.436192,16.080633
Antegnate,BG,Bergamo,Lombardia,45.486477,9.79146
Anterivo,BZ,Bolzano/Bozen,Trentino-Alto Adige/Südtirol,46.279747,11.367961
Antey-Saint-André,AO,Valle d'Aosta/Vallée d'Aoste,Valle d'Aosta/Vallée d'Aoste,45.806525,7.598199
Anticoli Corrado,RM,Roma,Lazio,42.009524,12.989087
Antignano,AT,Asti,Piemonte,44.845059,8.13484
Antillo,ME,Messina,Sicilia,37.977262,15.244786
Antonimina,RC,Reggio Calabria,Calabria,38.272273,16.148402
Antrodoco,RI,Rieti,Lazio,42.416134,13.078683
Antrona Schieranco,VB,Verbano-Cusio-Ossola,Piemonte,46.05688,8.09646
Anversa degli Abruzzi,AQ,L'Aquila,Abruzzo,41.994018,13.804052
Anzano del Parco,CO,Como,Lombardia,45.768478,9.195442
Anzano di Puglia,FG,Foggia,Puglia,41.122523,15.28445
Anzi,PZ,Potenza,Basilicata,40.516615,15.924571
Anzio,RM,Roma,Lazio,41.447101,12.628562
Anzola d'Ossola,VB,Verbano-Cusio-Ossola,Piemonte,45.988976,8.344519
Anzola dell'Emilia,BO,Bologna,Emilia-Romagna,44.546684,11.193326
Aosta,AO,Valle d'Aosta/Vallée d'Aoste,Valle d'Aosta/Vallée d'Aoste,45.737088,7.319665
Apecchio,PU,Pesaro e Urbino,Marche,43.558554,12.420951
Apice,BN,Benevento,Campania,41.118424,14.914866
Apiro,MC,Macerata,Marche,43.392256,13.131157
Apollosa,BN,Benevento,Campania,41.094118,14.705337
Appiano Gentile,CO,Como,Lombardia,45.734637,8.979101
Appiano sulla strada del vino,BZ,Bolzano/Bozen,Trentino-Alto Adige/Südtirol,46.461908,11.260867
Appignano,MC,Macerata,Marche,43.363732,13.346596
Appignano del Tronto,AP,Ascoli Piceno,Marche,42.89867,13.666387
Aprica,SO,Sondrio,Lombardia,46.152697,10.151656
Apricale,IM,Imperia,Liguria,43.880389,7.66021
Apricena,FG,Foggia,Puglia,41.783938,15.443744
Aprigliano,CS,Cosenza,Calabria,39.241693,16.341796
Aprilia,LT,Latina,Lazio,41.594202,12.648576
Aquara,SA,Salerno,Campania,40.443909,15.253857
Aquila d'Arroscia,IM,Imperia,Liguria,44.085927,8.005247
Aquileia,UD,Udine,Friuli-Venezia Giulia,45.769614,13.369798
Aquilonia,AV,Avellino,Campania,40.986721,15.474455
Aquino,FR,Frosinone,Lazio,41.491119,13.70471
Aradeo,LE,Lecce,Puglia,40.130922,18.129625
Aragona,AG,Agrigento,Sicilia,37.403199,13.617948
Aramengo,AT,Asti,Piemonte,45.101082,8.000528
Arba,PN,Pordenone,Friuli-Venezia Giulia,46.14498,12.7914
Arborea,OR,Oristano,Sardegna,39.773846,8.581753
Arborio,VC,Vercelli,Piemonte,45.494964,8.385329
Arbus,SU,Sud Sardegna,Sardegna,39.525839,8.597831
Arcade,TV,Treviso,Veneto,45.785053,12.219408
Arce,FR,Frosinone,Lazio,41.587716,13.575429
Arcene,BG,Bergamo,Lombardia,45.575577,9.614054
Arcevia,AN,Ancona,Marche,43.49945,12.940096
Archi,CH,Chieti,Abruzzo,42.089937,14.381217
Arcidosso,GR,Grosseto,Toscana,42.871631,11.538343
Arcinazzo Romano,RM,Roma,Lazio,41.879722,13.114392
Arcisate,VA,Varese,Lombardia,45.860392,8.859618
Arco,TN,Trento,Trentino-Alto Adige/Südtirol,45.918133,10.886095
Arcola,SP,La Spezia,Liguria,44.114382,9.905967
Arcole,VR,Verona,Veneto,45.358211,11.286092
Arconate,MI,Milano,Lombardia,45.540664,8.848162
Arcore,MB,Monza e della Brianza,Lombardia,45.626556,9.321465
Arcugnano,VI,Vicenza,Veneto,45.500472,11.535699
Ardara,SS,Sassari,Sardegna,40.621761,8.810319
Ardauli,OR,Oristano,Sardegna,40.084652,8.911529
Ardea,RM,Roma,Lazio,41.608712,12.519382
Ardenno,SO,Sondrio,Lombardia,46.164292,9.644944
Ardesio,BG,Bergamo,Lombardia,45.937512,9.931158
Ardore,RC,Reggio Calabria,Calabria,38.19097,16.168222
Arena,VV,Vibo Valentia,Calabria,38.562779,16.2099
Arena Po,PV,Pavia,Lombardia,45.096606,9.362846
Arenzano,GE,Genova,Liguria,44.402518,8.683132
Arese,MI,Milano,Lombardia,45.54904,9.077895
Arezzo,AR,Arezzo,Toscana,43.517202,11.763879
Argegno,CO,Como,Lombardia,45.943274,9.128165
Argelato,BO,Bologna,Emilia-Romagna,44.64157,11.34781
Argenta,FE,Ferrara,Emilia-Romagna,44.614338,11.833842
Argentera,CN,Cuneo,Piemonte,44.374629,6.954209
Arguello,CN,Cuneo,Piemonte,44.58274,8.11084
Argusto,CZ,Catanzaro,Calabria,38.680783,16.435404
Ari,CH,Chieti,Abruzzo,42.29234,14.263011
Ariano Irpino,AV,Avellino,Campania,41.152667,15.088563
Ariano nel Polesine,RO,Rovigo,Veneto,44.946084,12.124922
Ariccia,RM,Roma,Lazio,41.720709,12.671348
Arielli,CH,Chieti,Abruzzo,42.382444,14.359279
Arienzo,CE,Caserta,Campania,41.024257,14.497052
Arignano,TO,Torino,Piemonte,45.040275,7.901594
Aritzo,NU,Nuoro,Sardegna,39.956777,9.196562
Arizzano,VB,Verbano-Cusio-Ossola,Piemonte,45.957377,8.582925
Arlena di Castro,VT,Viterbo,Lazio,42.462824,11.820655
Arluno,MI,Milano,Lombardia,45.50507,8.941541
Armeno,NO,Novara,Piemonte,45.822457,8.439199
Armento,PZ,Potenza,Basilicata,40.307712,16.064977
Armo,IM,Imperia,Liguria,44.087965,7.914783
Armungia,SU,Sud Sardegna,Sardegna,39.521745,9.381846
Arnad,AO,Valle d'Aosta/Vallée d'Aoste,Valle d'Aosta/Vallée d'Aoste,45.644475,7.722183
Arnara,FR,Frosinone,Lazio,41.584518,13.388402
Arnasco,SV,Savona,Liguria,44.078228,8.107449
Arnesano,LE,Lecce,Puglia,40.3352,18.091628
Arola,VB,Verbano-Cusio-Ossola,Piemonte,45.808356,8.357465
Arona,NO,Novara,Piemonte,45.759837,8.560408
Arosio,CO,Como,Lombardia,45.716977,9.208043
Arpaia,BN,Benevento,Campania,41.036126,14.546974
Arpaise,BN,Benevento,Campania,41.029817,14.744083
Arpino,FR,Frosinone,Lazio,41.647983,13.610141
Arquà Petrarca,PD,Padova,Veneto,45.270044,11.716515
Arquà Polesine,RO,Rovigo,Veneto,45.010388,11.740941
Arquata del Tronto,AP,Ascoli Piceno,Marche,42.772361,13.296583
Arquata Scrivia,AL,Alessandria,Piemonte,44.687845,8.885338
Arre,PD,Padova,Veneto,45.216319,11.930495
Arrone,TR,Terni,Umbria,42.583433,12.769865
Arsago Seprio,VA,Varese,Lombardia,45.688158,8.731452
Arsiè,BL,Belluno,Veneto,45.983519,11.75778
Arsiero,VI,Vicenza,Veneto,45.803517,11.350404
Arsita,TE,Teramo,Abruzzo,42.502162,13.782832
Arsoli,RM,Roma,Lazio,42.040525,13.018387
Arta Terme,UD,Udine,Friuli-Venezia Giulia,46.47238,13.026675
Artegna,UD,Udine,Friuli-Venezia Giulia,46.239096,13.155651
Artena,RM,Roma,Lazio,41.741915,12.912174
Artogne,BS,Brescia,Lombardia,45.848982,10.164556
Arvier,AO,Valle d'Aosta/Vallée d'Aoste,Valle d'Aosta/Vallée d'Aoste,45.702451,7.166471
Arzachena,SS,Sassari,Sardegna,41.079898,9.387612
Arzago d'Adda,BG,Bergamo,Lombardia,45.481513,9.561678
Arzana,NU,Nuoro,Sardegna,39.919463,9527
Arzano,NA,Napoli,Campania,40.91602,14.268018
Arzergrande,PD,Padova,Veneto,45.27286,12.053944
Arzignano,VI,Vicenza,Veneto,45.519292,11.338594
Ascea,SA,Salerno,Campania,40.141602,15.18576
Asciano,SI,Siena,Toscana,43.234857,11.55946
Ascoli Piceno,AP,Ascoli Piceno,Marche,42.88342,13.539593
Ascoli Satriano,FG,Foggia,Puglia,41.20612,15.56161
Ascrea,RI,Rieti,Lazio,42.196228,12.996584
Asiago,VI,Vicenza,Veneto,45.875377,11.5107
Asigliano Veneto,VI,Vicenza,Veneto,45.304512,11.446266
Asigliano Vercellese,VC,Vercelli,Piemonte,45.261578,8.408501
Asola,MN,Mantova,Lombardia,45.22112,10.413065
Asolo,TV,Treviso,Veneto,45.800726,11.914244
Assago,MI,Milano,Lombardia,45.405397,9.131355
Assemini,CA,Cagliari,Sardegna,39.291538,9.001542
Assisi,PG,Perugia,Umbria,43.071195,12.614667
Asso,CO,Como,Lombardia,45.860669,9.269749
Assolo,OR,Oristano,Sardegna,39.809947,8.918233
Assoro,EN,Enna,Sicilia,37.627905,14.423886
Asti,AT,Asti,Piemonte,44.826013,8.202686
Asuni,OR,Oristano,Sardegna,39.872448,8.946433
Ateleta,AQ,L'Aquila,Abruzzo,41.85543,14.197516
Atella,PZ,Potenza,Basilicata,40.880321,15.650161
Atena Lucana,SA,Salerno,Campania,40.455111,15.557264
Atessa,CH,Chieti,Abruzzo,42.071806,14.448902
Atina,FR,Frosinone,Lazio,41.620199,13.799978
Atrani,SA,Salerno,Campania,40.636908,14.607541
Atri,TE,Teramo,Abruzzo,42.580137,13.976412
Atripalda,AV,Avellino,Campania,40.920812,14.833499
Attigliano,TR,Terni,Umbria,42.514334,12.292508
Attimis,UD,Udine,Friuli-Venezia Giulia,46.189326,13.307128
Atzara,NU,Nuoro,Sardegna,39.992252,9.075734
Augusta,SR,Siracusa,Sicilia,37.236936,15.219658
Auletta,SA,Salerno,Campania,40.558841,15.42489
Aulla,MS,Massa-Carrara,Toscana,44.214548,9.967787
Aurano,VB,Verbano-Cusio-Ossola,Piemonte,45.999111,8.588311
Aurigo,IM,Imperia,Liguria,43.982724,7.922447
Auronzo di Cadore,BL,Belluno,Veneto,46.551169,12.443206
Ausonia,FR,Frosinone,Lazio,41.354461,13.748748
Austis,NU,Nuoro,Sardegna,40.070653,9.087933
Avegno,GE,Genova,Liguria,44.391336,9.156316
Avelengo,BZ,Bolzano/Bozen,Trentino-Alto Adige/Südtirol,46.644615,11.224384
Avella,AV,Avellino,Campania,40.958914,14.600537
Avellino,AV,Avellino,Campania,40.996545,15.140569
Averara,BG,Bergamo,Lombardia,45.98868,9.631398
Aversa,CE,Caserta,Campania,40.973212,14.204928
Avetrana,TA,Taranto,Puglia,40.349942,17.727374
Avezzano,AQ,L'Aquila,Abruzzo,42.034796,13.426505
Aviano,PN,Pordenone,Friuli-Venezia Giulia,46.068544,12.589114
Aviatico,BG,Bergamo,Lombardia,45.800307,9.771656
Avigliana,TO,Torino,Piemonte,45.077944,7.39839
Avigliano,PZ,Potenza,Basilicata,40.729718,15.720264
Avigliano Umbro,TR,Terni,Umbria,42.654834,12.426165
Avio,TN,Trento,Trentino-Alto Adige/Südtirol,45.733793,10.937181
Avise,AO,Valle d'Aosta/Vallée d'Aoste,Valle d'Aosta/Vallée d'Aoste,45.708589,7.139746
Avola,SR,Siracusa,Sicilia,36.909516,15.135001
Avolasca,AL,Alessandria,Piemonte,44.802832,8.965144
Ayas,AO,Valle d'Aosta/Vallée d'Aoste,Valle d'Aosta/Vallée d'Aoste,45.862633,7.731892
Aymavilles,AO,Valle d'Aosta/Vallée d'Aoste,Valle d'Aosta/Vallée d'Aoste,45.701736,7.247656
Azeglio,TO,Torino,Piemonte,45.423459,7.993922
Azzanello,CR,Cremona,Lombardia,45.312869,9.921597
Azzano d'Asti,AT,Asti,Piemonte,44.874588,8.267791
Azzano Decimo,PN,Pordenone,Friuli-Venezia Giulia,45.88142,12.714314
Azzano Mella,BS,Brescia,Lombardia,45.454722,10.116823
Azzano San Paolo,BG,Bergamo,Lombardia,45.661039,9.67518
Azzate,VA,Varese,Lombardia,45.780222,8.793769
Azzio,VA,Varese,Lombardia,45.885194,8.710637
Azzone,BG,Bergamo,Lombardia,45.978518,10.112647
Baceno,VB,Verbano-Cusio-Ossola,Piemonte,46.260882,8.320213
Bacoli,NA,Napoli,Campania,40.796613,14.077783
Badalucco,IM,Imperia,Liguria,43.915557,7.847295
Badesi,SS,Sassari,Sardegna,40.965069,8.884216
Badia,BZ,Bolzano/Bozen,Trentino-Alto Adige/Südtirol,46.610124,11.893487
Badia Calavena,VR,Verona,Veneto,45.566086,11.152393
Badia Pavese,PV,Pavia,Lombardia,45.120328,9.468797
Badia Polesine,RO,Rovigo,Veneto,45.094056,11.493462
Badia Tedalda,AR,Arezzo,Toscana,43.709208,12.184876
Badolato,CZ,Catanzaro,Calabria,38.568681,16.524607
Bagaladi,RC,Reggio Calabria,Calabria,38.026667,15.821398
Bagheria,PA,Palermo,Sicilia,38.079351,13.509349
Bagnacavallo,RA,Ravenna,Emilia-Romagna,44.416148,11.97655
Bagnara Calabra,RC,Reggio Calabria,Calabria,38.288471,15.807795
Bagnara di Romagna,RA,Ravenna,Emilia-Romagna,44.389169,11.826451
Bagnaria,PV,Pavia,Lombardia,44.827262,9.122605
Bagnaria Arsa,UD,Udine,Friuli-Venezia Giulia,45.88359,13.284961
Bagnasco,CN,Cuneo,Piemonte,44.301333,8.043144
Bagnatica,BG,Bergamo,Lombardia,45.660881,9.781057
Bagni di Lucca,LU,Lucca,Toscana,44.009982,10.590633
Bagno a Ripoli,FI,Firenze,Toscana,43.752172,11.319995
Bagno di Romagna,FC,Forlì-Cesena,Emilia-Romagna,43.835227,11.959598
Bagnoli del Trigno,IS,Isernia,Molise,41.703029,14.456523
Bagnoli di Sopra,PD,Padova,Veneto,45.184841,11.883486
Bagnoli Irpino,AV,Avellino,Campania,40.833115,15.072549
Bagnolo Cremasco,CR,Cremona,Lombardia,45.361172,9.612958
Bagnolo del Salento,LE,Lecce,Puglia,40.150624,18.35263
Bagnolo di Po,RO,Rovigo,Veneto,45.016008,11.501192
Bagnolo in Piano,RE,Reggio nell'Emilia,Emilia-Romagna,44.762967,10.673293
Bagnolo Mella,BS,Brescia,Lombardia,45.429079,10.18437
Bagnolo Piemonte,CN,Cuneo,Piemonte,44.760336,7.31392
Bagnolo San Vito,MN,Mantova,Lombardia,45.092253,10.880429
Bagnone,MS,Massa-Carrara,Toscana,44.314739,9.994655
Bagnoregio,VT,Viterbo,Lazio,42.62698,12.090872
Bagolino,BS,Brescia,Lombardia,45.823561,10.462731
Baia e Latina,CE,Caserta,Campania,41.302919,14.252124
Baiano,AV,Avellino,Campania,40.952514,14.616737
Bairo,TO,Torino,Piemonte,45.386587,7.755447
Baiso,RE,Reggio nell'Emilia,Emilia-Romagna,44.496827,10.601678
Bajardo,IM,Imperia,Liguria,43.903197,7.716921
Balangero,TO,Torino,Piemonte,45.275323,7.520282
Baldichieri d'Asti,AT,Asti,Piemonte,44.905948,8.091638
Baldissero Canavese,TO,Torino,Piemonte,45.410256,7.744217
Baldissero d'Alba,CN,Cuneo,Piemonte,44.759519,7.914349
Baldissero Torinese,TO,Torino,Piemonte,45.068636,7.816531
Balestrate,PA,Palermo,Sicilia,38.051867,13.004266
Balestrino,SV,Savona,Liguria,44.12513,8.17152
Ballabio,LC,Lecco,Lombardia,45.898184,9.423444
Ballao,SU,Sud Sardegna,Sardegna,39.549746,9.361545
Balme,TO,Torino,Piemonte,45.302504,7.215432
Balmuccia,VC,Vercelli,Piemonte,45.818849,8.138102
Balocco,VC,Vercelli,Piemonte,45.455262,8.280128
Balsorano,AQ,L'Aquila,Abruzzo,41.809824,13.559802
Balvano,PZ,Potenza,Basilicata,40.650315,15.514161
Balzola,AL,Alessandria,Piemonte,45.183005,8.402652
Banari,SS,Sassari,Sardegna,40.572927,8.697371
Banchette,TO,Torino,Piemonte,45.453558,7.856318
Bannio Anzino,VB,Verbano-Cusio-Ossola,Piemonte,45.959966,8.155128
Banzi,PZ,Potenza,Basilicata,40.861559,16.013768
Baone,PD,Padova,Veneto,45.243863,11.687946
Baradili,OR,Oristano,Sardegna,39.721345,8.897434
Baragiano,PZ,Potenza,Basilicata,40.679738,15.593966
Baranello,CB,Campobasso,Molise,41.526026,14.559428
Barano d'Ischia,NA,Napoli,Campania,40.709018,13.918602
Baranzate,MI,Milano,Lombardia,45.527222,9.117601
Barasso,VA,Varese,Lombardia,45.840476,8.756831
Baratili San Pietro,OR,Oristano,Sardegna,39.992831,8.555784
Barbania,TO,Torino,Piemonte,45.291252,7.630317
Barbara,AN,Ancona,Marche,43.581154,13.026481
Barbarano Mossano,VI,Vicenza,Veneto,45.408342,11.567659
Barbarano Romano,VT,Viterbo,Lazio,42.249834,12.067374
Barbaresco,CN,Cuneo,Piemonte,44.725447,8.080696
Barbariga,BS,Brescia,Lombardia,45.405077,10.054367
Barbata,BG,Bergamo,Lombardia,45.474977,9.77736
Barberino di Mugello,FI,Firenze,Toscana,44.000541,11.238381
Barberino Tavarnelle,FI,Firenze,Toscana,43.545562,11.204681
Barbianello,PV,Pavia,Lombardia,45.076662,9.205155
Barbiano,BZ,Bolzano/Bozen,Trentino-Alto Adige/Südtirol,46.603257,11.519816
Barbona,PD,Padova,Veneto,45.111681,11.682407
Barcellona Pozzo di Gotto,ME,Messina,Sicilia,38.148306,15.217552
Barcis,PN,Pordenone,Friuli-Venezia Giulia,46.190251,12.55821
Bard,AO,Valle d'Aosta/Vallée d'Aoste,Valle d'Aosta/Vallée d'Aoste,45.609651,7.745729
Bardello,VA,Varese,Lombardia,45.834865,8.698036
Bardi,PR,Parma,Emilia-Romagna,44.632211,9.731203
Bardineto,SV,Savona,Liguria,44.193123,8.132452
Bardolino,VR,Verona,Veneto,45.54756,10.724214
Bardonecchia,TO,Torino,Piemonte,45.078339,6.703205
Bareggio,MI,Milano,Lombardia,45.477726,8.995973
Barengo,NO,Novara,Piemonte,45.57545,8.51395
Baressa,OR,Oristano,Sardegna,39.712745,8.875334
Barete,AQ,L'Aquila,Abruzzo,42.448525,13.282023
Barga,LU,Lucca,Toscana,44.073918,10.484263
Bargagli,GE,Genova,Liguria,44.447802,9.087661
Barge,CN,Cuneo,Piemonte,44.727536,7.321021
Barghe,BS,Brescia,Lombardia,45.681887,10.41217
Bari,BA,Bari,Puglia,41.125784,16.862029
Bari Sardo,NU,Nuoro,Sardegna,39.842053,9.644147
Bariano,BG,Bergamo,Lombardia,45.512646,9.704925
Baricella,BO,Bologna,Emilia-Romagna,44.646165,11.533295
Barile,PZ,Potenza,Basilicata,40.946322,15.67266
Barisciano,AQ,L'Aquila,Abruzzo,42.32513,13.591609
Barlassina,MB,Monza e della Brianza,Lombardia,45.656416,9.130101
Barletta,BT,Barletta-Andria-Trani,Puglia,41.321498,16.28687
Barni,CO,Como,Lombardia,45.911283,9.26514
Barolo,CN,Cuneo,Piemonte,44.610841,7.942845
Barone Canavese,TO,Torino,Piemonte,45.325527,7.873063
Baronissi,SA,Salerno,Campania,40.746938,14.769987
Barrafranca,EN,Enna,Sicilia,37.372843,14.203313
Barrali,SU,Sud Sardegna,Sardegna,39.475289,9.101273
Barrea,AQ,L'Aquila,Abruzzo,41.75849,13.99073
Barumini,SU,Sud Sardegna,Sardegna,39.701546,9.002736
Barzago,LC,Lecco,Lombardia,45.755479,9.314244
Barzana,BG,Bergamo,Lombardia,45.733986,9.567264
Barzanò,LC,Lecco,Lombardia,45.733474,9.312813
Barzio,LC,Lecco,Lombardia,45.946095,9.468765
Basaluzzo,AL,Alessandria,Piemonte,44.767905,8.704785
Bascapè,PV,Pavia,Lombardia,45.308268,9.313453
Baschi,TR,Terni,Umbria,42.670284,12.216135
Basciano,TE,Teramo,Abruzzo,42.594401,13.739647
Baselga di Pinè,TN,Trento,Trentino-Alto Adige/Südtirol,46.131281,11.256837
Baselice,BN,Benevento,Campania,41.393726,14.972839
Basiano,MI,Milano,Lombardia,45.573588,9.467854
Basicò,ME,Messina,Sicilia,38.061393,15.062248
Basiglio,MI,Milano,Lombardia,45.349152,9.164589
Basiliano,UD,Udine,Friuli-Venezia Giulia,46.016319,13.107126
Bassano Bresciano,BS,Brescia,Lombardia,45.327176,10.12837
Bassano del Grappa,VI,Vicenza,Veneto,45.766911,11.734347
Bassano in Teverina,VT,Viterbo,Lazio,42.466074,12.313034
Bassano Romano,VT,Viterbo,Lazio,42.218392,12.193006
Bassiano,LT,Latina,Lazio,41.549755,13.032233
Bassignana,AL,Alessandria,Piemonte,45.001634,8.734624
Bastia Mondovì,CN,Cuneo,Piemonte,44.441935,7.894438
Bastia Umbra,PG,Perugia,Umbria,43.067755,12.549582
Bastida Pancarana,PV,Pavia,Lombardia,45.086061,9.085152
Bastiglia,MO,Modena,Emilia-Romagna,44.726969,10.9986
Battaglia Terme,PD,Padova,Veneto,45.288143,11.781834
Battifollo,CN,Cuneo,Piemonte,44.319833,8.010943
Battipaglia,SA,Salerno,Campania,40.609254,14.982144
Battuda,PV,Pavia,Lombardia,45.274665,9.078048
Baucina,PA,Palermo,Sicilia,37.925429,13.53771
Bauladu,OR,Oristano,Sardegna,40.020549,8.671925
Baunei,NU,Nuoro,Sardegna,40.032361,9.663405
Baveno,VB,Verbano-Cusio-Ossola,Piemonte,45.908916,8.505017
Bedero Valcuvia,VA,Varese,Lombardia,45.914271,8.794198
Bedizzole,BS,Brescia,Lombardia,45.510571,10.423032
Bedollo,TN,Trento,Trentino-Alto Adige/Südtirol,46.167698,11.301589
Bedonia,PR,Parma,Emilia-Romagna,44.503631,9.629885
Bedulita,BG,Bergamo,Lombardia,45.791652,9.55155
Bee,VB,Verbano-Cusio-Ossola,Piemonte,45.963268,8.575854
Beinasco,TO,Torino,Piemonte,45.022097,7.579397
Beinette,CN,Cuneo,Piemonte,44.364835,7.646733
Belcastro,CZ,Catanzaro,Calabria,39.017992,16.786408
Belfiore,VR,Verona,Veneto,45.379623,11.208976
Belforte all'Isauro,PU,Pesaro e Urbino,Marche,43.716553,12.376048
Belforte del Chienti,MC,Macerata,Marche,43.162552,13.245376
Belforte Monferrato,AL,Alessandria,Piemonte,44.625046,8.661251
Belgioioso,PV,Pavia,Lombardia,45.158565,9.313756
Belgirate,VB,Verbano-Cusio-Ossola,Piemonte,45.838874,8.571427
Bella,PZ,Potenza,Basilicata,40.760917,15.54056
Bellagio,CO,Como,Lombardia,45.987255,9.2613
Bellano,LC,Lecco,Lombardia,46.042957,9.304032
Bellante,TE,Teramo,Abruzzo,42.741847,13.810195
Bellaria-Igea Marina,RN,Rimini,Emilia-Romagna,44.142108,12.469694
Bellegra,RM,Roma,Lazio,41.883422,13.02679
Bellino,CN,Cuneo,Piemonte,44.582338,6.990826
Bellinzago Lombardo,MI,Milano,Lombardia,45.542075,9.445951
Bellinzago Novarese,NO,Novara,Piemonte,45.568768,8.643233
Bellizzi,SA,Salerno,Campania,40.62018,14.948453
Bellona,CE,Caserta,Campania,41.160016,14.232326
Bellosguardo,SA,Salerno,Campania,40.423309,15.314159
Belluno,BL,Belluno,Veneto,46.280541,12.078914
Bellusco,MB,Monza e della Brianza,Lombardia,45.618748,9.418633
Belmonte Calabro,CS,Cosenza,Calabria,39.162203,16.082536
Belmonte Castello,FR,Frosinone,Lazio,41.577421,13.815811
Belmonte del Sannio,IS,Isernia,Molise,41.823931,14.422121
Belmonte in Sabina,RI,Rieti,Lazio,42.317654,12.892779
Belmonte Mezzagno,PA,Palermo,Sicilia,38.048449,13.390554
Belmonte Piceno,FM,Fermo,Marche,43.091441,13.539652
Belpasso,CT,Catania,Sicilia,37.589187,14.978239
Belsito,CS,Cosenza,Calabria,39.177191,16.288295
Belvedere di Spinello,KR,Crotone,Calabria,39.211944,16.889318
Belvedere Langhe,CN,Cuneo,Piemonte,44.493036,7.974639
Belvedere Marittimo,CS,Cosenza,Calabria,39.617973,15.861853
Belvedere Ostrense,AN,Ancona,Marche,43.580495,13.166127
Belveglio,AT,Asti,Piemonte,44.830438,8.330191
Belvì,NU,Nuoro,Sardegna,39.962601,9.185185
Bema,SO,Sondrio,Lombardia,46.108201,9.564166
Bene Lario,CO,Como,Lombardia,46.023388,9.171111
Bene Vagienna,CN,Cuneo,Piemonte,44.543336,7.828335
Benestare,RC,Reggio Calabria,Calabria,38.185372,16.137003
Benetutti,SS,Sassari,Sardegna,40.456461,9.168829
Benevello,CN,Cuneo,Piemonte,44.629841,8.104139
Benevento,BN,Benevento,Campania,41.247688,14.705941
Benna,BI,Biella,Piemonte,45.513662,8.126623
Bentivoglio,BO,Bologna,Emilia-Romagna,44.635792,11.417193
Berbenno,BG,Bergamo,Lombardia,45.814783,9.571049
Berbenno di Valtellina,SO,Sondrio,Lombardia,46.168878,9.742367
Berceto,PR,Parma,Emilia-Romagna,44.510608,9.989655
Berchidda,SS,Sassari,Sardegna,40.784067,9.164524
Beregazzo con Figliaro,CO,Como,Lombardia,45.771006,8.958279
Bereguardo,PV,Pavia,Lombardia,45.257378,9.027957
Bergamasco,AL,Alessandria,Piemonte,44.827249,8.454743
Bergamo,BG,Bergamo,Lombardia,45.756656,9.754219
Bergantino,RO,Rovigo,Veneto,45.060169,11.2529
Bergeggi,SV,Savona,Liguria,44.249735,8.443353
Bergolo,CN,Cuneo,Piemonte,44.54784,8.183142
Berlingo,BS,Brescia,Lombardia,45.50298,10.043665
Bernalda,MT,Matera,Basilicata,40.412918,16.691097
Bernareggio,MB,Monza e della Brianza,Lombardia,45.647508,9.406138
Bernate Ticino,MI,Milano,Lombardia,45.479342,8.818039
Bernezzo,CN,Cuneo,Piemonte,44.385329,7.436329
Bertinoro,FC,Forlì-Cesena,Emilia-Romagna,44.148665,12.134235
Bertiolo,UD,Udine,Friuli-Venezia Giulia,45.942667,13.04918
Bertonico,LO,Lodi,Lombardia,45.23307,9.668062
Berzano di San Pietro,AT,Asti,Piemonte,45.094813,7.953012
Berzano di Tortona,AL,Alessandria,Piemonte,44.876356,8.949685
Berzo Demo,BS,Brescia,Lombardia,46.093418,10.336266
Berzo Inferiore,BS,Brescia,Lombardia,45.931693,10.280587
Berzo San Fermo,BG,Bergamo,Lombardia,45.719384,9.903158
Besana in Brianza,MB,Monza e della Brianza,Lombardia,45.701804,9.288298
Besano,VA,Varese,Lombardia,45.889039,8.890388
Besate,MI,Milano,Lombardia,45.312965,8.969645
Besenello,TN,Trento,Trentino-Alto Adige/Südtirol,45.941922,11.109544
Besenzone,PC,Piacenza,Emilia-Romagna,44.986432,9.954909
Besnate,VA,Varese,Lombardia,45.700165,8.768315
Besozzo,VA,Varese,Lombardia,45.845797,8.666495
Bessude,SS,Sassari,Sardegna,40.553852,8.729952
Bettola,PC,Piacenza,Emilia-Romagna,44.776446,9.60628
Bettona,PG,Perugia,Umbria,43.013614,12.484756
Beura-Cardezza,VB,Verbano-Cusio-Ossola,Piemonte,46.079578,8.299716
Bevagna,PG,Perugia,Umbria,42.934075,12.609121
Beverino,SP,La Spezia,Liguria,44.205951,9.78573
Bevilacqua,VR,Verona,Veneto,45.231785,11.3925
Biancavilla,CT,Catania,Sicilia,37.646276,14.861411
Bianchi,CS,Cosenza,Calabria,39.100891,16.410099
Bianco,RC,Reggio Calabria,Calabria,38.09067,16.149304
Biandrate,NO,Novara,Piemonte,45.452664,8.462432
Biandronno,VA,Varese,Lombardia,45.821512,8.713238
Bianzano,BG,Bergamo,Lombardia,45.774503,9.920848
Bianzè,VC,Vercelli,Piemonte,45.308457,8.122527
Bianzone,SO,Sondrio,Lombardia,46.188197,10.109354
Biassono,MB,Monza e della Brianza,Lombardia,45.630987,9.27512
Bibbiano,RE,Reggio nell'Emilia,Emilia-Romagna,44.66343,10.472719
Bibbiena,AR,Arezzo,Toscana,43.695548,11.817341
Bibbona,LI,Livorno,Toscana,43.269784,10.59727
Bibiana,TO,Torino,Piemonte,44.798937,7.288219
Biccari,FG,Foggia,Puglia,41.396128,15.194444
Bicinicco,UD,Udine,Friuli-Venezia Giulia,45.935713,13.251166
Bidonì,OR,Oristano,Sardegna,40.113053,8.936429
Biella,BI,Biella,Piemonte,45.566954,8.086912
Bienno,BS,Brescia,Lombardia,45.935562,10.294791
Bieno,TN,Trento,Trentino-Alto Adige/Südtirol,46.080679,11.554041
Bientina,PI,Pisa,Toscana,43.710184,10.620321
Binago,CO,Como,Lombardia,45.784412,8.922159
Binasco,MI,Milano,Lombardia,45.33197,9.099987
Binetto,BA,Bari,Puglia,41.024165,16.709581
Bioglio,BI,Biella,Piemonte,45.606808,8.129709
Bionaz,AO,Valle d'Aosta/Vallée d'Aoste,Valle d'Aosta/Vallée d'Aoste,45.913204,7.497951
Bione,BS,Brescia,Lombardia,45.672786,10.338869
Birori,NU,Nuoro,Sardegna,40.26486,8.817474
Bisaccia,AV,Avellino,Campania,41.012121,15.374753
Bisacquino,PA,Palermo,Sicilia,37.705431,13.258761
Bisceglie,BT,Barletta-Andria-Trani,Puglia,41.240274,16.501011
Bisegna,AQ,L'Aquila,Abruzzo,41.921128,13.757605
Bisenti,TE,Teramo,Abruzzo,42.529128,13.801283
Bisignano,CS,Cosenza,Calabria,39.500197,16.274461
Bistagno,AL,Alessandria,Piemonte,44.661518,8.369525
Bisuschio,VA,Varese,Lombardia,45.874873,8.871723
Bitetto,BA,Bari,Puglia,41.041408,16.748699
Bitonto,BA,Bari,Puglia,41.108497,16.691548
Bitritto,BA,Bari,Puglia,41.044532,16.825185
Bitti,NU,Nuoro,Sardegna,40.479008,9.384038
Bivona,AG,Agrigento,Sicilia,37.617397,13.439769
Bivongi,RC,Reggio Calabria,Calabria,38.48317,16.453054
Bizzarone,CO,Como,Lombardia,45.834278,8.942735
Bleggio Superiore,TN,Trento,Trentino-Alto Adige/Südtirol,46.006942,10.789644
Blello,BG,Bergamo,Lombardia,45.837784,9.571049
Blera,VT,Viterbo,Lazio,42.272522,12.031662
Blessagno,CO,Como,Lombardia,45.959522,9.09749
Blevio,CO,Como,Lombardia,45.839942,9.10247
Blufi,PA,Palermo,Sicilia,37.751474,14.074827
Boara Pisani,PD,Padova,Veneto,45.108085,11.782711
Bobbio,PC,Piacenza,Emilia-Romagna,44.769273,9.386281
Bobbio Pellice,TO,Torino,Piemonte,44.807952,7.116764
Boca,NO,Novara,Piemonte,45.678969,8.408726
Bocchigliero,CS,Cosenza,Calabria,39.419799,16.749002
Boccioleto,VC,Vercelli,Piemonte,45.830189,8.112881
Bocenago,TN,Trento,Trentino-Alto Adige/Südtirol,46.119103,10.758862
Bodio Lomnago,VA,Varese,Lombardia,45.791229,8.751004
Boffalora d'Adda,LO,Lodi,Lombardia,45.359771,9.494156
Boffalora sopra Ticino,MI,Milano,Lombardia,45.467278,8.830608
Bogliasco,GE,Genova,Liguria,44.379056,9.067951
Bognanco,VB,Verbano-Cusio-Ossola,Piemonte,46.126378,8.201113
Bogogno,NO,Novara,Piemonte,45.667273,8.534066
Boissano,SV,Savona,Liguria,44.135768,8.221754
Bojano,CB,Campobasso,Molise,41.485724,14.472927
Bolano,SP,La Spezia,Liguria,44.187649,9.895616
Bolgare,BG,Bergamo,Lombardia,45.635081,9.812858
Bollate,MI,Milano,Lombardia,45.543835,9.117708
Bollengo,TO,Torino,Piemonte,45.470859,7.94202
Bologna,BO,Bologna,Emilia-Romagna,44.493758,11.343031
Bolognano,PE,Pescara,Abruzzo,42.2181,13.960887
Bolognetta,PA,Palermo,Sicilia,37.964742,13.45607
Bolognola,MC,Macerata,Marche,42.994056,13.227769
Bolotana,NU,Nuoro,Sardegna,40.325757,8.961127
Bolsena,VT,Viterbo,Lazio,42.644107,11.984955
Boltiere,BG,Bergamo,Lombardia,45.600878,9.578453
Bolzano,BZ,Bolzano/Bozen,Trentino-Alto Adige/Südtirol,46.655942,11.229637
Bolzano Novarese,NO,Novara,Piemonte,45.762786,8.445175
Bolzano Vicentino,VI,Vicenza,Veneto,45.60071,11.622101
Bomarzo,VT,Viterbo,Lazio,42.481928,12.248764
Bomba,CH,Chieti,Abruzzo,42.034335,14.367117
Bompensiere,CL,Caltanissetta,Sicilia,37.473829,13.780745
Bompietro,PA,Palermo,Sicilia,37.746863,14.099838
Bomporto,MO,Modena,Emilia-Romagna,44.72977,11.038401
Bonarcado,OR,Oristano,Sardegna,40.09585,8.657124
Bonassola,SP,La Spezia,Liguria,44.183546,9.582526
Bonate Sopra,BG,Bergamo,Lombardia,45.68338,9.559751
Bonate Sotto,BG,Bergamo,Lombardia,45.666784,9.561388
Bonavigo,VR,Verona,Veneto,45.257573,11.279332
Bondeno,FE,Ferrara,Emilia-Romagna,44.886177,11.410807
Bondone,TN,Trento,Trentino-Alto Adige/Südtirol,45.80623,10.551537
Bonea,BN,Benevento,Campania,41.075206,14.618001
Bonefro,CB,Campobasso,Molise,41.704533,14.933334
Bonemerse,CR,Cremona,Lombardia,45.11367,10.077473
Bonifati,CS,Cosenza,Calabria,39.585296,15.900282
Bonito,AV,Avellino,Campania,41.09772,15.001344
Bonnanaro,SS,Sassari,Sardegna,40.533359,8.76442
Bono,SS,Sassari,Sardegna,40.41683,9.029993
Bonorva,SS,Sassari,Sardegna,40.418757,8.768121
Bonvicino,CN,Cuneo,Piemonte,44.503537,8.01754
Borbona,RI,Rieti,Lazio,42.512536,13.135983
Borca di Cadore,BL,Belluno,Veneto,46.436423,12.219598
Bordano,UD,Udine,Friuli-Venezia Giulia,46.315327,13.104621
Bordighera,IM,Imperia,Liguria,43.785051,7.659109
Bordolano,CR,Cremona,Lombardia,45.293985,9.98671
Bore,PR,Parma,Emilia-Romagna,44.718658,9.792074
Boretto,RE,Reggio nell'Emilia,Emilia-Romagna,44.90187,10.554287
Borgarello,PV,Pavia,Lombardia,45.240665,9.14055
Borgaro Torinese,TO,Torino,Piemonte,45.152145,7.657973
Borgetto,PA,Palermo,Sicilia,38.047103,13.142684
Borghetto d'Arroscia,IM,Imperia,Liguria,44.057726,7.981747
Borghetto di Borbera,AL,Alessandria,Piemonte,44.730892,8.945331
Borghetto di Vara,SP,La Spezia,Liguria,44.223847,9.721518
Borghetto Lodigiano,LO,Lodi,Lombardia,45.213268,9.499683
Borghetto Santo Spirito,SV,Savona,Liguria,44.114446,8.235328
Borghi,FC,Forlì-Cesena,Emilia-Romagna,44.031591,12.354389
Borgia,CZ,Catanzaro,Calabria,38.826186,16.508804
Borgiallo,TO,Torino,Piemonte,45.417055,7.668515
Borgio Verezzi,SV,Savona,Liguria,44.164968,8.306662
Borgo a Mozzano,LU,Lucca,Toscana,43.978948,10.545703
Borgo Chiese,TN,Trento,Trentino-Alto Adige/Südtirol,45.892362,10.561974
Borgo d'Ale,VC,Vercelli,Piemonte,45.349435,8.053102
Borgo d'Anaunia,TN,Trento,Trentino-Alto Adige/Südtirol,46.463185,11.149124
Borgo di Terzo,BG,Bergamo,Lombardia,45.721786,9.894848
Borgo Lares,TN,Trento,Trentino-Alto Adige/Südtirol,46.00461,10.72732
Borgo Mantovano,MN,Mantova,Lombardia,45.026484,11.121971
Borgo Pace,PU,Pesaro e Urbino,Marche,43.657084,12.293588
Borgo Priolo,PV,Pavia,Lombardia,44.966449,9.148504
Borgo San Dalmazzo,CN,Cuneo,Piemonte,44.328652,7.487456
Borgo San Giacomo,BS,Brescia,Lombardia,45.346975,9.968467
Borgo San Giovanni,LO,Lodi,Lombardia,45.278042,9.435836
Borgo San Lorenzo,FI,Firenze,Toscana,43.954248,11.386468
Borgo San Martino,AL,Alessandria,Piemonte,45.090963,8.525829
Borgo San Siro,PV,Pavia,Lombardia,45.234969,8.913361
Borgo Ticino,NO,Novara,Piemonte,45.689268,8.60183
Borgo Tossignano,BO,Bologna,Emilia-Romagna,44.27569,11.589844
Borgo Val di Taro,PR,Parma,Emilia-Romagna,44.487053,9.765777
Borgo Valbelluna,BL,Belluno,Veneto,46.061795,12.079349
Borgo Valsugana,TN,Trento,Trentino-Alto Adige/Südtirol,46.053346,11.4566
Borgo Velino,RI,Rieti,Lazio,42.406033,13.059283
Borgo Veneto,PD,Padova,Veneto,45.213452,11.541421
Borgo Vercelli,VC,Vercelli,Piemonte,45.357862,8.463033
Borgo Virgilio,MN,Mantova,Lombardia,45.088107,10.785801
Borgocarbonara,MN,Mantova,Lombardia,45.034383,11.214786
Borgofranco d'Ivrea,TO,Torino,Piemonte,45.51286,7.858017
Borgolavezzaro,NO,Novara,Piemonte,45.319663,8.699539
Borgomale,CN,Cuneo,Piemonte,44.620341,8.13224
Borgomanero,NO,Novara,Piemonte,45.698911,8.462367
Borgomaro,IM,Imperia,Liguria,43.974924,7.945147
Borgomasino,TO,Torino,Piemonte,45.363257,7.987523
Borgomezzavalle,VB,Verbano-Cusio-Ossola,Piemonte,46.047315,8.199445
Borgone Susa,TO,Torino,Piemonte,45.122844,7.239712
Borgonovo Val Tidone,PC,Piacenza,Emilia-Romagna,45.014362,9.443461
Borgoratto Alessandrino,AL,Alessandria,Piemonte,44.83625,8.538545
Borgoratto Mormorolo,PV,Pavia,Lombardia,44.930658,9.193257
Borgoricco,PD,Padova,Veneto,45.533561,11.965879
Borgorose,RI,Rieti,Lazio,42.193354,13.233818
Borgosatollo,BS,Brescia,Lombardia,45.477262,10.240811
Borgosesia,VC,Vercelli,Piemonte,45.716668,8.276857
Bormida,SV,Savona,Liguria,44.278261,8.234199
Bormio,SO,Sondrio,Lombardia,46.469244,10.372216
Bornasco,PV,Pavia,Lombardia,45.266566,9.217951
Borno,BS,Brescia,Lombardia,45.94733,10.206404
Boroneddu,OR,Oristano,Sardegna,40.113052,8.871028
Borore,NU,Nuoro,Sardegna,40.216854,8.803725
Borrello,CH,Chieti,Abruzzo,41.918932,14.304417
Borriana,BI,Biella,Piemonte,45.506161,8.038621
Borso del Grappa,TV,Treviso,Veneto,45.821025,11.799316
Bortigali,NU,Nuoro,Sardegna,40.282855,8.836225
Bortigiadas,SS,Sassari,Sardegna,40.891351,9.043058
Borutta,SS,Sassari,Sardegna,40.522359,8.743519
Borzonasca,GE,Genova,Liguria,44.422248,9.38657
Bosa,OR,Oristano,Sardegna,40.297006,8.498612
Bosaro,RO,Rovigo,Veneto,45.0008,11.766536
Boschi Sant'Anna,VR,Verona,Veneto,45.21891,11.358328
Bosco Chiesanuova,VR,Verona,Veneto,45.622102,11.029517
Bosco Marengo,AL,Alessandria,Piemonte,44.825551,8.677248
Bosconero,TO,Torino,Piemonte,45.26755,7.7666
Boscoreale,NA,Napoli,Campania,40.77404,14.477432
Boscotrecase,NA,Napoli,Campania,40.77431,14.462036
Bosia,CN,Cuneo,Piemonte,44.602359,8.147252
Bosio,AL,Alessandria,Piemonte,44.650033,8.792389
Bosisio Parini,LC,Lecco,Lombardia,45.80228,9.290743
Bosnasco,PV,Pavia,Lombardia,45.064363,9.358477
Bossico,BG,Bergamo,Lombardia,45.828388,10.045059
Bossolasco,CN,Cuneo,Piemonte,44.529338,8.05094
Botricello,CZ,Catanzaro,Calabria,38.93199,16.85831
Botrugno,LE,Lecce,Puglia,40.064722,18.32443
Bottanuco,BG,Bergamo,Lombardia,45.639878,9.506451
Botticino,BS,Brescia,Lombardia,45.543262,10.323184
Bottidda,SS,Sassari,Sardegna,40.391459,9.008527
Bova,RC,Reggio Calabria,Calabria,37.995067,15.931901
Bova Marina,RC,Reggio Calabria,Calabria,37.930625,15.917452
Bovalino,RC,Reggio Calabria,Calabria,38.148971,16.174004
Bovegno,BS,Brescia,Lombardia,45.793307,10.273756
Boves,CN,Cuneo,Piemonte,44.329626,7.551894
Bovezzo,BS,Brescia,Lombardia,45.593137,10.24348
Boville Ernica,FR,Frosinone,Lazio,41.64252,13.472703
Bovino,FG,Foggia,Puglia,41.249926,15.341249
Bovisio-Masciago,MB,Monza e della Brianza,Lombardia,45.6109,9.151857
Bovolenta,PD,Padova,Veneto,45.270375,11.935086
Bovolone,VR,Verona,Veneto,45.25781,11.120366
Bozzole,AL,Alessandria,Piemonte,45.070192,8.606488
Bozzolo,MN,Mantova,Lombardia,45.102474,10.483982
Bra,CN,Cuneo,Piemonte,44.697678,7.854271
Bracca,BG,Bergamo,Lombardia,45.823886,9.707871
Bracciano,RM,Roma,Lazio,42.101095,12.173857
Bracigliano,SA,Salerno,Campania,40.823512,14.705441
Braies,BZ,Bolzano/Bozen,Trentino-Alto Adige/Südtirol,46.688625,12.103757
Brallo di Pregola,PV,Pavia,Lombardia,44.738186,9.28137
Brancaleone,RC,Reggio Calabria,Calabria,37.962968,16.100405
Brandico,BS,Brescia,Lombardia,45.454178,10.052666
Brandizzo,TO,Torino,Piemonte,45.176606,7.838004
Branzi,BG,Bergamo,Lombardia,46.005377,9.759974
Braone,BS,Brescia,Lombardia,45.990034,10.34319
Brebbia,VA,Varese,Lombardia,45.828539,8.650052
Breda di Piave,TV,Treviso,Veneto,45.723727,12.331235
Bregano,VA,Varese,Lombardia,45.825077,8.688786
Breganze,VI,Vicenza,Veneto,45.708144,11.564767
Bregnano,CO,Como,Lombardia,45.698661,9.060961
Brembate,BG,Bergamo,Lombardia,45.603928,9.555598
Brembate di Sopra,BG,Bergamo,Lombardia,45.716763,9.579416
Brembio,LO,Lodi,Lombardia,45.214568,9.57146
Breme,PV,Pavia,Lombardia,45.126922,8.623567
Brendola,VI,Vicenza,Veneto,45.472122,11.44697
Brenna,CO,Como,Lombardia,45.742978,9.187142
Brennero,BZ,Bolzano/Bozen,Trentino-Alto Adige/Südtirol,47.00378,11.504557
Breno,BS,Brescia,Lombardia,45.956324,10.30404
Brenta,VA,Varese,Lombardia,45.89318,8.685101
Brentino Belluno,VR,Verona,Veneto,45.667941,10.881419
Brentonico,TN,Trento,Trentino-Alto Adige/Südtirol,45.818774,10.956013
Brenzone sul Garda,VR,Verona,Veneto,45.692861,10.772012
Brescello,RE,Reggio nell'Emilia,Emilia-Romagna,44.901224,10.515728
Brescia,BS,Brescia,Lombardia,45.77958,10.425873
Bresimo,TN,Trento,Trentino-Alto Adige/Südtirol,46.423298,10.92869
Bressana Bottarone,PV,Pavia,Lombardia,45.083601,9.122253
Bressanone,BZ,Bolzano/Bozen,Trentino-Alto Adige/Südtirol,46.716549,11.657851
Bressanvido,VI,Vicenza,Veneto,45.645976,11.632999
Bresso,MI,Milano,Lombardia,45.53668,9.18773
Brezzo di Bedero,VA,Varese,Lombardia,45.977696,8.717908
Briaglia,CN,Cuneo,Piemonte,44.395676,7.876004
Briatico,VV,Vibo Valentia,Calabria,38.725981,16.032895
Bricherasio,TO,Torino,Piemonte,44.823409,7.305296
Brienno,CO,Como,Lombardia,45.91144,9.131272
Brienza,PZ,Potenza,Basilicata,40.477849,15.630151
Briga Alta,CN,Cuneo,Piemonte,44.14893,7.73051
Briga Novarese,NO,Novara,Piemonte,45.731871,8.456726
Brignano Gera d'Adda,BG,Bergamo,Lombardia,45.545519,9.648953
Brignano-Frascata,AL,Alessandria,Piemonte,44.810065,9.042552
Brindisi,BR,Brindisi,Puglia,40.636227,17.688501
Brindisi Montagna,PZ,Potenza,Basilicata,40.609517,15.939771
Brinzio,VA,Varese,Lombardia,45.88911,8.790413
Briona,NO,Novara,Piemonte,45.542466,8.47973
Brione,BS,Brescia,Lombardia,45.642923,10.146156
Briosco,MB,Monza e della Brianza,Lombardia,45.710077,9.240644
Brisighella,RA,Ravenna,Emilia-Romagna,44.22214,11.772226
Brissago-Valtravaglia,VA,Varese,Lombardia,45.948567,8.747233
Brissogne,AO,Valle d'Aosta/Vallée d'Aoste,Valle d'Aosta/Vallée d'Aoste,45.72852,7.406663
Brittoli,PE,Pescara,Abruzzo,42.317338,13.861602
Brivio,LC,Lecco,Lombardia,45.741969,9.444142
Broccostella,FR,Frosinone,Lazio,41.699723,13.635305
Brogliano,VI,Vicenza,Veneto,45.588786,11.364543
Brognaturo,VV,Vibo Valentia,Calabria,38.601281,16.341403
Brolo,ME,Messina,Sicilia,38.155362,14.829575
Brondello,CN,Cuneo,Piemonte,44.600734,7.405925
Broni,PV,Pavia,Lombardia,45.062162,9.261191
Bronte,CT,Catania,Sicilia,37.78716,14.833845
Bronzolo,BZ,Bolzano/Bozen,Trentino-Alto Adige/Südtirol,46.404262,11.320055
Brossasco,CN,Cuneo,Piemonte,44.569837,7.361615
Brosso,TO,Torino,Piemonte,45.492502,7.803288
Brovello-Carpugnino,VB,Verbano-Cusio-Ossola,Piemonte,45.851801,8.539622
Brozolo,TO,Torino,Piemonte,45.117436,8.073603
Brugherio,MB,Monza e della Brianza,Lombardia,45.550749,9.301222
Brugine,PD,Padova,Veneto,45.296592,11.995113
Brugnato,SP,La Spezia,Liguria,44.237097,9.724035
Brugnera,PN,Pordenone,Friuli-Venezia Giulia,45.90351,12.525989
Bruino,TO,Torino,Piemonte,45.021152,7.468551
Brumano,BG,Bergamo,Lombardia,45.855083,9.500547
Brunate,CO,Como,Lombardia,45.81947,9.09599
Brunello,VA,Varese,Lombardia,45.765371,8.797365
Brunico,BZ,Bolzano/Bozen,Trentino-Alto Adige/Südtirol,46.796319,11.935512
Bruno,AT,Asti,Piemonte,44.793248,8.440543
Brusaporto,BG,Bergamo,Lombardia,45.670846,9.761354
Brusasco,TO,Torino,Piemonte,45.155492,8.060103
Brusciano,NA,Napoli,Campania,40.923212,14.423933
Brusimpiano,VA,Varese,Lombardia,45.947756,8.889216
Brusnengo,BI,Biella,Piemonte,45.593865,8.251924
Brusson,AO,Valle d'Aosta/Vallée d'Aoste,Valle d'Aosta/Vallée d'Aoste,45.759342,7.730447
Bruzolo,TO,Torino,Piemonte,45.142226,7.195648
Bruzzano Zeffirio,RC,Reggio Calabria,Calabria,38.013268,16.082604
Bubbiano,MI,Milano,Lombardia,45.327266,9.014546
Bubbio,AT,Asti,Piemonte,44.663673,8.295134
Buccheri,SR,Siracusa,Sicilia,37.126491,14.85038
Bucchianico,CH,Chieti,Abruzzo,42.30484,14.181009
Bucciano,BN,Benevento,Campania,41.076113,14.572337
Buccinasco,MI,Milano,Lombardia,45.41715,9.109788
Buccino,SA,Salerno,Campania,40.632913,15.369658
Bucine,AR,Arezzo,Toscana,43.479199,11.616975
Buddusò,SS,Sassari,Sardegna,40.578064,9.258129
Budoia,PN,Pordenone,Friuli-Venezia Giulia,46.042962,12.532586
Budoni,SS,Sassari,Sardegna,40.707631,9.69949
Budrio,BO,Bologna,Emilia-Romagna,44.537863,11.535498
Buggerru,SU,Sud Sardegna,Sardegna,39.397397,8.402182
Buggiano,PT,Pistoia,Toscana,43.899935,10.726569
Buglio in Monte,SO,Sondrio,Lombardia,46.182788,9.674828
Bugnara,AQ,L'Aquila,Abruzzo,42.022132,13.861598
Buguggiate,VA,Varese,Lombardia,45.785997,8.80499
Buja,UD,Udine,Friuli-Venezia Giulia,46.206677,13.118557
Bulciago,LC,Lecco,Lombardia,45.754703,9.291047
Bulgarograsso,CO,Como,Lombardia,45.747076,9.006438
Bultei,SS,Sassari,Sardegna,40.456211,9.064444
Bulzi,SS,Sassari,Sardegna,40.847366,8.830016
Buonabitacolo,SA,Salerno,Campania,40.271308,15.619968
Buonalbergo,BN,Benevento,Campania,41.223077,14.979821
Buonconvento,SI,Siena,Toscana,43.137583,11.48132
Buonvicino,CS,Cosenza,Calabria,39.690177,15.883999
Burago di Molgora,MB,Monza e della Brianza,Lombardia,45.59666,9.377706
Burcei,SU,Sud Sardegna,Sardegna,39.342642,9.359548
Burgio,AG,Agrigento,Sicilia,37.599442,13.29015
Burgos,SS,Sassari,Sardegna,40.389978,8.995335
Buriasco,TO,Torino,Piemonte,44.87364,7.41032
Burolo,TO,Torino,Piemonte,45.48116,7.93392
Buronzo,VC,Vercelli,Piemonte,45.480862,8.267128
Busachi,OR,Oristano,Sardegna,40.032651,8.896729
Busalla,GE,Genova,Liguria,44.573483,8.9433
Busano,TO,Torino,Piemonte,45.329438,7.655732
Busca,CN,Cuneo,Piemonte,44.518132,7.474328
Buscate,MI,Milano,Lombardia,45.544916,8.812943
Buscemi,SR,Siracusa,Sicilia,37.085471,14.884201
Buseto Palizzolo,TP,Trapani,Sicilia,38.012506,12.711586
Busnago,MB,Monza e della Brianza,Lombardia,45.616184,9.46567
Bussero,MI,Milano,Lombardia,45.536676,9.372003
Busseto,PR,Parma,Emilia-Romagna,44.980567,10.042075
Bussi sul Tirino,PE,Pescara,Abruzzo,42.213035,13.826202
Busso,CB,Campobasso,Molise,41.556251,14.558531
Bussolengo,VR,Verona,Veneto,45.474131,10.846248
Bussoleno,TO,Torino,Piemonte,45.139271,7.147717
Busto Arsizio,VA,Varese,Lombardia,45.611906,8.852052
Busto Garolfo,MI,Milano,Lombardia,45.545558,8.88327
Butera,CL,Caltanissetta,Sicilia,37.190354,14.183489
Buti,PI,Pisa,Toscana,43.727302,10.587717
Buttapietra,VR,Verona,Veneto,45.34209,10.99859
Buttigliera Alta,TO,Torino,Piemonte,45.068804,7.434488
Buttigliera d'Asti,AT,Asti,Piemonte,45.022638,7.950799
Buttrio,UD,Udine,Friuli-Venezia Giulia,46.010421,13.333831
Cabella Ligure,AL,Alessandria,Piemonte,44.673751,9.09576
Cabiate,CO,Como,Lombardia,45.674176,9.173743
Cabras,OR,Oristano,Sardegna,39.930314,8.532054
Caccamo,PA,Palermo,Sicilia,37.9318,13.66349
Caccuri,KR,Crotone,Calabria,39.227416,16.778569
Cadegliano-Viconago,VA,Varese,Lombardia,45.9646,8.830903
Cadelbosco di Sopra,RE,Reggio nell'Emilia,Emilia-Romagna,44.763319,10.595182
Cadeo,PC,Piacenza,Emilia-Romagna,44.975365,9.83107
Caderzone Terme,TN,Trento,Trentino-Alto Adige/Südtirol,46.130202,10.75747
Cadoneghe,PD,Padova,Veneto,45.458648,11.920175
Cadorago,CO,Como,Lombardia,45.724609,9.038219
Cadrezzate con Osmate,VA,Varese,Lombardia,45.789909,8.649289
Caerano di San Marco,TV,Treviso,Veneto,45.78591,12.001038
Cafasse,TO,Torino,Piemonte,45.24596,7.517235
Caggiano,SA,Salerno,Campania,40.567813,15.493361
Cagli,PU,Pesaro e Urbino,Marche,43.545737,12.651788
Cagliari,CA,Cagliari,Sardegna,39.216953,9.112851
Caglio,CO,Como,Lombardia,45.87165,9.238268
Cagnano Amiterno,AQ,L'Aquila,Abruzzo,42.455168,13.232189
Cagnano Varano,FG,Foggia,Puglia,41.828742,15.773151
Caianello,CE,Caserta,Campania,41.300234,14.088442
Caiazzo,CE,Caserta,Campania,41.178322,14.364948
Caines,BZ,Bolzano/Bozen,Trentino-Alto Adige/Südtirol,46.69948,11.169487
Caino,BS,Brescia,Lombardia,45.612677,10.315085
Caiolo,SO,Sondrio,Lombardia,46.149994,9.814548
Cairano,AV,Avellino,Campania,40.896819,15.370354
Cairate,VA,Varese,Lombardia,45.690919,8.872461
Cairo Montenotte,SV,Savona,Liguria,44.399268,8.274561
Caivano,NA,Napoli,Campania,40.957112,14.31023
Calabritto,AV,Avellino,Campania,40.782215,15.223953
Calalzo di Cadore,BL,Belluno,Veneto,46.446715,12.380385
Calamandrana,AT,Asti,Piemonte,44.737016,8.334154
Calamonaci,AG,Agrigento,Sicilia,37.52614,13.289851
Calangianus,SS,Sassari,Sardegna,40.919774,9.194819
Calanna,RC,Reggio Calabria,Calabria,38.183669,15.723094
Calasca-Castiglione,VB,Verbano-Cusio-Ossola,Piemonte,45.99173,8.193377
Calascibetta,EN,Enna,Sicilia,37.590191,14.271972
Calascio,AQ,L'Aquila,Abruzzo,42.32595,13.69736
Calasetta,SU,Sud Sardegna,Sardegna,39.110814,8.368264
Calatabiano,CT,Catania,Sicilia,37.822445,15.227636
Calatafimi-Segesta,TP,Trapani,Sicilia,37.913638,12.861893
Calcata,VT,Viterbo,Lazio,42.219726,12.425942
Calceranica al Lago,TN,Trento,Trentino-Alto Adige/Südtirol,46.004241,11.242883
Calci,PI,Pisa,Toscana,43.725799,10.515281
Calciano,MT,Matera,Basilicata,40.588018,16.192376
Calcinaia,PI,Pisa,Toscana,43.683201,10.615308
Calcinate,BG,Bergamo,Lombardia,45.619721,9.798877
Calcinato,BS,Brescia,Lombardia,45.457182,10.413574
Calcio,BG,Bergamo,Lombardia,45.50921,9.850979
Calco,LC,Lecco,Lombardia,45.724868,9.415905
Caldaro sulla strada del vino,BZ,Bolzano/Bozen,Trentino-Alto Adige/Südtirol,46.413259,11.246202
Caldarola,MC,Macerata,Marche,43.138534,13.224835
Calderara di Reno,BO,Bologna,Emilia-Romagna,44.563052,11.271693
Caldes,TN,Trento,Trentino-Alto Adige/Südtirol,46.365389,10.94258
Caldiero,VR,Verona,Veneto,45.414388,11.177392
Caldogno,VI,Vicenza,Veneto,45.611836,11.50758
Caldonazzo,TN,Trento,Trentino-Alto Adige/Südtirol,45.991523,11.262133
Calendasco,PC,Piacenza,Emilia-Romagna,45.087265,9.596063
Calenzano,FI,Firenze,Toscana,43.865249,11.167368
Calestano,PR,Parma,Emilia-Romagna,44.6007,10.122994
Calice al Cornoviglio,SP,La Spezia,Liguria,44.243152,9.836671
Calice Ligure,SV,Savona,Liguria,44.204933,8.295351
Calimera,LE,Lecce,Puglia,40.250022,18.280727
Calitri,AV,Avellino,Campania,40.902119,15.430556
Calizzano,SV,Savona,Liguria,44.236881,8.11447
Callabiana,BI,Biella,Piemonte,45.631365,8.09722
Calliano,AT,Asti,Piemonte,45.007826,8.25694
Calliano,TN,Trento,Trentino-Alto Adige/Südtirol,45.933851,11.093758
Calolziocorte,LC,Lecco,Lombardia,45.801472,9.432979
Calopezzati,CS,Cosenza,Calabria,39.560673,16.801158
Calosso,AT,Asti,Piemonte,44.739837,8.227501
Caloveto,CS,Cosenza,Calabria,39.50585,16.759549
Caltabellotta,AG,Agrigento,Sicilia,37.577341,13.216548
Caltagirone,CT,Catania,Sicilia,37.237201,14.513202
Caltanissetta,CL,Caltanissetta,Sicilia,37.489941,14.063162
Caltavuturo,PA,Palermo,Sicilia,37.821066,13.890224
Caltignaga,NO,Novara,Piemonte,45.516976,8.587782
Calto,RO,Rovigo,Veneto,44.991498,11.356471
Caltrano,VI,Vicenza,Veneto,45.770615,11.460801
Calusco d'Adda,BG,Bergamo,Lombardia,45.691379,9.472649
Caluso,TO,Torino,Piemonte,45.304955,7.895722
Calvagese della Riviera,BS,Brescia,Lombardia,45.54004,10.445833
Calvanico,SA,Salerno,Campania,40.775212,14.827944
Calvatone,CR,Cremona,Lombardia,45.128574,10.441281
Calvello,PZ,Potenza,Basilicata,40.476014,15.84857
Calvene,VI,Vicenza,Veneto,45.766846,11.513017
Calvenzano,BG,Bergamo,Lombardia,45.494981,9.601286
Calvera,PZ,Potenza,Basilicata,40.149509,16.143881
Calvi,BN,Benevento,Campania,41.071619,14.865241
Calvi dell'Umbria,TR,Terni,Umbria,42.403124,12.567432
Calvi Risorta,CE,Caserta,Campania,41.216538,14.128731
Calvignano,PV,Pavia,Lombardia,44.982744,9.168163
Calvignasco,MI,Milano,Lombardia,45.325966,9.027746
Calvisano,BS,Brescia,Lombardia,45.348052,10.345921
Calvizzano,NA,Napoli,Campania,40.905696,14.19329
Camagna Monferrato,AL,Alessandria,Piemonte,45.017653,8.429739
Camaiore,LU,Lucca,Toscana,43.938061,10.303955
Camandona,BI,Biella,Piemonte,45.644165,8.09972
Camastra,AG,Agrigento,Sicilia,37.252294,13.7936
Cambiago,MI,Milano,Lombardia,45.572544,9.426842
Cambiano,TO,Torino,Piemonte,44.971416,7.778698
Cambiasca,VB,Verbano-Cusio-Ossola,Piemonte,45.962377,8.544624
Camburzano,BI,Biella,Piemonte,45.543668,8.003131
Camerana,CN,Cuneo,Piemonte,44.424036,8.141444
Camerano,AN,Ancona,Marche,43.531268,13.551574
Camerano Casasco,AT,Asti,Piemonte,44.991013,8.091198
Camerata Cornello,BG,Bergamo,Lombardia,45.898686,9.656349
Camerata Nuova,RM,Roma,Lazio,42.019071,13.107942
Camerata Picena,AN,Ancona,Marche,43.578135,13.352735
Cameri,NO,Novara,Piemonte,45.499674,8.660451
Camerino,MC,Macerata,Marche,43.135764,13.068309
Camerota,SA,Salerno,Campania,40.032501,15.372765
Camigliano,CE,Caserta,Campania,41.179816,14.209525
Camini,RC,Reggio Calabria,Calabria,38.432257,16.481958
Camino,AL,Alessandria,Piemonte,45.162142,8.287403
Camino al Tagliamento,UD,Udine,Friuli-Venezia Giulia,45.927016,12.945124
Camisano,CR,Cremona,Lombardia,45.443275,9.74576
Camisano Vicentino,VI,Vicenza,Veneto,45.522021,11.713344
Cammarata,AG,Agrigento,Sicilia,37.633825,13.637745
Camogli,GE,Genova,Liguria,44.349247,9.158863
Campagna,SA,Salerno,Campania,40.664729,15.107145
Campagna Lupia,VE,Venezia,Veneto,45.354994,12.096814
Campagnano di Roma,RM,Roma,Lazio,42.141078,12.383669
Campagnatico,GR,Grosseto,Toscana,42.883729,11.273537
Campagnola Cremasca,CR,Cremona,Lombardia,45.398474,9.669459
Campagnola Emilia,RE,Reggio nell'Emilia,Emilia-Romagna,44.83927,10.757093
Campana,CS,Cosenza,Calabria,39.412448,16.822564
Camparada,MB,Monza e della Brianza,Lombardia,45.655977,9.319646
Campegine,RE,Reggio nell'Emilia,Emilia-Romagna,44.781734,10.528419
Campello sul Clitunno,PG,Perugia,Umbria,42.822868,12.776263
Campertogno,VC,Vercelli,Piemonte,45.798953,8.032153
Campi Bisenzio,FI,Firenze,Toscana,43.821634,11.136678
Campi Salentina,LE,Lecce,Puglia,40.398496,18.018319
Campiglia Cervo,BI,Biella,Piemonte,45.662808,7.999942
Campiglia dei Berici,VI,Vicenza,Veneto,45.336242,11.539489
Campiglia Marittima,LI,Livorno,Toscana,43.060628,10.615496
Campiglione Fenile,TO,Torino,Piemonte,44.804598,7.322313
Campione d'Italia,CO,Como,Lombardia,45.968081,8.971033
Campitello di Fassa,TN,Trento,Trentino-Alto Adige/Südtirol,46.476168,11.741525
Campli,TE,Teramo,Abruzzo,42.726231,13.686284
Campo Calabro,RC,Reggio Calabria,Calabria,38.216069,15.659192
Campo di Giove,AQ,L'Aquila,Abruzzo,42.010132,14.03941
Campo di Trens,BZ,Bolzano/Bozen,Trentino-Alto Adige/Südtirol,46.857187,11.508955
Campo Ligure,GE,Genova,Liguria,44.537644,8.698153
Campo nell'Elba,LI,Livorno,Toscana,42.758772,10.19897
Campo San Martino,PD,Padova,Veneto,45.544396,11.810404
Campo Tures,BZ,Bolzano/Bozen,Trentino-Alto Adige/Südtirol,46.919236,11.955182
Campobasso,CB,Campobasso,Molise,41.717265,14.826227
Campobello di Licata,AG,Agrigento,Sicilia,37.25844,13.918266
Campobello di Mazara,TP,Trapani,Sicilia,37.635838,12.744338
Campochiaro,CB,Campobasso,Molise,41.447524,14.508928
Campodarsego,PD,Padova,Veneto,45.502855,11.907496
Campodenno,TN,Trento,Trentino-Alto Adige/Südtirol,46.257827,11.0332
Campodimele,LT,Latina,Lazio,41.390446,13.530336
Campodipietra,CB,Campobasso,Molise,41.557028,14.746032
Campodolcino,SO,Sondrio,Lombardia,46.405986,9.351942
Campodoro,PD,Padova,Veneto,45.490294,11.752004
Campofelice di Fitalia,PA,Palermo,Sicilia,37.826685,13.485936
Campofelice di Roccella,PA,Palermo,Sicilia,37.992334,13.886183
Campofilone,FM,Fermo,Marche,43.079469,13.814786
Campofiorito,PA,Palermo,Sicilia,37.753636,13.268767
Campoformido,UD,Udine,Friuli-Venezia Giulia,46.01932,13.162427
Campofranco,CL,Caltanissetta,Sicilia,37.510479,13.711044
Campogalliano,MO,Modena,Emilia-Romagna,44.690512,10.840734
Campolattaro,BN,Benevento,Campania,41.286622,14.729435
Campoli Appennino,FR,Frosinone,Lazio,41.737917,13.67848
Campoli del Monte Taburno,BN,Benevento,Campania,41.131518,14.645935
Campolieto,CB,Campobasso,Molise,41.632479,14.765437
Campolongo Maggiore,VE,Venezia,Veneto,45.330536,12.048313
Campolongo Tapogliano,UD,Udine,Friuli-Venezia Giulia,45.86849,13.403755
Campomaggiore,PZ,Potenza,Basilicata,40.566012,16.073217
Campomarino,CB,Campobasso,Molise,41.956269,15.034344
Campomorone,GE,Genova,Liguria,44.507337,8.89011
Camponogara,VE,Venezia,Veneto,45.385068,12.072122
Campora,SA,Salerno,Campania,40.305406,15.29236
Camporeale,PA,Palermo,Sicilia,37.897145,13.093842
Camporgiano,LU,Lucca,Toscana,44.158056,10.335151
Camporosso,IM,Imperia,Liguria,43.815101,7.628418
Camporotondo di Fiastrone,MC,Macerata,Marche,43.132451,13.265977
Camporotondo Etneo,CT,Catania,Sicilia,37.56759,15.005131
Camposampiero,PD,Padova,Veneto,45.57176,11.931929
Camposano,NA,Napoli,Campania,40.953743,14.529154
Camposanto,MO,Modena,Emilia-Romagna,44.790101,11.137808
Campospinoso,PV,Pavia,Lombardia,45.094424,9.244955
Campotosto,AQ,L'Aquila,Abruzzo,42.558839,13.367987
Camugnano,BO,Bologna,Emilia-Romagna,44.170457,11.088812
Canal San Bovo,TN,Trento,Trentino-Alto Adige/Südtirol,46.154846,11.732955
Canale,CN,Cuneo,Piemonte,44.798544,7.997334
Canale d'Agordo,BL,Belluno,Veneto,46.360668,11.914832
Canale Monterano,RM,Roma,Lazio,42.136043,12.103066
Canaro,RO,Rovigo,Veneto,44.935472,11.676738
Canazei,TN,Trento,Trentino-Alto Adige/Südtirol,46.476881,11.771075
Cancellara,PZ,Potenza,Basilicata,40.730219,15.925769
Cancello ed Arnone,CE,Caserta,Campania,41.074112,14.027423
Canda,RO,Rovigo,Veneto,45.034356,11.505648
Candela,FG,Foggia,Puglia,41.137925,15.514654
Candelo,BI,Biella,Piemonte,45.546208,8.112599
Candia Canavese,TO,Torino,Piemonte,45.327755,7.885121
Candia Lomellina,PV,Pavia,Lombardia,45.178758,8.59484
Candiana,PD,Padova,Veneto,45.22109,11.989114
Candida,AV,Avellino,Campania,40.9423,14.875183
Candidoni,RC,Reggio Calabria,Calabria,38.505477,16.086298
Candiolo,TO,Torino,Piemonte,44.959244,7.601722
Canegrate,MI,Milano,Lombardia,45.570538,8.926792
Canelli,AT,Asti,Piemonte,44.719278,8.287138
Canepina,VT,Viterbo,Lazio,42.380961,12.233652
Caneva,PN,Pordenone,Friuli-Venezia Giulia,45.968662,12.448097
Canicattì,AG,Agrigento,Sicilia,37.358942,13.850364
Canicattini Bagni,SR,Siracusa,Sicilia,37.034928,15.062337
Canino,VT,Viterbo,Lazio,42.463963,11.749509
Canischio,TO,Torino,Piemonte,45.373987,7.596126
Canistro,AQ,L'Aquila,Abruzzo,41.932679,13.392085
Canna,CS,Cosenza,Calabria,40.093911,16.504289
Cannalonga,SA,Salerno,Campania,40.244298,15.293675
Cannara,PG,Perugia,Umbria,42.994742,12.579363
Cannero Riviera,VB,Verbano-Cusio-Ossola,Piemonte,46.02125,8.681398
Canneto Pavese,PV,Pavia,Lombardia,45.050462,9.278757
Canneto sull'Oglio,MN,Mantova,Lombardia,45.149405,10.379736
Cannobio,VB,Verbano-Cusio-Ossola,Piemonte,46.061808,8.697639
Cannole,LE,Lecce,Puglia,40.166225,18.36603
Canolo,RC,Reggio Calabria,Calabria,38.315043,16.199783
Canonica d'Adda,BG,Bergamo,Lombardia,45.575677,9.541653
Canosa di Puglia,BT,Barletta-Andria-Trani,Puglia,41.219631,16.067466
Canosa Sannita,CH,Chieti,Abruzzo,42.295461,14.300705
Canosio,CN,Cuneo,Piemonte,44.455827,7.082721
Canossa,RE,Reggio nell'Emilia,Emilia-Romagna,44.55356,10.411914
Cansano,AQ,L'Aquila,Abruzzo,42.004432,14.01191
Cantagallo,PO,Prato,Toscana,44.022193,11.079774
Cantalice,RI,Rieti,Lazio,42.467388,12.903792
Cantalupa,TO,Torino,Piemonte,44.945941,7.330317
Cantalupo in Sabina,RI,Rieti,Lazio,42.304732,12.650053
Cantalupo Ligure,AL,Alessandria,Piemonte,44.718152,9.044958
Cantalupo nel Sannio,IS,Isernia,Molise,41.521825,14.392925
Cantarana,AT,Asti,Piemonte,44.900516,8.030217
Cantello,VA,Varese,Lombardia,45.819946,8.894712
Canterano,RM,Roma,Lazio,41.942076,13.037315
Cantiano,PU,Pesaro e Urbino,Marche,43.474309,12.628815
Cantoira,TO,Torino,Piemonte,45.343349,7.380124
Cantù,CO,Como,Lombardia,45.739535,9.129103
Canzano,TE,Teramo,Abruzzo,42.646784,13.803143
Canzo,CO,Como,Lombardia,45.850641,9.274802
Caorle,VE,Venezia,Veneto,45.599004,12.888008
Caorso,PC,Piacenza,Emilia-Romagna,45.0496,9.874375
Capaccio Paestum,SA,Salerno,Campania,40.443862,15.040038
Capaci,PA,Palermo,Sicilia,38.170718,13.23917
Capalbio,GR,Grosseto,Toscana,42.454879,11.419515
Capannoli,PI,Pisa,Toscana,43.586731,10.674457
Capannori,LU,Lucca,Toscana,43.842039,10.573525
Capena,RM,Roma,Lazio,42.14015,12.540201
Capergnanica,CR,Cremona,Lombardia,45.337572,9.64336
Capestrano,AQ,L'Aquila,Abruzzo,42.267579,13.768656
Capiago Intimiano,CO,Como,Lombardia,45.770802,9.130032
Capistrano,VV,Vibo Valentia,Calabria,38.692282,16.289601
Capistrello,AQ,L'Aquila,Abruzzo,41.972727,13.399096
Capitignano,AQ,L'Aquila,Abruzzo,42.520203,13.300948
Capizzi,ME,Messina,Sicilia,37.848909,14.478473
Capizzone,BG,Bergamo,Lombardia,45.784482,9.56775
Capo d'Orlando,ME,Messina,Sicilia,38.159573,14.745073
Capo di Ponte,BS,Brescia,Lombardia,46.030996,10.345862
Capodimonte,VT,Viterbo,Lazio,42.546527,11.904755
Capodrise,CE,Caserta,Campania,41.04414,14.303337
Capoliveri,LI,Livorno,Toscana,42.743452,10.37878
Capolona,AR,Arezzo,Toscana,43.563998,11.858786
Caponago,MB,Monza e della Brianza,Lombardia,45.565438,9.375441
Caporciano,AQ,L'Aquila,Abruzzo,42.250317,13.673536
Caposele,AV,Avellino,Campania,40.816374,15.223939
Capoterra,CA,Cagliari,Sardegna,39.175313,8.97195
Capovalle,BS,Brescia,Lombardia,45.754435,10.54469
Cappadocia,AQ,L'Aquila,Abruzzo,41.981572,13.276609
Cappella Cantone,CR,Cremona,Lombardia,45.246858,9.838366
Cappella de' Picenardi,CR,Cremona,Lombardia,45.158573,10.229976
Cappella Maggiore,TV,Treviso,Veneto,45.96954,12.361669
Cappelle sul Tavo,PE,Pescara,Abruzzo,42.464742,14.101977
Capracotta,IS,Isernia,Molise,41.833903,14.264244
Capraia e Limite,FI,Firenze,Toscana,43.759563,10.9997
Capraia Isola,LI,Livorno,Toscana,43.04818,9.843401
Capralba,CR,Cremona,Lombardia,45.444075,9.643258
Capranica,VT,Viterbo,Lazio,42.256492,12.177611
Capranica Prenestina,RM,Roma,Lazio,41.862997,12.951802
Caprarica di Lecce,LE,Lecce,Puglia,40.258126,18.249026
Caprarola,VT,Viterbo,Lazio,42.326625,12.235766
Caprauna,CN,Cuneo,Piemonte,44.118902,7.950257
Caprese Michelangelo,AR,Arezzo,Toscana,43.639852,11.98484
Caprezzo,VB,Verbano-Cusio-Ossola,Piemonte,45.981978,8.562824
Capri,NA,Napoli,Campania,40.548775,14.228087
Capri Leone,ME,Messina,Sicilia,38.085874,14.730118
Capriana,TN,Trento,Trentino-Alto Adige/Südtirol,46.261913,11.338584
Capriano del Colle,BS,Brescia,Lombardia,45.454869,10.130348
Capriata d'Orba,AL,Alessandria,Piemonte,44.727849,8.69085
Capriate San Gervasio,BG,Bergamo,Lombardia,45.612578,9.528752
Capriati a Volturno,CE,Caserta,Campania,41.468622,14.14542
Caprie,TO,Torino,Piemonte,45.118845,7.331914
Capriglia Irpina,AV,Avellino,Campania,40.960316,14.77724
Capriglio,AT,Asti,Piemonte,45.004136,8.007991
Caprile,BI,Biella,Piemonte,45.689752,8.21626
Caprino Bergamasco,BG,Bergamo,Lombardia,45.74528,9.481748
Caprino Veronese,VR,Verona,Veneto,45.605938,10.795132
Capriolo,BS,Brescia,Lombardia,45.637256,9.933605
Capriva del Friuli,GO,Gorizia,Friuli-Venezia Giulia,45.941416,13.513629
Capua,CE,Caserta,Campania,41.107998,14.209718
Capurso,BA,Bari,Puglia,41.05032,16.916742
Caraffa del Bianco,RC,Reggio Calabria,Calabria,38.09267,16.086403
Caraffa di Catanzaro,CZ,Catanzaro,Calabria,38.881287,16.485603
Caraglio,CN,Cuneo,Piemonte,44.416989,7.43259
Caramagna Piemonte,CN,Cuneo,Piemonte,44.782241,7.739429
Caramanico Terme,PE,Pescara,Abruzzo,42.157038,14.002555
Carapelle,FG,Foggia,Puglia,41.365313,15.693676
Carapelle Calvisio,AQ,L'Aquila,Abruzzo,42.298647,13.683958
Carasco,GE,Genova,Liguria,44.349756,9.34565
Carassai,AP,Ascoli Piceno,Marche,43.032052,13.684987
Carate Brianza,MB,Monza e della Brianza,Lombardia,45.676549,9.237162
Carate Urio,CO,Como,Lombardia,45.88052,9.110496
Caravaggio,BG,Bergamo,Lombardia,45.49726,9.64374
Caravate,VA,Varese,Lombardia,45.877893,8.651989
Caravino,TO,Torino,Piemonte,45.398258,7.960322
Caravonica,IM,Imperia,Liguria,43.993025,7.958047
Carbognano,VT,Viterbo,Lazio,42.331625,12.264366
Carbonara al Ticino,PV,Pavia,Lombardia,45.165422,9.061957
Carbonara di Nola,NA,Napoli,Campania,40.874228,14.57863
Carbonara Scrivia,AL,Alessandria,Piemonte,44.8494,8.869654
Carbonate,CO,Como,Lombardia,45.683657,8.940016
Carbone,PZ,Potenza,Basilicata,40.142409,16.08938
Carbonera,TV,Treviso,Veneto,45.684838,12.285944
Carbonia,SU,Sud Sardegna,Sardegna,39.165332,8.527834
Carcare,SV,Savona,Liguria,44.357473,8.290162
Carceri,PD,Padova,Veneto,45.195001,11.620841
Carcoforo,VC,Vercelli,Piemonte,45.90875,8.049537
Cardano al Campo,VA,Varese,Lombardia,45.645717,8.772498
Cardè,CN,Cuneo,Piemonte,44.744438,7.477624
Cardedu,NU,Nuoro,Sardegna,39.797184,9.62473
Cardeto,RC,Reggio Calabria,Calabria,38.084567,15.766596
Cardinale,CZ,Catanzaro,Calabria,38.642336,16.38748
Cardito,NA,Napoli,Campania,40.942012,14.29943
Careggine,LU,Lucca,Toscana,44.119949,10.325396
Carema,TO,Torino,Piemonte,45.583302,7.810406
Carenno,LC,Lecco,Lombardia,45.803482,9.462047
Carentino,AL,Alessandria,Piemonte,44.828739,8.471299
Careri,RC,Reggio Calabria,Calabria,38.176571,16.117803
Caresana,VC,Vercelli,Piemonte,45.221263,8.506924
Caresanablot,VC,Vercelli,Piemonte,45.357613,8.388842
Carezzano,AL,Alessandria,Piemonte,44.806893,8.900179
Carfizzi,KR,Crotone,Calabria,39.30636,16.973792
Cargeghe,SS,Sassari,Sardegna,40.669461,8.614515
Cariati,CS,Cosenza,Calabria,39.49625,16.947448
Carife,AV,Avellino,Campania,41.028106,15.208662
Carignano,TO,Torino,Piemonte,44.906943,7.673225
Carimate,CO,Como,Lombardia,45.702976,9.110641
Carinaro,CE,Caserta,Campania,40.983584,14.218991
Carini,PA,Palermo,Sicilia,38.131172,13.181885
Carinola,CE,Caserta,Campania,41.170677,14.015459
Carisio,VC,Vercelli,Piemonte,45.40936,8.199027
Carisolo,TN,Trento,Trentino-Alto Adige/Südtirol,46.168776,10.759159
Carlantino,FG,Foggia,Puglia,41.592118,14.976765
Carlazzo,CO,Como,Lombardia,46.050003,9.1545
Carlentini,SR,Siracusa,Sicilia,37.275881,15.014978
Carlino,UD,Udine,Friuli-Venezia Giulia,45.80225,13.188223
Carloforte,SU,Sud Sardegna,Sardegna,39.142698,8.302664
Carlopoli,CZ,Catanzaro,Calabria,39.05669,16.4549
Carmagnola,TO,Torino,Piemonte,44.846947,7.717874
Carmiano,LE,Lecce,Puglia,40.344826,18.043021
Carmignano,PO,Prato,Toscana,43.814065,11.01903
Carmignano di Brenta,PD,Padova,Veneto,45.628771,11.699861
Carnago,VA,Varese,Lombardia,45.722849,8.835848
Carnate,MB,Monza e della Brianza,Lombardia,45.647281,9.379087
Carobbio degli Angeli,BG,Bergamo,Lombardia,45.665182,9.829158
Carolei,CS,Cosenza,Calabria,39.256292,16.220093
Carona,BG,Bergamo,Lombardia,46.141084,10.090007
Caronia,ME,Messina,Sicilia,38.024707,14.440584
Caronno Pertusella,VA,Varese,Lombardia,45.594935,9.050761
Caronno Varesino,VA,Varese,Lombardia,45.738636,8.831226
Carosino,TA,Taranto,Puglia,40.465824,17.397605
Carovigno,BR,Brindisi,Puglia,40.707185,17.656848
Carovilli,IS,Isernia,Molise,41.714248,14294
Carpaneto Piacentino,PC,Piacenza,Emilia-Romagna,44.915212,9.788095
Carpanzano,CS,Cosenza,Calabria,39.147491,16.303296
Carpegna,PU,Pesaro e Urbino,Marche,43.781434,12.336446
Carpenedolo,BS,Brescia,Lombardia,45.364606,10.429385
Carpeneto,AL,Alessandria,Piemonte,44.677202,8.606409
Carpi,MO,Modena,Emilia-Romagna,44.78357,10.885452
Carpiano,MI,Milano,Lombardia,45.340572,9.272733
Carpignano Salentino,LE,Lecce,Puglia,40.197781,18.340827
Carpignano Sesia,NO,Novara,Piemonte,45.534635,8.418519
Carpineti,RE,Reggio nell'Emilia,Emilia-Romagna,44.455961,10.519698
Carpineto della Nora,PE,Pescara,Abruzzo,42.333038,13.860802
Carpineto Romano,RM,Roma,Lazio,41.604413,13.084796
Carpineto Sinello,CH,Chieti,Abruzzo,42.012036,14.50502
Carpino,FG,Foggia,Puglia,41.844242,15.856153
Carpinone,IS,Isernia,Molise,41.590426,14.323322
Carrara,MS,Massa-Carrara,Toscana,44.07918,10.102353
Carrè,VI,Vicenza,Veneto,45.748384,11.459298
Carrega Ligure,AL,Alessandria,Piemonte,44.619046,9.175637
Carro,SP,La Spezia,Liguria,44.272824,9.607479
Carrodano,SP,La Spezia,Liguria,44.241962,9.655873
Carrosio,AL,Alessandria,Piemonte,44.658248,8.831554
Carrù,CN,Cuneo,Piemonte,44.481035,7.874437
Carsoli,AQ,L'Aquila,Abruzzo,42.098927,13.084888
Cartigliano,VI,Vicenza,Veneto,45.713054,11.694064
Cartignano,CN,Cuneo,Piemonte,44.477654,7.287771
Cartoceto,PU,Pesaro e Urbino,Marche,43.765663,12.883458
Cartosio,AL,Alessandria,Piemonte,44.591842,8.420131
Cartura,PD,Padova,Veneto,45.26839,11.85681
Carugate,MI,Milano,Lombardia,45.549774,9.343749
Carugo,CO,Como,Lombardia,45.709225,9.194574
Carunchio,CH,Chieti,Abruzzo,41.916634,14.526722
Carvico,BG,Bergamo,Lombardia,45.703779,9.482249
Carzano,TN,Trento,Trentino-Alto Adige/Südtirol,46.070325,11.493343
Casabona,KR,Crotone,Calabria,39.250284,16.960659
Casacalenda,CB,Campobasso,Molise,41.735812,14.846709
Casacanditella,CH,Chieti,Abruzzo,42.247439,14.19931
Casagiove,CE,Caserta,Campania,41.074715,14.307729
Casal Cermelli,AL,Alessandria,Piemonte,44.83495,8.624946
Casal di Principe,CE,Caserta,Campania,41.011412,14.124825
Casal Velino,SA,Salerno,Campania,40.190907,15.109374
Casalanguida,CH,Chieti,Abruzzo,42.036634,14.499355
Casalattico,FR,Frosinone,Lazio,41.622412,13.725559
Casalbeltrame,NO,Novara,Piemonte,45.438064,8.466532
Casalbordino,CH,Chieti,Abruzzo,42.150601,14.584798
Casalbore,AV,Avellino,Campania,41.233923,15.006742
Casalborgone,TO,Torino,Piemonte,45.130451,7.940426
Casalbuono,SA,Salerno,Campania,40.21575,15.681587
Casalbuttano ed Uniti,CR,Cremona,Lombardia,45.245645,9.973919
Casalciprano,CB,Campobasso,Molise,41.580358,14.528117
Casalduni,BN,Benevento,Campania,41.260229,14.69609
Casale Corte Cerro,VB,Verbano-Cusio-Ossola,Piemonte,45.915843,8.413678
Casale Cremasco-Vidolasco,CR,Cremona,Lombardia,45.436968,9.720895
Casale di Scodosia,PD,Padova,Veneto,45.187494,11.468636
Casale Litta,VA,Varese,Lombardia,45.767332,8.740087
Casale Marittimo,PI,Pisa,Toscana,43.297061,10.615308
Casale Monferrato,AL,Alessandria,Piemonte,45.136266,8.449813
Casale sul Sile,TV,Treviso,Veneto,45.597766,12.325734
Casalecchio di Reno,BO,Bologna,Emilia-Romagna,44.476018,11.275686
Casaleggio Boiro,AL,Alessandria,Piemonte,44.633547,8.730452
Casaleggio Novara,NO,Novara,Piemonte,45.488765,8.491931
Casaleone,VR,Verona,Veneto,45.170669,11.199365
Casaletto Ceredano,CR,Cremona,Lombardia,45.318071,9.617559
Casaletto di Sopra,CR,Cremona,Lombardia,45.419175,9.782561
Casaletto Lodigiano,LO,Lodi,Lombardia,45.293568,9.361954
Casaletto Spartano,SA,Salerno,Campania,40.150705,15.618669
Casaletto Vaprio,CR,Cremona,Lombardia,45.408174,9.628758
Casalfiumanese,BO,Bologna,Emilia-Romagna,44.296864,11.624022
Casalgrande,RE,Reggio nell'Emilia,Emilia-Romagna,44.588009,10.737321
Casalgrasso,CN,Cuneo,Piemonte,44.819641,7.624625
Casali del Manco,CS,Cosenza,Calabria,39.294833,16.450109
Casalincontrada,CH,Chieti,Abruzzo,42.290153,14.134233
Casalino,NO,Novara,Piemonte,45.102415,8.248872
Casalmaggiore,CR,Cremona,Lombardia,44.986386,10.41535
Casalmaiocco,LO,Lodi,Lombardia,45.35387,9.374353
Casalmorano,CR,Cremona,Lombardia,45.286373,9.899666
Casalmoro,MN,Mantova,Lombardia,45.259577,10.404478
Casalnoceto,AL,Alessandria,Piemonte,44.913177,8.981156
Casalnuovo di Napoli,NA,Napoli,Campania,40.914819,14.351125
Casalnuovo Monterotaro,FG,Foggia,Puglia,41.620232,15.103839
Casaloldo,MN,Mantova,Lombardia,45.254777,10.474379
Casalpusterlengo,LO,Lodi,Lombardia,45.179329,9.648396
Casalromano,MN,Mantova,Lombardia,45.200675,10.369378
Casalserugo,PD,Padova,Veneto,45.316226,11.913545
Casaluce,CE,Caserta,Campania,41.001912,14.198027
Casalvecchio di Puglia,FG,Foggia,Puglia,41.593832,15.110539
Casalvecchio Siculo,ME,Messina,Sicilia,37.958162,15.322588
Casalvieri,FR,Frosinone,Lazio,41.631402,13.712993
Casalvolone,NO,Novara,Piemonte,45.400198,8.463421
Casalzuigno,VA,Varese,Lombardia,45.911648,8.704052
Casamarciano,NA,Napoli,Campania,40.931618,14.553477
Casamassima,BA,Bari,Puglia,40.957131,16.920388
Casamicciola Terme,NA,Napoli,Campania,40.747356,13.907512
Casandrino,NA,Napoli,Campania,40.935864,14.248805
Casanova Elvo,VC,Vercelli,Piemonte,45.400961,8.293529
Casanova Lerrone,SV,Savona,Liguria,44.032116,8.050223
Casanova Lonati,PV,Pavia,Lombardia,45.094464,9.213452
Casape,RM,Roma,Lazio,41.906517,12.885287
Casapesenna,CE,Caserta,Campania,40.991512,14.136126
Casapinta,BI,Biella,Piemonte,45.616096,8.195713
Casaprota,RI,Rieti,Lazio,42.251028,12.804279
Casapulla,CE,Caserta,Campania,41.075314,14.289728
Casarano,LE,Lecce,Puglia,40.01082,18.161765
Casargo,LC,Lecco,Lombardia,46.03952,9.388244
Casarile,MI,Milano,Lombardia,45.317888,9.104903
Casarsa della Delizia,PN,Pordenone,Friuli-Venezia Giulia,45.955937,12.842693
Casarza Ligure,GE,Genova,Liguria,44.273546,9.449771
Casasco,AL,Alessandria,Piemonte,44.828347,9.005811
Casatenovo,LC,Lecco,Lombardia,45.696378,9.311646
Casatisma,PV,Pavia,Lombardia,45.04906,9.131954
Casavatore,NA,Napoli,Campania,40.899211,14.27663
Casazza,BG,Bergamo,Lombardia,45.749184,9.907258
Cascia,PG,Perugia,Umbria,42.717008,13.013502
Casciago,VA,Varese,Lombardia,45.832797,8.784327
Casciana Terme Lari,PI,Pisa,Toscana,43.552159,10.594206
Cascina,PI,Pisa,Toscana,43.676674,10.549224
Cascinette d'Ivrea,TO,Torino,Piemonte,45.480159,7.905619
Casei Gerola,PV,Pavia,Lombardia,45.006146,8.926989
Caselette,TO,Torino,Piemonte,45.104746,7.480817
Casella,GE,Genova,Liguria,44.535586,8.996786
Caselle in Pittari,SA,Salerno,Campania,40.172539,15.545752
Caselle Landi,LO,Lodi,Lombardia,45.102568,9.795567
Caselle Lurani,LO,Lodi,Lombardia,45.280388,9.360225
Caselle Torinese,TO,Torino,Piemonte,45.17749,7.646367
Caserta,CE,Caserta,Campania,41.203483,14.117058
Casier,TV,Treviso,Veneto,45.628336,12.26516
Casignana,RC,Reggio Calabria,Calabria,38.10187,16.089903
Casina,RE,Reggio nell'Emilia,Emilia-Romagna,44.51026,10.501593
Casirate d'Adda,BG,Bergamo,Lombardia,45.494124,9.567808
Caslino d'Erba,CO,Como,Lombardia,45.837589,9.23087
Casnate con Bernate,CO,Como,Lombardia,45.760483,9.074278
Casnigo,BG,Bergamo,Lombardia,45.815986,9.868556
Casola di Napoli,NA,Napoli,Campania,40.696037,14.533447
Casola in Lunigiana,MS,Massa-Carrara,Toscana,44.199961,10.17546
Casola Valsenio,RA,Ravenna,Emilia-Romagna,44.223187,11.62311
Casole d'Elsa,SI,Siena,Toscana,43.341697,11.042949
Casoli,CH,Chieti,Abruzzo,42.114637,14.290214
Casorate Primo,PV,Pavia,Lombardia,45.312366,9.016846
Casorate Sempione,VA,Varese,Lombardia,45.673376,8.740521
Casorezzo,MI,Milano,Lombardia,45.52437,8.90154
Casoria,NA,Napoli,Campania,40.904557,14.290122
Casorzo,AT,Asti,Piemonte,45.02339,8.334503
Casperia,RI,Rieti,Lazio,42.339729,12.670775
Caspoggio,SO,Sondrio,Lombardia,46.263526,9.862576
Cassacco,UD,Udine,Friuli-Venezia Giulia,46.173595,13.187934
Cassago Brianza,LC,Lecco,Lombardia,45.738206,9.291088
Cassano all'Ionio,CS,Cosenza,Calabria,39.785022,16.315928
Cassano d'Adda,MI,Milano,Lombardia,45.526333,9.521491
Cassano delle Murge,BA,Bari,Puglia,40.89101,16.768619
Cassano Irpino,AV,Avellino,Campania,40.870416,15.025947
Cassano Magnago,VA,Varese,Lombardia,45.675221,8.825584
Cassano Spinola,AL,Alessandria,Piemonte,44.766166,8.863175
Cassano Valcuvia,VA,Varese,Lombardia,45.932378,8.768429
Cassaro,SR,Siracusa,Sicilia,37.106937,14.94761
Cassiglio,BG,Bergamo,Lombardia,45.966787,9.612147
Cassina de' Pecchi,MI,Milano,Lombardia,45.519189,9.361976
Cassina Rizzardi,CO,Como,Lombardia,45.75055,9.0312
Cassina Valsassina,LC,Lecco,Lombardia,45.932085,9.478945
Cassinasco,AT,Asti,Piemonte,44.689092,8.303238
Cassine,AL,Alessandria,Piemonte,44.749948,8.527846
Cassinelle,AL,Alessandria,Piemonte,44.601544,8.563449
Cassinetta di Lugagnano,MI,Milano,Lombardia,45.423576,8.908314
Cassino,FR,Frosinone,Lazio,41.492558,13.83053
Cassola,VI,Vicenza,Veneto,45.732407,11.794256
Cassolnovo,PV,Pavia,Lombardia,45.36556,8.810088
Castagnaro,VR,Verona,Veneto,45.120755,11.41075
Castagneto Carducci,LI,Livorno,Toscana,43.160742,10.611006
Castagneto Po,TO,Torino,Piemonte,45.159251,7.889425
Castagnito,CN,Cuneo,Piemonte,44.755443,8.031335
Castagnole delle Lanze,AT,Asti,Piemonte,44.75114,8.150245
Castagnole Monferrato,AT,Asti,Piemonte,44.961596,8.306235
Castagnole Piemonte,TO,Torino,Piemonte,44.898142,7.566123
Castana,PV,Pavia,Lombardia,45.026761,9.272457
Castano Primo,MI,Milano,Lombardia,45.551594,8.776992
Casteggio,PV,Pavia,Lombardia,45.014114,9.123578
Castegnato,BS,Brescia,Lombardia,45.560714,10.115309
Castegnero,VI,Vicenza,Veneto,45.442475,11.584448
Castel Baronia,AV,Avellino,Campania,41.047421,15.188748
Castel Boglione,AT,Asti,Piemonte,44.720396,8.380106
Castel Bolognese,RA,Ravenna,Emilia-Romagna,44.320487,11.799258
Castel Campagnano,CE,Caserta,Campania,41.181553,14.452504
Castel Castagna,TE,Teramo,Abruzzo,42.542941,13.716395
Castel Condino,TN,Trento,Trentino-Alto Adige/Südtirol,45.914395,10.60277
Castel d'Aiano,BO,Bologna,Emilia-Romagna,44.275859,10.999408
Castel d'Ario,MN,Mantova,Lombardia,45.189008,10.97513
Castel d'Azzano,VR,Verona,Veneto,45.355884,10.952988
Castel del Giudice,IS,Isernia,Molise,41.854635,14.230975
Castel del Monte,AQ,L'Aquila,Abruzzo,42.364995,13.726572
Castel del Piano,GR,Grosseto,Toscana,42.893235,11.53838
Castel del Rio,BO,Bologna,Emilia-Romagna,44.214292,11.504082
Castel di Casio,BO,Bologna,Emilia-Romagna,44.162956,11.035811
Castel di Ieri,AQ,L'Aquila,Abruzzo,42.115232,13.742602
Castel di Iudica,CT,Catania,Sicilia,37.494173,14.649715
Castel di Lama,AP,Ascoli Piceno,Marche,42.869382,13.713294
Castel di Lucio,ME,Messina,Sicilia,37.886454,14.312168
Castel di Sangro,AQ,L'Aquila,Abruzzo,41.784273,14.108064
Castel di Sasso,CE,Caserta,Campania,41.192288,14.280644
Castel di Tora,RI,Rieti,Lazio,42.215328,12.964183
Castel Focognano,AR,Arezzo,Toscana,43.654028,11.788439
Castel Frentano,CH,Chieti,Abruzzo,42.197139,14.355214
Castel Gabbiano,CR,Cremona,Lombardia,45.468276,9.716459
Castel Gandolfo,RM,Roma,Lazio,41.742522,12.648877
Castel Giorgio,TR,Terni,Umbria,42.707894,11.979391
Castel Goffredo,MN,Mantova,Lombardia,45.295278,10.472982
Castel Guelfo di Bologna,BO,Bologna,Emilia-Romagna,44.43114,11.67741
Castel Ivano,TN,Trento,Trentino-Alto Adige/Südtirol,46.063059,11.541825
Castel Madama,RM,Roma,Lazio,41.976936,12.86919
Castel Maggiore,BO,Bologna,Emilia-Romagna,44.575685,11.36481
Castel Mella,BS,Brescia,Lombardia,45.499592,10.145008
Castel Morrone,CE,Caserta,Campania,41.121016,14.354729
Castel Ritaldi,PG,Perugia,Umbria,42.82326,12.672287
Castel Rocchero,AT,Asti,Piemonte,44.718346,8.415344
Castel Rozzone,BG,Bergamo,Lombardia,45.552277,9.619855
Castel San Giorgio,SA,Salerno,Campania,40.783712,14.698841
Castel San Giovanni,PC,Piacenza,Emilia-Romagna,45.059067,9.434178
Castel San Lorenzo,SA,Salerno,Campania,40.418308,15.227157
Castel San Niccolò,AR,Arezzo,Toscana,43.722917,11.656598
Castel San Pietro Romano,RM,Roma,Lazio,41.84572,12.894887
Castel San Pietro Terme,BO,Bologna,Emilia-Romagna,44.40127,11.585499
Castel San Vincenzo,IS,Isernia,Molise,41.655383,14.062427
Castel Sant'Angelo,RI,Rieti,Lazio,42.393869,13.023455
Castel Sant'Elia,VT,Viterbo,Lazio,42.251776,12.371796
Castel Viscardo,TR,Terni,Umbria,42.754674,12.001303
Castel Vittorio,IM,Imperia,Liguria,43.928557,7.674434
Castel Volturno,CE,Caserta,Campania,41.034313,13.940835
Castelbaldo,PD,Padova,Veneto,45.121172,11.453502
Castelbelforte,MN,Mantova,Lombardia,45.214712,10.892761
Castelbellino,AN,Ancona,Marche,43.486758,13.144668
Castelbello-Ciardes,BZ,Bolzano/Bozen,Trentino-Alto Adige/Südtirol,46.622161,10.923999
Castelbianco,SV,Savona,Liguria,44.111817,8.070908
Castelbottaccio,CB,Campobasso,Molise,41.753125,14.706608
Castelbuono,PA,Palermo,Sicilia,37.931953,14.088562
Castelcivita,SA,Salerno,Campania,40.49421,15.234456
Castelcovati,BS,Brescia,Lombardia,45.498413,9.943282
Castelcucco,TV,Treviso,Veneto,45.833324,11.883969
Casteldaccia,PA,Palermo,Sicilia,38.054118,13.530226
Casteldelci,RN,Rimini,Emilia-Romagna,43.79115,12.155126
Casteldelfino,CN,Cuneo,Piemonte,44.589638,7.07032
Casteldidone,CR,Cremona,Lombardia,45.069472,10.406281
Castelfidardo,AN,Ancona,Marche,43.464574,13.5467
Castelfiorentino,FI,Firenze,Toscana,43.605607,10.971248
Castelforte,LT,Latina,Lazio,41.299016,13.824015
Castelfranci,AV,Avellino,Campania,40.931317,15.043247
Castelfranco di Sotto,PI,Pisa,Toscana,43.699715,10.745178
Castelfranco Emilia,MO,Modena,Emilia-Romagna,44.595024,11.052901
Castelfranco in Miscano,BN,Benevento,Campania,41.297337,15.085522
Castelfranco Piandiscò,AR,Arezzo,Toscana,43.639512,11.564623
Castelfranco Veneto,TV,Treviso,Veneto,45.672811,11.925245
Castelgerundo,LO,Lodi,Lombardia,45.200297,9.743802
Castelgomberto,VI,Vicenza,Veneto,45.585285,11.394497
Castelgrande,PZ,Potenza,Basilicata,40.786617,15.430157
Castelguglielmo,RO,Rovigo,Veneto,45.025181,11.537334
Castelguidone,CH,Chieti,Abruzzo,41.823647,14.524079
Castell'Alfero,AT,Asti,Piemonte,44.982097,8.209929
Castell'Arquato,PC,Piacenza,Emilia-Romagna,44.85118,9.867118
Castell'Azzara,GR,Grosseto,Toscana,42.77163,11.699248
Castell'Umberto,ME,Messina,Sicilia,38.08437,14.807122
Castellabate,SA,Salerno,Campania,40.276127,14.958119
Castellafiume,AQ,L'Aquila,Abruzzo,41.989126,13.334395
Castellalto,TE,Teramo,Abruzzo,42.678042,13.821589
Castellammare del Golfo,TP,Trapani,Sicilia,38.018846,12.885837
Castellammare di Stabia,NA,Napoli,Campania,40.694305,14.480481
Castellamonte,TO,Torino,Piemonte,45.381955,7.712117
Castellana Grotte,BA,Bari,Puglia,40.886431,17.165495
Castellana Sicula,PA,Palermo,Sicilia,37.783179,14.041051
Castellaneta,TA,Taranto,Puglia,40.630424,16.934678
Castellania Coppi,AL,Alessandria,Piemonte,44.798268,8.930478
Castellanza,VA,Varese,Lombardia,45.612374,8.897038
Castellar Guidobono,AL,Alessandria,Piemonte,44.905726,8.948289
Castellarano,RE,Reggio nell'Emilia,Emilia-Romagna,44.510281,10.72864
Castellaro,IM,Imperia,Liguria,43.865221,7.868748
Castellazzo Bormida,AL,Alessandria,Piemonte,44.84505,8.577245
Castellazzo Novarese,NO,Novara,Piemonte,45.513366,8.486931
Castelleone,CR,Cremona,Lombardia,45.293813,9.764302
Castelleone di Suasa,AN,Ancona,Marche,43.607765,12.976126
Castellero,AT,Asti,Piemonte,44.924338,8.074544
Castelletto Cervo,BI,Biella,Piemonte,45.516218,8.226654
Castelletto d'Erro,AL,Alessandria,Piemonte,44.62559,8.394288
Castelletto d'Orba,AL,Alessandria,Piemonte,44.684548,8.703951
Castelletto di Branduzzo,PV,Pavia,Lombardia,45.071839,9.090044
Castelletto Merli,AL,Alessandria,Piemonte,45.074454,8.240564
Castelletto Molina,AT,Asti,Piemonte,44.750955,8.433094
Castelletto Monferrato,AL,Alessandria,Piemonte,44.981148,8.564545
Castelletto sopra Ticino,NO,Novara,Piemonte,45.712169,8.642977
Castelletto Stura,CN,Cuneo,Piemonte,44.441789,7.638649
Castelletto Uzzone,CN,Cuneo,Piemonte,44.494338,8.186743
Castelli,TE,Teramo,Abruzzo,42.48794,13.711696
Castelli Calepio,BG,Bergamo,Lombardia,45.631966,9.896063
Castellina in Chianti,SI,Siena,Toscana,43.469179,11.287286
Castellina Marittima,PI,Pisa,Toscana,43.412569,10.576177
Castellinaldo d'Alba,CN,Cuneo,Piemonte,44.774951,8.029984
Castellino del Biferno,CB,Campobasso,Molise,41.701631,14.73113
Castellino Tanaro,CN,Cuneo,Piemonte,44.427835,7.98124
Castelliri,FR,Frosinone,Lazio,41.679221,13.551404
Castello Cabiaglio,VA,Varese,Lombardia,45.893405,8.75597
Castello d'Agogna,PV,Pavia,Lombardia,45.234561,8.68714
Castello d'Argile,BO,Bologna,Emilia-Romagna,44.681321,11.296169
Castello del Matese,CE,Caserta,Campania,41.366721,14.377726
Castello dell'Acqua,SO,Sondrio,Lombardia,46.145995,10.013553
Castello di Annone,AT,Asti,Piemonte,44.879039,8.31389
Castello di Brianza,LC,Lecco,Lombardia,45.756471,9.345355
Castello di Cisterna,NA,Napoli,Campania,40.915112,14.406233
Castello di Godego,TV,Treviso,Veneto,45.69238,11.881044
Castello Tesino,TN,Trento,Trentino-Alto Adige/Südtirol,46.064175,11.632171
Castello-Molina di Fiemme,TN,Trento,Trentino-Alto Adige/Südtirol,46.256056,11.404439
Castellucchio,MN,Mantova,Lombardia,45.147276,10.648485
Castelluccio dei Sauri,FG,Foggia,Puglia,41.303915,15.479226
Castelluccio Inferiore,PZ,Potenza,Basilicata,40.003905,15.980879
Castelluccio Superiore,PZ,Potenza,Basilicata,40.010305,15.975079
Castelluccio Valmaggiore,FG,Foggia,Puglia,41.342327,15.199045
Castelmagno,CN,Cuneo,Piemonte,44.409323,7.207187
Castelmarte,CO,Como,Lombardia,45.833229,9.232703
Castelmassa,RO,Rovigo,Veneto,45.016852,11.310498
Castelmauro,CB,Campobasso,Molise,41.829051,14.710291
Castelmezzano,PZ,Potenza,Basilicata,40.530237,16.046551
Castelmola,ME,Messina,Sicilia,37.858348,15.277316
Castelnovetto,PV,Pavia,Lombardia,45.25476,8.611838
Castelnovo Bariano,RO,Rovigo,Veneto,45.027827,11.287445
Castelnovo del Friuli,PN,Pordenone,Friuli-Venezia Giulia,46.213832,12.883104
Castelnovo di Sotto,RE,Reggio nell'Emilia,Emilia-Romagna,44.810863,10.563295
Castelnovo ne' Monti,RE,Reggio nell'Emilia,Emilia-Romagna,44.435562,10.403295
Castelnuovo,TN,Trento,Trentino-Alto Adige/Südtirol,46.052859,11.493282
Castelnuovo Belbo,AT,Asti,Piemonte,44.801534,8.412187
Castelnuovo Berardenga,SI,Siena,Toscana,43.346341,11.503334
Castelnuovo Bocca d'Adda,LO,Lodi,Lombardia,45.112842,9.867959
Castelnuovo Bormida,AL,Alessandria,Piemonte,44.742648,8.548547
Castelnuovo Bozzente,CO,Como,Lombardia,45.764576,8.943536
Castelnuovo Calcea,AT,Asti,Piemonte,44.788106,8.2853
Castelnuovo Cilento,SA,Salerno,Campania,40.219535,15.177151
Castelnuovo del Garda,VR,Verona,Veneto,45.4384,10.760479
Castelnuovo della Daunia,FG,Foggia,Puglia,41.582631,15.12084
Castelnuovo di Ceva,CN,Cuneo,Piemonte,44.353635,8.128945
Castelnuovo di Conza,SA,Salerno,Campania,40.820617,15.318754
Castelnuovo di Farfa,RI,Rieti,Lazio,42.231524,12.742999
Castelnuovo di Garfagnana,LU,Lucca,Toscana,44.110022,10.411786
Castelnuovo di Porto,RM,Roma,Lazio,42.125399,12.500737
Castelnuovo di Val di Cecina,PI,Pisa,Toscana,43.207998,10.906051
Castelnuovo Don Bosco,AT,Asti,Piemonte,45.040849,7.963128
Castelnuovo Magra,SP,La Spezia,Liguria,44.099852,10.016942
Castelnuovo Nigra,TO,Torino,Piemonte,45.438156,7.694615
Castelnuovo Parano,FR,Frosinone,Lazio,41.378874,13.755385
Castelnuovo Rangone,MO,Modena,Emilia-Romagna,44.551334,10.935016
Castelnuovo Scrivia,AL,Alessandria,Piemonte,44.980249,8.880356
Castelpagano,BN,Benevento,Campania,41.401725,14.808035
Castelpetroso,IS,Isernia,Molise,41.559425,14.345023
Castelpizzuto,IS,Isernia,Molise,41.521724,14.292322
Castelplanio,AN,Ancona,Marche,43.493058,13.081867
Castelpoto,BN,Benevento,Campania,41.140927,14.701937
Castelraimondo,MC,Macerata,Marche,43.208151,13.053671
Castelrotto,BZ,Bolzano/Bozen,Trentino-Alto Adige/Südtirol,46.547539,11.608297
Castelsantangelo sul Nera,MC,Macerata,Marche,42.894492,13.15393
Castelsaraceno,PZ,Potenza,Basilicata,40.163708,15.991877
Castelsardo,SS,Sassari,Sardegna,40.910466,8.718313
Castelseprio,VA,Varese,Lombardia,45.715977,8.862656
Castelsilano,KR,Crotone,Calabria,39.269034,16.767453
Castelspina,AL,Alessandria,Piemonte,44.806149,8.583146
Casteltermini,AG,Agrigento,Sicilia,37.540835,13.643187
Castelveccana,VA,Varese,Lombardia,45.944923,8.659784
Castelvecchio Calvisio,AQ,L'Aquila,Abruzzo,42.310649,13.688615
Castelvecchio di Rocca Barbena,SV,Savona,Liguria,44.129829,8.116648
Castelvecchio Subequo,AQ,L'Aquila,Abruzzo,42.130233,13.727801
Castelvenere,BN,Benevento,Campania,41.23482,14.546532
Castelverde,CR,Cremona,Lombardia,45.188771,9.99557
Castelverrino,IS,Isernia,Molise,41.76643,14.397621
Castelvetere in Val Fortore,BN,Benevento,Campania,41.441965,14.939563
Castelvetere sul Calore,AV,Avellino,Campania,40.928717,14.986145
Castelvetrano,TP,Trapani,Sicilia,37.682851,12.795534
Castelvetro di Modena,MO,Modena,Emilia-Romagna,44.503462,10.9433
Castelvetro Piacentino,PC,Piacenza,Emilia-Romagna,45.100335,9.986716
Castelvisconti,CR,Cremona,Lombardia,45.305374,9.941067
Castenaso,BO,Bologna,Emilia-Romagna,44.50887,11.469811
Castenedolo,BS,Brescia,Lombardia,45.471576,10.29831
Castiadas,SU,Sud Sardegna,Sardegna,39.236335,9.501016
Castiglion Fibocchi,AR,Arezzo,Toscana,43.527965,11.763176
Castiglion Fiorentino,AR,Arezzo,Toscana,43.341715,11.92378
Castiglione a Casauria,PE,Pescara,Abruzzo,42.236378,13.896037
Castiglione Chiavarese,GE,Genova,Liguria,44.27409,9.514675
Castiglione Cosentino,CS,Cosenza,Calabria,39.351639,16.284431
Castiglione d'Adda,LO,Lodi,Lombardia,45.218912,9.694111
Castiglione d'Orcia,SI,Siena,Toscana,43.007117,11.615541
Castiglione dei Pepoli,BO,Bologna,Emilia-Romagna,44.142505,11.166508
Castiglione del Genovesi,SA,Salerno,Campania,40.725511,14.848445
Castiglione del Lago,PG,Perugia,Umbria,43.127141,12.04525
Castiglione della Pescaia,GR,Grosseto,Toscana,42.76393,10.879092
Castiglione delle Stiviere,MN,Mantova,Lombardia,45.389677,10.488874
Castiglione di Garfagnana,LU,Lucca,Toscana,44.14995,10.410897
Castiglione di Sicilia,CT,Catania,Sicilia,37.882761,15.122225
Castiglione Falletto,CN,Cuneo,Piemonte,44.623699,7.977453
Castiglione in Teverina,VT,Viterbo,Lazio,42.644972,12.203898
Castiglione Messer Marino,CH,Chieti,Abruzzo,41.868255,14.453058
Castiglione Messer Raimondo,TE,Teramo,Abruzzo,42.531915,13.881545
Castiglione Olona,VA,Varese,Lombardia,45.755476,8.866883
Castiglione Tinella,CN,Cuneo,Piemonte,44.725344,8.190139
Castiglione Torinese,TO,Torino,Piemonte,45.11905,7.807124
Castignano,AP,Ascoli Piceno,Marche,42.93935,13.623987
Castilenti,TE,Teramo,Abruzzo,42.533705,13.917011
Castino,CN,Cuneo,Piemonte,44.617841,8.182441
Castione Andevenno,SO,Sondrio,Lombardia,46.172794,9.800247
Castione della Presolana,BG,Bergamo,Lombardia,45.907455,10.035059
Castions di Strada,UD,Udine,Friuli-Venezia Giulia,45.908309,13.185337
Castiraga Vidardo,LO,Lodi,Lombardia,45.264809,9.392875
Casto,BS,Brescia,Lombardia,45.69455,10.321243
Castorano,AP,Ascoli Piceno,Marche,42.898087,13.728042
Castrezzato,BS,Brescia,Lombardia,45.512505,9.977855
Castri di Lecce,LE,Lecce,Puglia,40.273826,18.263327
Castrignano de' Greci,LE,Lecce,Puglia,40.173897,18.297011
Castrignano del Capo,LE,Lecce,Puglia,39.832318,18.351233
Castro,BG,Bergamo,Lombardia,45.802987,10.06706
Castro,LE,Lecce,Puglia,40.007022,18.425733
Castro dei Volsci,FR,Frosinone,Lazio,41.508217,13.406303
Castrocaro Terme e Terra del Sole,FC,Forlì-Cesena,Emilia-Romagna,44.182365,11.955631
Castrocielo,FR,Frosinone,Lazio,41.529283,13.693938
Castrofilippo,AG,Agrigento,Sicilia,37.348585,13.750096
Castrolibero,CS,Cosenza,Calabria,39.308093,16.194392
Castronno,VA,Varese,Lombardia,45.74683,8.814162
Castronovo di Sicilia,PA,Palermo,Sicilia,37.678945,13.603455
Castronuovo di Sant'Andrea,PZ,Potenza,Basilicata,40.19071,16.185481
Castropignano,CB,Campobasso,Molise,41.618328,14.559827
Castroreale,ME,Messina,Sicilia,38.099272,15.210686
Castroregio,CS,Cosenza,Calabria,39.992408,16.47759
Castrovillari,CS,Cosenza,Calabria,39.815494,16.202772
Catania,CT,Catania,Sicilia,37.502236,15.08738
Catanzaro,CZ,Catanzaro,Calabria,38.82996,16.431557
Catenanuova,EN,Enna,Sicilia,37.567971,14.691819
Catignano,PE,Pescara,Abruzzo,42.34626,13.950114
Cattolica,RN,Rimini,Emilia-Romagna,43.963993,12.744152
Cattolica Eraclea,AG,Agrigento,Sicilia,37.44084,13.392054
Caulonia,RC,Reggio Calabria,Calabria,38.381377,16.409007
Cautano,BN,Benevento,Campania,41.149313,14.638083
Cava de' Tirreni,SA,Salerno,Campania,40.700462,14.706263
Cava Manara,PV,Pavia,Lombardia,45.140173,9.10686
Cavaglià,BI,Biella,Piemonte,45.407734,8.093429
Cavaglietto,NO,Novara,Piemonte,45.602168,8.50213
Cavaglio d'Agogna,NO,Novara,Piemonte,45.613168,8.486129
Cavagnolo,TO,Torino,Piemonte,45.152137,8.051479
Cavaion Veronese,VR,Verona,Veneto,45.540293,10.770187
Cavalese,TN,Trento,Trentino-Alto Adige/Südtirol,46.291187,11.460468
Cavallerleone,CN,Cuneo,Piemonte,44.740139,7.663928
Cavallermaggiore,CN,Cuneo,Piemonte,44.709839,7.686329
Cavallino,LE,Lecce,Puglia,40.312527,18.200425
Cavallino-Treporti,VE,Venezia,Veneto,45.479217,12.515257
Cavallirio,NO,Novara,Piemonte,45.663368,8.394526
Cavareno,TN,Trento,Trentino-Alto Adige/Südtirol,46.408412,11.138073
Cavargna,CO,Como,Lombardia,46.090086,9.111234
Cavaria con Premezzo,VA,Varese,Lombardia,45.692682,8.796529
Cavarzere,VE,Venezia,Veneto,45.136099,12.081285
Cavaso del Tomba,TV,Treviso,Veneto,45.8584,11.90898
Cavasso Nuovo,PN,Pordenone,Friuli-Venezia Giulia,46.196556,12.770308
Cavatore,AL,Alessandria,Piemonte,44.630344,8.454247
Cavazzo Carnico,UD,Udine,Friuli-Venezia Giulia,46.36749,13.039965
Cave,RM,Roma,Lazio,41.817923,12.928367
Cavedago,TN,Trento,Trentino-Alto Adige/Südtirol,46.184698,11.031416
Cavedine,TN,Trento,Trentino-Alto Adige/Südtirol,45.9952,10.973577
Cavenago d'Adda,LO,Lodi,Lombardia,45.28401,9.601442
Cavenago di Brianza,MB,Monza e della Brianza,Lombardia,45.584917,9.416059
Cavernago,BG,Bergamo,Lombardia,45.625097,9.76164
Cavezzo,MO,Modena,Emilia-Romagna,44.8365,11.029435
Cavizzana,TN,Trento,Trentino-Alto Adige/Südtirol,46.367501,10.957923
Cavour,TO,Torino,Piemonte,44.785499,7.373841
Cavriago,RE,Reggio nell'Emilia,Emilia-Romagna,44.694194,10.526898
Cavriana,MN,Mantova,Lombardia,45.347559,10.598522
Cavriglia,AR,Arezzo,Toscana,43.521874,11.488972
Cazzago Brabbia,VA,Varese,Lombardia,45.797686,8.73319
Cazzago San Martino,BS,Brescia,Lombardia,45.580508,10.026215
Cazzano di Tramigna,VR,Verona,Veneto,45.473089,11.202892
Cazzano Sant'Andrea,BG,Bergamo,Lombardia,45.812733,9.884704
Ceccano,FR,Frosinone,Lazio,41.567717,13.333301
Cecima,PV,Pavia,Lombardia,44.850969,9.080238
Cecina,LI,Livorno,Toscana,43.311345,10.517344
Cedegolo,BS,Brescia,Lombardia,46.076646,10.350068
Cedrasco,SO,Sondrio,Lombardia,46.149293,9.767047
Cefalà Diana,PA,Palermo,Sicilia,37.915175,13.463549
Cefalù,PA,Palermo,Sicilia,38.034957,14.024456
Ceggia,VE,Venezia,Veneto,45.686437,12.637529
Ceglie Messapica,BR,Brindisi,Puglia,40.646044,17.517057
Celano,AQ,L'Aquila,Abruzzo,42.084324,13.546207
Celenza sul Trigno,CH,Chieti,Abruzzo,41.87229,14.577907
Celenza Valfortore,FG,Foggia,Puglia,41.56173,14.978837
Celico,CS,Cosenza,Calabria,39.310094,16.339895
Cella Dati,CR,Cremona,Lombardia,45.095271,10.221477
Cella Monte,AL,Alessandria,Piemonte,45.074868,8.391185
Cellamare,BA,Bari,Puglia,41.019333,16.928288
Cellara,CS,Cosenza,Calabria,39.218492,16.334796
Cellarengo,AT,Asti,Piemonte,44.866689,7.944725
Cellatica,BS,Brescia,Lombardia,45.584106,10.180245
Celle di Bulgheria,SA,Salerno,Campania,40.095489,15.402705
Celle di Macra,CN,Cuneo,Piemonte,44.482936,7.179706
Celle di San Vito,FG,Foggia,Puglia,41.325936,15.180998
Celle Enomondo,AT,Asti,Piemonte,44.857347,8.122392
Celle Ligure,SV,Savona,Liguria,44.346322,8.544321
Celleno,VT,Viterbo,Lazio,42.559768,12.125758
Cellere,VT,Viterbo,Lazio,42.510425,11.771653
Cellino Attanasio,TE,Teramo,Abruzzo,42.587311,13.850525
Cellino San Marco,BR,Brindisi,Puglia,40.472228,17.966318
Cellio con Breia,VC,Vercelli,Piemonte,45.760606,8.309276
Cellole,CE,Caserta,Campania,41.204814,13.854317
Cembra Lisignago,TN,Trento,Trentino-Alto Adige/Südtirol,46.180668,11.200776
Cenadi,CZ,Catanzaro,Calabria,38.719483,16.417203
Cenate Sopra,BG,Bergamo,Lombardia,45.711865,9.823789
Cenate Sotto,BG,Bergamo,Lombardia,45.698864,9.825711
Cencenighe Agordino,BL,Belluno,Veneto,46.352309,11.967348
Cene,BG,Bergamo,Lombardia,45.78367,9.82546
Ceneselli,RO,Rovigo,Veneto,45.013695,11.369156
Cengio,SV,Savona,Liguria,44.390259,8.207952
Centallo,CN,Cuneo,Piemonte,44.501533,7.58783
Cento,FE,Ferrara,Emilia-Romagna,44.72744,11.290303
Centola,SA,Salerno,Campania,40.066502,15.311963
Centrache,CZ,Catanzaro,Calabria,38.728984,16.432103
Centro Valle Intelvi,CO,Como,Lombardia,45.950461,9.063741
Centuripe,EN,Enna,Sicilia,37.622952,14.739079
Cepagatti,PE,Pescara,Abruzzo,42.364302,14.071795
Ceppaloni,BN,Benevento,Campania,41.044533,14.760051
Ceppo Morelli,VB,Verbano-Cusio-Ossola,Piemonte,45.971773,8.067713
Ceprano,FR,Frosinone,Lazio,41.540418,13.512205
Cerami,EN,Enna,Sicilia,37.810654,14.507273
Ceranesi,GE,Genova,Liguria,44.51127,8.878941
Cerano,NO,Novara,Piemonte,45.410966,8.780039
Cerano d'Intelvi,CO,Como,Lombardia,45.943282,9.088836
Ceranova,PV,Pavia,Lombardia,45.260266,9.243152
Ceraso,SA,Salerno,Campania,40.194304,15.256061
Cercemaggiore,CB,Campobasso,Molise,41.461326,14.723133
Cercenasco,TO,Torino,Piemonte,44.861291,7.50127
Cercepiccola,CB,Campobasso,Molise,41.460125,14.665431
Cerchiara di Calabria,CS,Cosenza,Calabria,39.860405,16.382789
Cerchio,AQ,L'Aquila,Abruzzo,42.063785,13.600135
Cercino,SO,Sondrio,Lombardia,46.158091,9.508141
Cercivento,UD,Udine,Friuli-Venezia Giulia,46.52727,12.989234
Cercola,NA,Napoli,Campania,40.857682,14.355158
Cerda,PA,Palermo,Sicilia,37.903579,13.81547
Cerea,VR,Verona,Veneto,45.192043,11.212924
Ceregnano,RO,Rovigo,Veneto,45.049471,11.870854
Cerenzia,KR,Crotone,Calabria,39.244086,16.788333
Ceres,TO,Torino,Piemonte,45.313377,7.389688
Ceresara,MN,Mantova,Lombardia,45.26513,10.567035
Cereseto,AL,Alessandria,Piemonte,45.087654,8.319935
Ceresole Alba,CN,Cuneo,Piemonte,44.799742,7.82243
Ceresole Reale,TO,Torino,Piemonte,45.431952,7.235706
Cerete,BG,Bergamo,Lombardia,45.854348,10.011019
Ceretto Lomellina,PV,Pavia,Lombardia,45.244961,8.67244
Cergnago,PV,Pavia,Lombardia,45.198201,8.772843
Ceriale,SV,Savona,Liguria,44.091629,8.223251
Ceriana,IM,Imperia,Liguria,43.880703,7.774564
Ceriano Laghetto,MB,Monza e della Brianza,Lombardia,45.628349,9.080797
Cerignale,PC,Piacenza,Emilia-Romagna,44.677853,9.350765
Cerignola,FG,Foggia,Puglia,41.264812,15.899665
Cerisano,CS,Cosenza,Calabria,39.276092,16.175392
Cermenate,CO,Como,Lombardia,45.70008,9.080088
Cermes,BZ,Bolzano/Bozen,Trentino-Alto Adige/Südtirol,46.634619,11.146564
Cermignano,TE,Teramo,Abruzzo,42.592912,13.797398
Cernobbio,CO,Como,Lombardia,45.841394,9.075905
Cernusco Lombardone,LC,Lecco,Lombardia,45.69286,9.400698
Cernusco sul Naviglio,MI,Milano,Lombardia,45.524558,9.330925
Cerreto d'Asti,AT,Asti,Piemonte,45.05215,8.035071
Cerreto d'Esi,AN,Ancona,Marche,43.316789,12.987124
Cerreto di Spoleto,PG,Perugia,Umbria,42.821042,12.917629
Cerreto Grue,AL,Alessandria,Piemonte,44.842216,8.931119
Cerreto Guidi,FI,Firenze,Toscana,43.758922,10.879013
Cerreto Laziale,RM,Roma,Lazio,41.944403,12.982805
Cerreto Sannita,BN,Benevento,Campania,41.284472,14.558945
Cerretto Langhe,CN,Cuneo,Piemonte,44.574839,8.09794
Cerrina Monferrato,AL,Alessandria,Piemonte,45.121354,8.213832
Cerrione,BI,Biella,Piemonte,45.468361,8.068123
Cerro al Lambro,MI,Milano,Lombardia,45.329969,9.339053
Cerro al Volturno,IS,Isernia,Molise,41.655925,14.102316
Cerro Maggiore,MI,Milano,Lombardia,45.593012,8.951392
Cerro Tanaro,AT,Asti,Piemonte,44.872416,8.360249
Cerro Veronese,VR,Verona,Veneto,45.575292,11.041086
Cersosimo,PZ,Potenza,Basilicata,40.047009,16.349386
Certaldo,FI,Firenze,Toscana,43.547853,11.041199
Certosa di Pavia,PV,Pavia,Lombardia,45.257015,9.148114
Cerva,CZ,Catanzaro,Calabria,39.018824,16.742749
Cervara di Roma,RM,Roma,Lazio,41.988224,13.067989
Cervarese Santa Croce,PD,Padova,Veneto,45.424392,11.687904
Cervaro,FR,Frosinone,Lazio,41.481158,13.905113
Cervasca,CN,Cuneo,Piemonte,44.380929,7.47123
Cervatto,VC,Vercelli,Piemonte,45.882966,8.162347
Cerveno,BS,Brescia,Lombardia,46.002509,10.325791
Cervere,CN,Cuneo,Piemonte,44.635438,7.791932
Cervesina,PV,Pavia,Lombardia,45.061259,9.016151
Cerveteri,RM,Roma,Lazio,41.99836,12.098851
Cervia,RA,Ravenna,Emilia-Romagna,44.260984,12.349546
Cervicati,CS,Cosenza,Calabria,39.542497,16.128287
Cervignano d'Adda,LO,Lodi,Lombardia,45.373871,9.424054
Cervignano del Friuli,UD,Udine,Friuli-Venezia Giulia,45.822834,13.336382
Cervinara,AV,Avellino,Campania,41.021928,14.613291
Cervino,CE,Caserta,Campania,41.040015,14.424032
Cervo,IM,Imperia,Liguria,43.925858,8.113929
Cerzeto,CS,Cosenza,Calabria,39.507796,16.114988
Cesa,CE,Caserta,Campania,40.964412,14.230128
Cesana Brianza,LC,Lecco,Lombardia,45.816781,9.299543
Cesana Torinese,TO,Torino,Piemonte,44.952236,6.790805
Cesano Boscone,MI,Milano,Lombardia,45.447112,9.094054
Cesano Maderno,MB,Monza e della Brianza,Lombardia,45.628189,9.14624
Cesara,VB,Verbano-Cusio-Ossola,Piemonte,45.834472,8.366422
Cesarò,ME,Messina,Sicilia,37.844756,14.713076
Cesate,MI,Milano,Lombardia,45.596474,9.077308
Cesena,FC,Forlì-Cesena,Emilia-Romagna,44.136352,12.242244
Cesenatico,FC,Forlì-Cesena,Emilia-Romagna,44.199928,12.396969
Cesinali,AV,Avellino,Campania,40.895526,14.828328
Cesio,IM,Imperia,Liguria,44.007296,7.973536
Cesiomaggiore,BL,Belluno,Veneto,46.088816,11.987639
Cessalto,TV,Treviso,Veneto,45.712596,12.612314
Cessaniti,VV,Vibo Valentia,Calabria,38.66368,16.026795
Cessapalombo,MC,Macerata,Marche,43.108789,13.258026
Cessole,AT,Asti,Piemonte,44.648944,8.24364
Cetara,SA,Salerno,Campania,40.648214,14.700415
Ceto,BS,Brescia,Lombardia,46.002595,10.351963
Cetona,SI,Siena,Toscana,42.964739,11.900411
Cetraro,CS,Cosenza,Calabria,39.516595,15.941584
Ceva,CN,Cuneo,Piemonte,44.387276,8.033048
Cevo,BS,Brescia,Lombardia,46.081397,10.368562
Challand-Saint-Anselme,AO,Valle d'Aosta/Vallée d'Aoste,Valle d'Aosta/Vallée d'Aoste,45.715462,7.763044
Challand-Saint-Victor,AO,Valle d'Aosta/Vallée d'Aoste,Valle d'Aosta/Vallée d'Aoste,45.683852,7.735185
Chambave,AO,Valle d'Aosta/Vallée d'Aoste,Valle d'Aosta/Vallée d'Aoste,45.710478,7.550656
Chamois,AO,Valle d'Aosta/Vallée d'Aoste,Valle d'Aosta/Vallée d'Aoste,45.838158,7.619692
Champdepraz,AO,Valle d'Aosta/Vallée d'Aoste,Valle d'Aosta/Vallée d'Aoste,45.685332,7.657765
Champorcher,AO,Valle d'Aosta/Vallée d'Aoste,Valle d'Aosta/Vallée d'Aoste,45.623874,7.621017
Charvensod,AO,Valle d'Aosta/Vallée d'Aoste,Valle d'Aosta/Vallée d'Aoste,45.720879,7.326089
Châtillon,AO,Valle d'Aosta/Vallée d'Aoste,Valle d'Aosta/Vallée d'Aoste,45.748786,7.612529
Cherasco,CN,Cuneo,Piemonte,44.652219,7.858015
Cheremule,SS,Sassari,Sardegna,40.506358,8.725319
Chialamberto,TO,Torino,Piemonte,45.363669,7.341471
Chiampo,VI,Vicenza,Veneto,45.544573,11.280896
Chianche,AV,Avellino,Campania,41.046157,14.789589
Chianciano Terme,SI,Siena,Toscana,43.058255,11.828429
Chianni,PI,Pisa,Toscana,43.48612,10.642362
Chianocco,TO,Torino,Piemonte,45.148094,7.16933
Chiaramonte Gulfi,RG,Ragusa,Sicilia,37.031342,14.701285
Chiaramonti,SS,Sassari,Sardegna,40.749064,8.818618
Chiarano,TV,Treviso,Veneto,45.730041,12.581279
Chiaravalle,AN,Ancona,Marche,43.602662,13.324571
Chiaravalle Centrale,CZ,Catanzaro,Calabria,38.680383,16.410603
Chiari,BS,Brescia,Lombardia,45.536462,9.928846
Chiaromonte,PZ,Potenza,Basilicata,40.124009,16.213835
Chiauci,IS,Isernia,Molise,41.677847,14.385538
Chiavari,GE,Genova,Liguria,44.316449,9.323338
Chiavenna,SO,Sondrio,Lombardia,46.319979,9.398122
Chiaverano,TO,Torino,Piemonte,45.49886,7.902619
Chienes,BZ,Bolzano/Bozen,Trentino-Alto Adige/Südtirol,46.809381,11.840872
Chieri,TO,Torino,Piemonte,45.013884,7.822354
Chies d'Alpago,BL,Belluno,Veneto,46.165328,12.392472
Chiesa in Valmalenco,SO,Sondrio,Lombardia,46.265097,9.848647
Chiesanuova,TO,Torino,Piemonte,45.417886,7.655795
Chiesina Uzzanese,PT,Pistoia,Toscana,43.8391,10.719342
Chieti,CH,Chieti,Abruzzo,42.102718,14.415935
Chieuti,FG,Foggia,Puglia,41.844637,15.165937
Chieve,CR,Cremona,Lombardia,45.340472,9.616459
Chignolo d'Isola,BG,Bergamo,Lombardia,45.667579,9.527651
Chignolo Po,PV,Pavia,Lombardia,45.148166,9.481559
Chioggia,VE,Venezia,Veneto,45.218894,12.27858
Chiomonte,TO,Torino,Piemonte,45.119542,6.985306
Chions,PN,Pordenone,Friuli-Venezia Giulia,45.847186,12.711062
Chiopris-Viscone,UD,Udine,Friuli-Venezia Giulia,45.931403,13.38111
Chitignano,AR,Arezzo,Toscana,43.662352,11.881338
Chiuduno,BG,Bergamo,Lombardia,45.650819,9.848016
Chiuppano,VI,Vicenza,Veneto,45.762173,11.465076
Chiuro,SO,Sondrio,Lombardia,46.170821,9.989355
Chiusa,BZ,Bolzano/Bozen,Trentino-Alto Adige/Südtirol,46.639687,11.566643
Chiusa di Pesio,CN,Cuneo,Piemonte,44.32643,7.675436
Chiusa di San Michele,TO,Torino,Piemonte,45.103913,7.326972
Chiusa Sclafani,PA,Palermo,Sicilia,37.67722,13.270521
Chiusaforte,UD,Udine,Friuli-Venezia Giulia,46.408334,13.309025
Chiusanico,IM,Imperia,Liguria,43.972565,7.99088
Chiusano d'Asti,AT,Asti,Piemonte,44.985716,8.117159
Chiusano di San Domenico,AV,Avellino,Campania,40.933116,14.916344
Chiusavecchia,IM,Imperia,Liguria,43.968424,7.983548
Chiusdino,SI,Siena,Toscana,43.154634,11.084228
Chiusi,SI,Siena,Toscana,43.016047,11.947524
Chiusi della Verna,AR,Arezzo,Toscana,43.695024,11.938632
Chivasso,TO,Torino,Piemonte,45.190959,7.887186
Ciampino,RM,Roma,Lazio,41.800289,12.600471
Cianciana,AG,Agrigento,Sicilia,37.519696,13.43408
Cibiana di Cadore,BL,Belluno,Veneto,46.391613,12.2908
Cicagna,GE,Genova,Liguria,44.409323,9.235533
Cicala,CZ,Catanzaro,Calabria,39.02219,16.486101
Cicciano,NA,Napoli,Campania,40.964714,14.538935
Cicerale,SA,Salerno,Campania,40.343801,15.129201
Ciciliano,RM,Roma,Lazio,41.961617,12.940932
Cicognolo,CR,Cremona,Lombardia,45.164573,10.194575
Ciconio,TO,Torino,Piemonte,45.329915,7.759492
Cigliano,VC,Vercelli,Piemonte,45.308356,8.021025
Cigliè,CN,Cuneo,Piemonte,44.436535,7.926539
Cigognola,PV,Pavia,Lombardia,45.032761,9.244856
Cigole,BS,Brescia,Lombardia,45.308636,10.189375
Cilavegna,PV,Pavia,Lombardia,45.309752,8.743348
Cimadolmo,TV,Treviso,Veneto,45.787138,12.361633
Cimbergo,BS,Brescia,Lombardia,46.024096,10.365663
Ciminà,RC,Reggio Calabria,Calabria,38.246819,16.138812
Ciminna,PA,Palermo,Sicilia,37.896816,13.562345
Cimitile,NA,Napoli,Campania,40.940513,14.525435
Cimolais,PN,Pordenone,Friuli-Venezia Giulia,46.287639,12.438053
Cimone,TN,Trento,Trentino-Alto Adige/Südtirol,45.97985,11.063017
Cinaglio,AT,Asti,Piemonte,44.975249,8.100033
Cineto Romano,RM,Roma,Lazio,42.04981,12.963073
Cingia de' Botti,CR,Cremona,Lombardia,45.085071,10.275478
Cingoli,MC,Macerata,Marche,43.373841,13.216313
Cinigiano,GR,Grosseto,Toscana,42.890407,11.392892
Cinisello Balsamo,MI,Milano,Lombardia,45.556059,9.214317
Cinisi,PA,Palermo,Sicilia,38.154943,13.109841
Cino,SO,Sondrio,Lombardia,46.158149,9.486137
Cinquefrondi,RC,Reggio Calabria,Calabria,38.415957,16.097429
Cintano,TO,Torino,Piemonte,45.428556,7.688115
Cinte Tesino,TN,Trento,Trentino-Alto Adige/Südtirol,46.056768,11.614868
Cinto Caomaggiore,VE,Venezia,Veneto,45.825893,12.785572
Cinto Euganeo,PD,Padova,Veneto,45.289467,11.672376
Cinzano,TO,Torino,Piemonte,45.09425,7.925627
Ciorlano,CE,Caserta,Campania,41.450221,14.15832
Cipressa,IM,Imperia,Liguria,43.851016,7.93095
Circello,BN,Benevento,Campania,41.357518,14.809056
Ciriè,TO,Torino,Piemonte,45.235277,7.600308
Cirigliano,MT,Matera,Basilicata,40.394414,16.172578
Cirimido,CO,Como,Lombardia,45.699775,9.012539
Cirò,KR,Crotone,Calabria,39.381732,17.061353
Cirò Marina,KR,Crotone,Calabria,39.369092,17.132857
Cis,TN,Trento,Trentino-Alto Adige/Südtirol,46.399187,11.00296
Cisano Bergamasco,BG,Bergamo,Lombardia,45.74248,9.470248
Cisano sul Neva,SV,Savona,Liguria,44.086402,8.147418
Ciserano,BG,Bergamo,Lombardia,45.585281,9.60085
Cislago,VA,Varese,Lombardia,45.658776,8.971932
Cisliano,MI,Milano,Lombardia,45.444669,8.990243
Cison di Valmarino,TV,Treviso,Veneto,45.969987,12.143137
Cissone,CN,Cuneo,Piemonte,44.563139,8.030439
Cisterna d'Asti,AT,Asti,Piemonte,44.825007,8.004618
Cisterna di Latina,LT,Latina,Lazio,41.590639,12.829048
Cisternino,BR,Brindisi,Puglia,40.742985,17.425745
Citerna,PG,Perugia,Umbria,43.498407,12.115516
Città della Pieve,PG,Perugia,Umbria,42.952734,12.004326
Città di Castello,PG,Perugia,Umbria,43.457421,12.240312
Città Sant'Angelo,PE,Pescara,Abruzzo,42.518144,14.059203
Cittadella,PD,Padova,Veneto,45.648794,11.78358
Cittaducale,RI,Rieti,Lazio,42.386834,12.948341
Cittanova,RC,Reggio Calabria,Calabria,38.353949,16.080602
Cittareale,RI,Rieti,Lazio,42.618254,13.159684
Cittiglio,VA,Varese,Lombardia,45.898911,8.660738
Civate,LC,Lecco,Lombardia,45.828081,9.342944
Civezza,IM,Imperia,Liguria,43.879822,7.951649
Civezzano,TN,Trento,Trentino-Alto Adige/Südtirol,46.089367,11.180026
Civiasco,VC,Vercelli,Piemonte,45.80819,8.294116
Cividale del Friuli,UD,Udine,Friuli-Venezia Giulia,46.093623,13.430328
Cividate al Piano,BG,Bergamo,Lombardia,45.554879,9.83096
Cividate Camuno,BS,Brescia,Lombardia,45.942493,10.277462
Civita,CS,Cosenza,Calabria,39.828804,16.312488
Civita Castellana,VT,Viterbo,Lazio,42.295226,12.40917
Civita d'Antino,AQ,L'Aquila,Abruzzo,41.886105,13.471126
Civitacampomarano,CB,Campobasso,Molise,41.780398,14.689977
Civitaluparella,CH,Chieti,Abruzzo,41.944945,14.303153
Civitanova del Sannio,IS,Isernia,Molise,41.667928,14.403823
Civitanova Marche,MC,Macerata,Marche,43.305523,13.72293
Civitaquana,PE,Pescara,Abruzzo,42.325991,13.896744
Civitavecchia,RM,Roma,Lazio,42.093752,11.792246
Civitella Alfedena,AQ,L'Aquila,Abruzzo,41.765326,13.942711
Civitella Casanova,PE,Pescara,Abruzzo,42.364923,13.889909
Civitella d'Agliano,VT,Viterbo,Lazio,42.605362,12.187658
Civitella del Tronto,TE,Teramo,Abruzzo,42.773446,13.672291
Civitella di Romagna,FC,Forlì-Cesena,Emilia-Romagna,44.007171,11.941346
Civitella in Val di Chiana,AR,Arezzo,Toscana,43.402527,11.735586
Civitella Messer Raimondo,CH,Chieti,Abruzzo,42.088742,14.217162
Civitella Paganico,GR,Grosseto,Toscana,43.024126,11.28931
Civitella Roveto,AQ,L'Aquila,Abruzzo,41.916026,13.426898
Civitella San Paolo,RM,Roma,Lazio,42.198525,12.576475
Civo,SO,Sondrio,Lombardia,46.154191,9.560642
Claino con Osteno,CO,Como,Lombardia,46.009489,9.09009
Claut,PN,Pordenone,Friuli-Venezia Giulia,46.266675,12.515709
Clauzetto,PN,Pordenone,Friuli-Venezia Giulia,46.229901,12.915554
Clavesana,CN,Cuneo,Piemonte,44.481939,7.912079
Claviere,TO,Torino,Piemonte,44.938799,6.750294
Cles,TN,Trento,Trentino-Alto Adige/Südtirol,46.365262,11.033245
Cleto,CS,Cosenza,Calabria,39.090189,16.158393
Clivio,VA,Varese,Lombardia,45.864206,8.929329
Clusone,BG,Bergamo,Lombardia,45.887088,9.949656
Coassolo Torinese,TO,Torino,Piemonte,45.297583,7.460458
Coazze,TO,Torino,Piemonte,45.052194,7.297902
Coazzolo,AT,Asti,Piemonte,44.72837,8.145331
Coccaglio,BS,Brescia,Lombardia,45.563448,9.978272
Cocconato,AT,Asti,Piemonte,45.087459,8.039221
Cocquio-Trevisago,VA,Varese,Lombardia,45.863436,8.695665
Cocullo,AQ,L'Aquila,Abruzzo,42.032892,13.774668
Codevigo,PD,Padova,Veneto,45.267352,12.101301
Codevilla,PV,Pavia,Lombardia,44.963288,9.057385
Codigoro,FE,Ferrara,Emilia-Romagna,44.831581,12.109524
Codognè,TV,Treviso,Veneto,45.866795,12.433908
Codogno,LO,Lodi,Lombardia,45.160066,9.70437
Codroipo,UD,Udine,Friuli-Venezia Giulia,45.961117,12.978952
Codrongianos,SS,Sassari,Sardegna,40.657261,8.679816
Coggiola,BI,Biella,Piemonte,45.688139,8.176264
Cogliate,MB,Monza e della Brianza,Lombardia,45.64548,9.080732
Cogne,AO,Valle d'Aosta/Vallée d'Aoste,Valle d'Aosta/Vallée d'Aoste,45.608742,7.356023
Cogoleto,GE,Genova,Liguria,44.389342,8.64286
Cogollo del Cengio,VI,Vicenza,Veneto,45.785221,11.426095
Cogorno,GE,Genova,Liguria,44.333081,9.372461
Colazza,NO,Novara,Piemonte,45.792573,8.500326
Colceresa,VI,Vicenza,Veneto,45.718116,11.607036
Colere,BG,Bergamo,Lombardia,45.974292,10.082757
Colfelice,FR,Frosinone,Lazio,41.554919,13.603407
Coli,PC,Piacenza,Emilia-Romagna,44.744756,9.414565
Colico,LC,Lecco,Lombardia,46.116215,9.314998
Collalto Sabino,RI,Rieti,Lazio,42.135952,13.04798
Collarmele,AQ,L'Aquila,Abruzzo,42.05903,13.6257
Collazzone,PG,Perugia,Umbria,42.900468,12.435186
Colle Brianza,LC,Lecco,Lombardia,45.761661,9.362425
Colle d'Anchise,CB,Campobasso,Molise,41.506325,14.516827
Colle di Tora,RI,Rieti,Lazio,42.211628,12.947983
Colle di Val d'Elsa,SI,Siena,Toscana,43.422646,11.126394
Colle San Magno,FR,Frosinone,Lazio,41.55122,13.694909
Colle Sannita,BN,Benevento,Campania,41.364683,14.833232
Colle Santa Lucia,BL,Belluno,Veneto,46.447046,12.014025
Colle Umberto,TV,Treviso,Veneto,45.940984,12.340972
Collebeato,BS,Brescia,Lombardia,45.581315,10.210271
Collecchio,PR,Parma,Emilia-Romagna,44.75202,10.216691
Collecorvino,PE,Pescara,Abruzzo,42.458598,14.01428
Colledara,TE,Teramo,Abruzzo,42.540868,13.678938
Colledimacine,CH,Chieti,Abruzzo,42.004433,14.200614
Colledimezzo,CH,Chieti,Abruzzo,41.985659,14.38114
Colleferro,RM,Roma,Lazio,41.727033,13.004158
Collegiove,RI,Rieti,Lazio,42.175528,13.038986
Collegno,TO,Torino,Piemonte,45.077547,7.572426
Collelongo,AQ,L'Aquila,Abruzzo,41.886298,13.583343
Collepardo,FR,Frosinone,Lazio,41.764322,13.369499
Collepasso,LE,Lecce,Puglia,40.07302,18.163073
Collepietro,AQ,L'Aquila,Abruzzo,42.221617,13.78006
Colleretto Castelnuovo,TO,Torino,Piemonte,45.422356,7.679815
Colleretto Giacosa,TO,Torino,Piemonte,45.431887,7.799591
Collesalvetti,LI,Livorno,Toscana,43.588912,10.476264
Collesano,PA,Palermo,Sicilia,37.921477,13.937486
Colletorto,CB,Campobasso,Molise,41.662919,14.973364
Collevecchio,RI,Rieti,Lazio,42.334977,12.552953
Colli a Volturno,IS,Isernia,Molise,41.598724,14.104917
Colli al Metauro,PU,Pesaro e Urbino,Marche,43.742315,12.908919
Colli del Tronto,AP,Ascoli Piceno,Marche,42.876974,13.748355
Colli sul Velino,RI,Rieti,Lazio,42.498223,12.778689
Colli Verdi,PV,Pavia,Lombardia,44.916917,9.24869
Colliano,SA,Salerno,Campania,40.726115,15.291155
Collinas,SU,Sud Sardegna,Sardegna,39.640631,8.839875
Collio,BS,Brescia,Lombardia,45.809312,10.332872
Collobiano,VC,Vercelli,Piemonte,45.396683,8.348284
Colloredo di Monte Albano,UD,Udine,Friuli-Venezia Giulia,46.166405,13.139017
Colmurano,MC,Macerata,Marche,43.16385,13.356982
Colobraro,MT,Matera,Basilicata,40.187312,16.424986
Cologna Veneta,VR,Verona,Veneto,45.310287,11.384399
Cologne,BS,Brescia,Lombardia,45.58152,9.941172
Cologno al Serio,BG,Bergamo,Lombardia,45.579772,9.707725
Cologno Monzese,MI,Milano,Lombardia,45.528554,9.278224
Colognola ai Colli,VR,Verona,Veneto,45.434631,11.186701
Colonna,RM,Roma,Lazio,41.833718,12.753184
Colonnella,TE,Teramo,Abruzzo,42.872628,13.865016
Colonno,CO,Como,Lombardia,45.957602,9.155571
Colorina,SO,Sondrio,Lombardia,46.153693,9.729346
Colorno,PR,Parma,Emilia-Romagna,44.926532,10.377117
Colosimi,CS,Cosenza,Calabria,39.119091,16.399698
Colturano,MI,Milano,Lombardia,45.37977,9.337852
Colverde,CO,Como,Lombardia,45.804718,9.001526
Colzate,BG,Bergamo,Lombardia,45.816027,9.855865
Comabbio,VA,Varese,Lombardia,45.77196,8.674392
Comacchio,FE,Ferrara,Emilia-Romagna,44.696379,12.180427
Comano,MS,Massa-Carrara,Toscana,44.29354,10.131165
Comano Terme,TN,Trento,Trentino-Alto Adige/Südtirol,46.009118,10.883621
Comazzo,LO,Lodi,Lombardia,45.440973,9.464654
Comeglians,UD,Udine,Friuli-Venezia Giulia,46.515234,12.867804
Comelico Superiore,BL,Belluno,Veneto,46.626931,12.469051
Comerio,VA,Varese,Lombardia,45.839617,8.746441
Comezzano-Cizzago,BS,Brescia,Lombardia,45.471278,9.950064
Comignago,NO,Novara,Piemonte,45.714871,8.564029
Comiso,RG,Ragusa,Sicilia,36.950734,14.607455
Comitini,AG,Agrigento,Sicilia,37.407941,13.642959
Comiziano,NA,Napoli,Campania,40.952142,14.551436
Commessaggio,MN,Mantova,Lombardia,45.034443,10.545345
Commezzadura,TN,Trento,Trentino-Alto Adige/Südtirol,46.31299,10.832832
Como,CO,Como,Lombardia,45.939476,9.14941
Compiano,PR,Parma,Emilia-Romagna,44.496049,9.662079
Comun Nuovo,BG,Bergamo,Lombardia,45.622911,9.663127
Comunanza,AP,Ascoli Piceno,Marche,42.956852,13.412872
Cona,VE,Venezia,Veneto,45.180071,12.078695
Conca Casale,IS,Isernia,Molise,41.495121,14.006816
Conca dei Marini,SA,Salerno,Campania,40.618907,14.56784
Conca della Campania,CE,Caserta,Campania,41.352332,13.996595
Concamarise,VR,Verona,Veneto,45.207283,11.138501
Concerviano,RI,Rieti,Lazio,42.322961,12.98551
Concesio,BS,Brescia,Lombardia,45.605184,10.216967
Concordia Sagittaria,VE,Venezia,Veneto,45.756104,12.844956
Concordia sulla Secchia,MO,Modena,Emilia-Romagna,44.913174,10.983297
Concorezzo,MB,Monza e della Brianza,Lombardia,45.589675,9.335948
Condofuri,RC,Reggio Calabria,Calabria,38.004659,15.857397
Condove,TO,Torino,Piemonte,45.117419,7.309455
Condrò,ME,Messina,Sicilia,38.173177,15.326943
Conegliano,TV,Treviso,Veneto,45.886217,12.297757
Confienza,PV,Pavia,Lombardia,45.332162,8.556336
Configni,RI,Rieti,Lazio,42.42353,12.642173
Conflenti,CZ,Catanzaro,Calabria,39.071689,16.284496
Coniolo,AL,Alessandria,Piemonte,45.146852,8.371519
Conselice,RA,Ravenna,Emilia-Romagna,44.512758,11.829174
Conselve,PD,Padova,Veneto,45.233744,11.874013
Contà,TN,Trento,Trentino-Alto Adige/Südtirol,46.295114,11.018913
Contessa Entellina,PA,Palermo,Sicilia,37.73098,13.183144
Contigliano,RI,Rieti,Lazio,42.409359,12.766539
Contrada,AV,Avellino,Campania,40.866527,14.776031
Controguerra,TE,Teramo,Abruzzo,42.855716,13.819336
Controne,SA,Salerno,Campania,40.50961,15.205556
Contursi Terme,SA,Salerno,Campania,40.649513,15.239355
Conversano,BA,Bari,Puglia,40.968396,17.113771
Conza della Campania,AV,Avellino,Campania,40.858592,15.336066
Conzano,AL,Alessandria,Piemonte,45.019717,8.456369
Copertino,LE,Lecce,Puglia,40.271681,18.050252
Copiano,PV,Pavia,Lombardia,45.196266,9.322455
Copparo,FE,Ferrara,Emilia-Romagna,44.894183,11.827889
Corana,PV,Pavia,Lombardia,45.061659,8.96835
Corato,BA,Bari,Puglia,41.152761,16.411464
Corbara,SA,Salerno,Campania,40.724782,14.592763
Corbetta,MI,Milano,Lombardia,45.465937,8.92009
Corbola,RO,Rovigo,Veneto,45.005685,12.07852
Corchiano,VT,Viterbo,Lazio,42.344926,12.355668
Corciano,PG,Perugia,Umbria,43.129027,12.287718
Cordenons,PN,Pordenone,Friuli-Venezia Giulia,46.003731,12.718653
Cordignano,TV,Treviso,Veneto,45.94897,12.41602
Cordovado,PN,Pordenone,Friuli-Venezia Giulia,45.845777,12.880665
Coreglia Antelminelli,LU,Lucca,Toscana,44.063653,10.525509
Coreglia Ligure,GE,Genova,Liguria,44.3829,9.264314
Coreno Ausonio,FR,Frosinone,Lazio,41.346321,13.779672
Corfinio,AQ,L'Aquila,Abruzzo,42.124175,13.842489
Cori,LT,Latina,Lazio,41.643104,12.915851
Coriano,RN,Rimini,Emilia-Romagna,43.965186,12.602374
Corigliano d'Otranto,LE,Lecce,Puglia,40.159624,18.259428
Corigliano-Rossano,CS,Cosenza,Calabria,39.616315,16.577896
Corinaldo,AN,Ancona,Marche,43.648816,13.047659
Corio,TO,Torino,Piemonte,45.313499,7.532087
Corleone,PA,Palermo,Sicilia,37.812078,13.301438
Corleto Monforte,SA,Salerno,Campania,40.437209,15.37956
Corleto Perticara,PZ,Potenza,Basilicata,40.383513,16.040676
Cormano,MI,Milano,Lombardia,45.544513,9.167621
Cormons,GO,Gorizia,Friuli-Venezia Giulia,45.957791,13.470954
Corna Imagna,BG,Bergamo,Lombardia,45.830683,9.544848
Cornalba,BG,Bergamo,Lombardia,45.851729,9.743234
Cornale e Bastida,PV,Pavia,Lombardia,45.045405,8.912614
Cornaredo,MI,Milano,Lombardia,45.501685,9.025746
Cornate d'Adda,MB,Monza e della Brianza,Lombardia,45.646699,9.465939
Cornedo all'Isarco,BZ,Bolzano/Bozen,Trentino-Alto Adige/Südtirol,46.489912,11.408388
Cornedo Vicentino,VI,Vicenza,Veneto,45.611106,11.343405
Cornegliano Laudense,LO,Lodi,Lombardia,45.286169,9.487957
Corneliano d'Alba,CN,Cuneo,Piemonte,44.735937,7.959851
Corniglio,PR,Parma,Emilia-Romagna,44.4759,10.088926
Corno di Rosazzo,UD,Udine,Friuli-Venezia Giulia,45.997061,13.441595
Corno Giovine,LO,Lodi,Lombardia,45.133291,9.758512
Cornovecchio,LO,Lodi,Lombardia,45.136668,9.799367
Cornuda,TV,Treviso,Veneto,45.831731,12.007666
Correggio,RE,Reggio nell'Emilia,Emilia-Romagna,44.770561,10.779783
Correzzana,MB,Monza e della Brianza,Lombardia,45.665689,9.303626
Correzzola,PD,Padova,Veneto,45.235382,12.067762
Corrido,CO,Como,Lombardia,46.045832,9.139771
Corridonia,MC,Macerata,Marche,43.248458,13.509212
Corropoli,TE,Teramo,Abruzzo,42.826814,13.835185
Corsano,LE,Lecce,Puglia,39.889219,18.369333
Corsico,MI,Milano,Lombardia,45.430722,9.110233
Corsione,AT,Asti,Piemonte,45.000907,8.146056
Cortaccia sulla strada del vino,BZ,Bolzano/Bozen,Trentino-Alto Adige/Südtirol,46.313473,11.223501
Cortale,CZ,Catanzaro,Calabria,38.840086,16.409602
Cortandone,AT,Asti,Piemonte,44.958967,8.057802
Cortanze,AT,Asti,Piemonte,45.015018,8.08938
Cortazzone,AT,Asti,Piemonte,44.979636,8.061662
Corte Brugnatella,PC,Piacenza,Emilia-Romagna,44.715767,9.360289
Corte de' Cortesi con Cignone,CR,Cremona,Lombardia,45.267444,10.003095
Corte de' Frati,CR,Cremona,Lombardia,45.220029,10.096684
Corte Franca,BS,Brescia,Lombardia,45.637417,10.006468
Corte Palasio,LO,Lodi,Lombardia,45.30961,9.564308
Cortemaggiore,PC,Piacenza,Emilia-Romagna,44.996353,9.931072
Cortemilia,CN,Cuneo,Piemonte,44.579471,8.193302
Corteno Golgi,BS,Brescia,Lombardia,46.166198,10.243457
Cortenova,LC,Lecco,Lombardia,45.999922,9.383165
Cortenuova,BG,Bergamo,Lombardia,45.538978,9.787859
Corteolona e Genzone,PV,Pavia,Lombardia,45.166777,9.364813
Cortiglione,AT,Asti,Piemonte,44.822849,8.358889
Cortina d'Ampezzo,BL,Belluno,Veneto,46.538333,12.137351
Cortina sulla strada del vino,BZ,Bolzano/Bozen,Trentino-Alto Adige/Südtirol,46.268702,11.222685
Cortino,TE,Teramo,Abruzzo,42.622397,13.508815
Cortona,AR,Arezzo,Toscana,43.275298,11.985062
Corvara,PE,Pescara,Abruzzo,42.274875,13.872694
Corvara in Badia,BZ,Bolzano/Bozen,Trentino-Alto Adige/Südtirol,46.549574,11.874034
Corvino San Quirico,PV,Pavia,Lombardia,45.010186,9.162397
Corzano,BS,Brescia,Lombardia,45.443778,10.007366
Coseano,UD,Udine,Friuli-Venezia Giulia,46.097007,13.019388
Cosenza,CS,Cosenza,Calabria,39.596685,16.333056
Cosio d'Arroscia,IM,Imperia,Liguria,44.077122,7.833008
Cosio Valtellino,SO,Sondrio,Lombardia,46.133741,9.529154
Cosoleto,RC,Reggio Calabria,Calabria,38.275372,15.927997
Cossano Belbo,CN,Cuneo,Piemonte,44.668989,8.198579
Cossano Canavese,TO,Torino,Piemonte,45.387758,7.991523
Cossato,BI,Biella,Piemonte,45.569912,8.179988
Cosseria,SV,Savona,Liguria,44.368314,8.234866
Cossignano,AP,Ascoli Piceno,Marche,42.984251,13.689988
Cossogno,VB,Verbano-Cusio-Ossola,Piemonte,45.964077,8.509623
Cossoine,SS,Sassari,Sardegna,40.43099,8.715016
Cossombrato,AT,Asti,Piemonte,44.99432,8.136651
Costa de' Nobili,PV,Pavia,Lombardia,45.132054,9.378904
Costa di Mezzate,BG,Bergamo,Lombardia,45.661981,9.793957
Costa di Rovigo,RO,Rovigo,Veneto,45.048688,11.694531
Costa Masnaga,LC,Lecco,Lombardia,45.767002,9.278316
Costa Serina,BG,Bergamo,Lombardia,45.83242,9.741937
Costa Valle Imagna,BG,Bergamo,Lombardia,45.80501,9.502141
Costa Vescovato,AL,Alessandria,Piemonte,44.81643,8.926872
Costa Volpino,BG,Bergamo,Lombardia,45.829888,10.098161
Costabissara,VI,Vicenza,Veneto,45.585542,11.487744
Costacciaro,PG,Perugia,Umbria,43.360409,12.712378
Costanzana,VC,Vercelli,Piemonte,45.238158,8.368134
Costarainera,IM,Imperia,Liguria,43.855421,7.938749
Costermano sul Garda,VR,Verona,Veneto,45.585664,10.739974
Costigliole d'Asti,AT,Asti,Piemonte,44.786418,8.182223
Costigliole Saluzzo,CN,Cuneo,Piemonte,44.564534,7.485427
Cotignola,RA,Ravenna,Emilia-Romagna,44.383843,11.940217
Cotronei,KR,Crotone,Calabria,39.15835,16.773505
Cottanello,RI,Rieti,Lazio,42.405966,12.685971
Courmayeur,AO,Valle d'Aosta/Vallée d'Aoste,Valle d'Aosta/Vallée d'Aoste,45.787425,6.973062
Covo,BG,Bergamo,Lombardia,45.500322,9.770107
Cozzo,PV,Pavia,Lombardia,45.192659,8.61104
Craco,MT,Matera,Basilicata,40.379916,16.437084
Crandola Valsassina,LC,Lecco,Lombardia,46.022892,9.378763
Cravagliana,VC,Vercelli,Piemonte,45.848385,8.20269
Cravanzana,CN,Cuneo,Piemonte,44.57462,8.126185
Craveggia,VB,Verbano-Cusio-Ossola,Piemonte,46.140377,8.489429
Creazzo,VI,Vicenza,Veneto,45.532053,11.478581
Crecchio,CH,Chieti,Abruzzo,42.298544,14.326899
Credaro,BG,Bergamo,Lombardia,45.660582,9.93106
Credera Rubbiano,CR,Cremona,Lombardia,45.296063,9.650529
Crema,CR,Cremona,Lombardia,45.362828,9.687457
Cremella,LC,Lecco,Lombardia,45.74168,9.299885
Cremenaga,VA,Varese,Lombardia,45.988923,8.802184
Cremeno,LC,Lecco,Lombardia,45.93485,9.473729
Cremia,CO,Como,Lombardia,46.087285,9.27148
Cremolino,AL,Alessandria,Piemonte,44.635945,8.585249
Cremona,CR,Cremona,Lombardia,45.220864,10.037038
Cremosano,CR,Cremona,Lombardia,45.394917,9.639553
Crescentino,VC,Vercelli,Piemonte,45.190454,8.099929
Crespadoro,VI,Vicenza,Veneto,45.620193,11.22589
Crespiatica,LO,Lodi,Lombardia,45.356672,9.575158
Crespina Lorenzana,PI,Pisa,Toscana,43.587912,10.554653
Crespino,RO,Rovigo,Veneto,44.982558,11.886188
Cressa,NO,Novara,Piemonte,45.647072,8.50815
Crevacuore,BI,Biella,Piemonte,45.686868,8.246722
Crevalcore,BO,Bologna,Emilia-Romagna,44.72057,11.149804
Crevoladossola,VB,Verbano-Cusio-Ossola,Piemonte,46.148584,8.297416
Crispano,NA,Napoli,Campania,40.952512,14.28993
Crispiano,TA,Taranto,Puglia,40.60548,17.232135
Crissolo,CN,Cuneo,Piemonte,44.699166,7.157719
Crocefieschi,GE,Genova,Liguria,44.579748,9.023965
Crocetta del Montello,TV,Treviso,Veneto,45.833996,12.032327
Crodo,VB,Verbano-Cusio-Ossola,Piemonte,46.223301,8.323936
Crognaleto,TE,Teramo,Abruzzo,42.587941,13.48959
Cropalati,CS,Cosenza,Calabria,39.517201,16.726501
Cropani,CZ,Catanzaro,Calabria,38.967791,16.781308
Crosia,CS,Cosenza,Calabria,39.567602,16.772801
Crosio della Valle,VA,Varese,Lombardia,45.759974,8.770432
Crotone,KR,Crotone,Calabria,39.187389,16.878282
Crotta d'Adda,CR,Cremona,Lombardia,45.158491,9.854158
Crova,VC,Vercelli,Piemonte,45.330659,8.210828
Croviana,TN,Trento,Trentino-Alto Adige/Südtirol,46.344779,10.903423
Crucoli,KR,Crotone,Calabria,39.423701,17.002308
Cuasso al Monte,VA,Varese,Lombardia,45.914773,8.87914
Cuccaro Vetere,SA,Salerno,Campania,40.161682,15.308547
Cucciago,CO,Como,Lombardia,45.739876,9.095489
Cuceglio,TO,Torino,Piemonte,45.359435,7.815187
Cuggiono,MI,Milano,Lombardia,45.506239,8.815266
Cugliate-Fabiasco,VA,Varese,Lombardia,45.943544,8.818079
Cuglieri,OR,Oristano,Sardegna,40.188472,8.567405
Cugnoli,PE,Pescara,Abruzzo,42.307138,13.932703
Cumiana,TO,Torino,Piemonte,44.979742,7.376717
Cumignano sul Naviglio,CR,Cremona,Lombardia,45.355503,9.835562
Cunardo,VA,Varese,Lombardia,45.937476,8.801245
Cuneo,CN,Cuneo,Piemonte,44.45807,7.558137
Cunico,AT,Asti,Piemonte,45.03995,8.096731
Cuorgnè,TO,Torino,Piemonte,45.38972,7.649817
Cupello,CH,Chieti,Abruzzo,42.069241,14.667807
Cupra Marittima,AP,Ascoli Piceno,Marche,43.025023,13.858764
Cupramontana,AN,Ancona,Marche,43.445554,13.1156
Cura Carpignano,PV,Pavia,Lombardia,45.212072,9.255463
Curcuris,OR,Oristano,Sardegna,39.746145,8.830632
Cureggio,NO,Novara,Piemonte,45.674869,8.459727
Curiglia con Monteviasco,VA,Varese,Lombardia,46.059392,8.826491
Curinga,CZ,Catanzaro,Calabria,38.826185,16.3134
Curino,BI,Biella,Piemonte,45.627597,8.23728
Curno,BG,Bergamo,Lombardia,45.691514,9.610966
Curon Venosta,BZ,Bolzano/Bozen,Trentino-Alto Adige/Südtirol,46.803738,10.555045
Cursi,LE,Lecce,Puglia,40.149624,18.314829
Curtarolo,PD,Padova,Veneto,45.522255,11.832017
Curtatone,MN,Mantova,Lombardia,45.109553,10.715842
Curti,CE,Caserta,Campania,41.072914,14.273928
Cusago,MI,Milano,Lombardia,45.446245,9.033528
Cusano Milanino,MI,Milano,Lombardia,45.552184,9.183685
Cusano Mutri,BN,Benevento,Campania,41.339082,14.507318
Cusino,CO,Como,Lombardia,46.074584,9.152503
Cusio,BG,Bergamo,Lombardia,45.990888,9.601746
Custonaci,TP,Trapani,Sicilia,38.078163,12.675229
Cutro,KR,Crotone,Calabria,39.035445,16.979263
Cutrofiano,LE,Lecce,Puglia,40.126323,18.201627
Cuveglio,VA,Varese,Lombardia,45.911293,8.726136
Cuvio,VA,Varese,Lombardia,45.896177,8.734129
Dairago,MI,Milano,Lombardia,45.565972,8.863174
Dalmine,BG,Bergamo,Lombardia,45.649279,9.603953
Dambel,TN,Trento,Trentino-Alto Adige/Südtirol,46.404712,11.093072
Danta di Cadore,BL,Belluno,Veneto,46.566029,12.517302
Darfo Boario Terme,BS,Brescia,Lombardia,45.883486,10.180707
Dasà,VV,Vibo Valentia,Calabria,38.564879,16196
Davagna,GE,Genova,Liguria,44.466953,9.090958
Daverio,VA,Varese,Lombardia,45.778403,8.771828
Davoli,CZ,Catanzaro,Calabria,38.647383,16.486205
Dazio,SO,Sondrio,Lombardia,46.16127,9.600839
Decimomannu,CA,Cagliari,Sardegna,39.311738,8.968841
Decimoputzu,SU,Sud Sardegna,Sardegna,39.335238,8.91524
Decollatura,CZ,Catanzaro,Calabria,39.047789,16.355098
Dego,SV,Savona,Liguria,44.443038,8.305947
Deiva Marina,SP,La Spezia,Liguria,44.218231,9.520046
Delebio,SO,Sondrio,Lombardia,46.13609,9.46064
Delia,CL,Caltanissetta,Sicilia,37.356036,13.927289
Delianuova,RC,Reggio Calabria,Calabria,38.234071,15.917798
Deliceto,FG,Foggia,Puglia,41.223026,15.38585
Dello,BS,Brescia,Lombardia,45.41811,10.075203
Demonte,CN,Cuneo,Piemonte,44.315264,7.297508
Denice,AL,Alessandria,Piemonte,44.598842,8.333145
Denno,TN,Trento,Trentino-Alto Adige/Südtirol,46.275008,11.049074
Dernice,AL,Alessandria,Piemonte,44.766872,9.05076
Derovere,CR,Cremona,Lombardia,45.109972,10.247977
Deruta,PG,Perugia,Umbria,42.98229,12.419588
Dervio,LC,Lecco,Lombardia,46.076574,9.304528
Desana,VC,Vercelli,Piemonte,45.268822,8.356728
Desenzano del Garda,BS,Brescia,Lombardia,45.469485,10.538947
Desio,MB,Monza e della Brianza,Lombardia,45.61831,9.208124
Desulo,NU,Nuoro,Sardegna,40.010756,9.228296
Diamante,CS,Cosenza,Calabria,39.67773,15.821128
Diano Arentino,IM,Imperia,Liguria,43.949625,8.04155
Diano Castello,IM,Imperia,Liguria,43.923741,8.067186
Diano d'Alba,CN,Cuneo,Piemonte,44.65031,8.027508
Diano Marina,IM,Imperia,Liguria,43.908014,8.066675
Diano San Pietro,IM,Imperia,Liguria,43.931424,8.071651
Dicomano,FI,Firenze,Toscana,43.891962,11.52365
Dignano,UD,Udine,Friuli-Venezia Giulia,46.085028,12.939294
Dimaro Folgarida,TN,Trento,Trentino-Alto Adige/Südtirol,46.302192,10.886908
Dinami,VV,Vibo Valentia,Calabria,38.527776,16.147958
Dipignano,CS,Cosenza,Calabria,39.237492,16.253094
Diso,LE,Lecce,Puglia,40.009522,18.392532
Divignano,NO,Novara,Piemonte,45.66237,8.601631
Dizzasco,CO,Como,Lombardia,45.943782,9.099736
Dobbiaco,BZ,Bolzano/Bozen,Trentino-Alto Adige/Südtirol,46.735636,12.223958
Doberdò del Lago,GO,Gorizia,Friuli-Venezia Giulia,45.84463,13.540142
Dogliani,CN,Cuneo,Piemonte,44.530782,7.947233
Dogliola,CH,Chieti,Abruzzo,41.941896,14.636275
Dogna,UD,Udine,Friuli-Venezia Giulia,46.447932,13.315023
Dolcè,VR,Verona,Veneto,45.600689,10.852482
Dolceacqua,IM,Imperia,Liguria,43.851718,7.622643
Dolcedo,IM,Imperia,Liguria,43.907439,7.951098
Dolegna del Collio,GO,Gorizia,Friuli-Venezia Giulia,46.031323,13.479335
Dolianova,SU,Sud Sardegna,Sardegna,39.378241,9.178644
Dolo,VE,Venezia,Veneto,45.424996,12.076313
Dolzago,LC,Lecco,Lombardia,45.76698,9.339345
Domanico,CS,Cosenza,Calabria,39.219691,16.206093
Domaso,CO,Como,Lombardia,46.15099,9.328142
Domegge di Cadore,BL,Belluno,Veneto,46.460376,12.415824
Domicella,AV,Avellino,Campania,40.880013,14.587737
Domodossola,VB,Verbano-Cusio-Ossola,Piemonte,46.115245,8.292046
Domus de Maria,SU,Sud Sardegna,Sardegna,38.944031,8.863544
Domusnovas,SU,Sud Sardegna,Sardegna,39.324736,8.648734
Donato,BI,Biella,Piemonte,45.528192,7.908557
Dongo,CO,Como,Lombardia,46.122936,9.279079
Donnas,AO,Valle d'Aosta/Vallée d'Aoste,Valle d'Aosta/Vallée d'Aoste,45.603763,7.769697
Donori,SU,Sud Sardegna,Sardegna,39.431797,9.127153
Dorgali,NU,Nuoro,Sardegna,40.292802,9.588832
Dorio,LC,Lecco,Lombardia,46.101812,9.31927
Dormelletto,NO,Novara,Piemonte,45.736272,8.566628
Dorno,PV,Pavia,Lombardia,45.155085,8.951882
Dorzano,BI,Biella,Piemonte,45.42606,8.098524
Dosolo,MN,Mantova,Lombardia,44.953372,10.637588
Dossena,BG,Bergamo,Lombardia,45.880286,9.696751
Dosso del Liro,CO,Como,Lombardia,46.163989,9.272936
Doues,AO,Valle d'Aosta/Vallée d'Aoste,Valle d'Aosta/Vallée d'Aoste,45.819391,7.306582
Dovadola,FC,Forlì-Cesena,Emilia-Romagna,44.122574,11.888255
Dovera,CR,Cremona,Lombardia,45.365153,9.541688
Dozza,BO,Bologna,Emilia-Romagna,44.359391,11.628879
Dragoni,CE,Caserta,Campania,41.27024,14.309773
Drapia,VV,Vibo Valentia,Calabria,38.664524,15.910363
Drena,TN,Trento,Trentino-Alto Adige/Südtirol,45.969299,10.944477
Drenchia,UD,Udine,Friuli-Venezia Giulia,46.174173,13.636537
Dresano,MI,Milano,Lombardia,45.37297,9.360642
Dro,TN,Trento,Trentino-Alto Adige/Südtirol,45.961471,10.91111
Dronero,CN,Cuneo,Piemonte,44.465942,7.367256
Druento,TO,Torino,Piemonte,45.134748,7.576618
Druogno,VB,Verbano-Cusio-Ossola,Piemonte,46.134537,8.436344
Dualchi,NU,Nuoro,Sardegna,40.228855,8.896427
Dubino,SO,Sondrio,Lombardia,46.153343,9.461512
Due Carrare,PD,Padova,Veneto,45.290505,11.821753
Dueville,VI,Vicenza,Veneto,45.635517,11.548598
Dugenta,BN,Benevento,Campania,41.132217,14.452431
Duino Aurisina,TS,Trieste,Friuli-Venezia Giulia,45.770377,13.675305
Dumenza,VA,Varese,Lombardia,46.019164,8.78712
Duno,VA,Varese,Lombardia,45.914064,8.737194
Durazzano,BN,Benevento,Campania,41.062481,14.447478
Duronia,CB,Campobasso,Molise,41.658928,14.458424
Dusino San Michele,AT,Asti,Piemonte,44.925493,7.97219
Eboli,SA,Salerno,Campania,40.617515,15.056944
Edolo,BS,Brescia,Lombardia,46.179375,10.330757
Egna,BZ,Bolzano/Bozen,Trentino-Alto Adige/Südtirol,46.316916,11.27257
Elice,PE,Pescara,Abruzzo,42.518275,13.968282
Elini,NU,Nuoro,Sardegna,39.8999,9.531347
Ello,LC,Lecco,Lombardia,45.78568,9.365345
Elmas,CA,Cagliari,Sardegna,39.268086,9.049631
Elva,CN,Cuneo,Piemonte,44.540329,7.090319
Emarèse,AO,Valle d'Aosta/Vallée d'Aoste,Valle d'Aosta/Vallée d'Aoste,45.724202,7.690159
Empoli,FI,Firenze,Toscana,43.719488,10.945856
Endine Gaiano,BG,Bergamo,Lombardia,45.792486,9.969058
Enego,VI,Vicenza,Veneto,45.940493,11.709612
Enemonzo,UD,Udine,Friuli-Venezia Giulia,46.410902,12.878716
Enna,EN,Enna,Sicilia,37.566757,14.280747
Entracque,CN,Cuneo,Piemonte,44.241425,7.399331
Entratico,BG,Bergamo,Lombardia,45.705615,9.874626
Envie,CN,Cuneo,Piemonte,44.682235,7.371123
Episcopia,PZ,Potenza,Basilicata,40.074807,16.098181
Eraclea,VE,Venezia,Veneto,45.577034,12.673818
Erba,CO,Como,Lombardia,45.80958,9.231242
Erbè,VR,Verona,Veneto,45.240929,10.968485
Erbezzo,VR,Verona,Veneto,45.639788,11.00141
Erbusco,BS,Brescia,Lombardia,45.5985,9.972216
Erchie,BR,Brindisi,Puglia,40.436042,17.734629
Ercolano,NA,Napoli,Campania,40.805361,14.347104
Erice,TP,Trapani,Sicilia,38.03823,12.587182
Erli,SV,Savona,Liguria,44.137529,8.103148
Erto e Casso,PN,Pordenone,Friuli-Venezia Giulia,46.277092,12.359555
Erula,SS,Sassari,Sardegna,40.791166,8.942219
Erve,LC,Lecco,Lombardia,45.821582,9.452846
Esanatoglia,MC,Macerata,Marche,43.252208,12.947827
Escalaplano,SU,Sud Sardegna,Sardegna,39.626647,9.357144
Escolca,SU,Sud Sardegna,Sardegna,39.698446,9.121539
Esine,BS,Brescia,Lombardia,45.925692,10.250862
Esino Lario,LC,Lecco,Lombardia,45.993939,9.3332
Esperia,FR,Frosinone,Lazio,41.383949,13.68061
Esporlatu,SS,Sassari,Sardegna,40.386607,8.989713
Este,PD,Padova,Veneto,45.224007,11.659796
Esterzili,SU,Sud Sardegna,Sardegna,39.779149,9.284741
Etroubles,AO,Valle d'Aosta/Vallée d'Aoste,Valle d'Aosta/Vallée d'Aoste,45.820582,7.230574
Eupilio,CO,Como,Lombardia,45.818252,9.264711
Exilles,TO,Torino,Piemonte,45.097383,6.929065
Fabbrica Curone,AL,Alessandria,Piemonte,44.784954,9.147559
Fabbriche di Vergemoli,LU,Lucca,Toscana,44.014836,10.391052
Fabbrico,RE,Reggio nell'Emilia,Emilia-Romagna,44.872091,10.810062
Fabriano,AN,Ancona,Marche,43.335841,12.904619
Fabrica di Roma,VT,Viterbo,Lazio,42.335126,12.299767
Fabrizia,VV,Vibo Valentia,Calabria,38.487078,16.301003
Fabro,TR,Terni,Umbria,42.86348,12.012882
Faedis,UD,Udine,Friuli-Venezia Giulia,46.150325,13.346429
Faedo Valtellino,SO,Sondrio,Lombardia,46.152995,9.90605
Faenza,RA,Ravenna,Emilia-Romagna,44.285556,11.883205
Faeto,FG,Foggia,Puglia,41.325426,15.159844
Fagagna,UD,Udine,Friuli-Venezia Giulia,46.11344,13.084572
Faggeto Lario,CO,Como,Lombardia,45.858079,9.170904
Faggiano,TA,Taranto,Puglia,40.419823,17.386605
Fagnano Alto,AQ,L'Aquila,Abruzzo,42.25418,13.597459
Fagnano Castello,CS,Cosenza,Calabria,39.565697,16.053673
Fagnano Olona,VA,Varese,Lombardia,45.668948,8.872771
Fai della Paganella,TN,Trento,Trentino-Alto Adige/Südtirol,46.179331,11.06893
Faicchio,BN,Benevento,Campania,41.278031,14.478745
Falcade,BL,Belluno,Veneto,46.358029,11.872136
Falciano del Massico,CE,Caserta,Campania,41.165122,13.949453
Falconara Albanese,CS,Cosenza,Calabria,39.275892,16.09179
Falconara Marittima,AN,Ancona,Marche,43.629397,13.396676
Falcone,ME,Messina,Sicilia,38.117482,15.079611
Faleria,VT,Viterbo,Lazio,42.226179,12.443181
Falerna,CZ,Catanzaro,Calabria,38.995559,16.162568
Falerone,FM,Fermo,Marche,43.107052,13.471682
Fallo,CH,Chieti,Abruzzo,41.938333,14.323617
Faloppio,CO,Como,Lombardia,45.808891,8.971173
Falvaterra,FR,Frosinone,Lazio,41.505118,13.523806
Falzes,BZ,Bolzano/Bozen,Trentino-Alto Adige/Südtirol,46.81198,11.884006
Fanano,MO,Modena,Emilia-Romagna,44.207737,10.793837
Fanna,PN,Pordenone,Friuli-Venezia Giulia,46.187118,12.753083
Fano,PU,Pesaro e Urbino,Marche,43.842417,13.014663
Fano Adriano,TE,Teramo,Abruzzo,42.552131,13.537962
Fara Filiorum Petri,CH,Chieti,Abruzzo,42.248697,14.185918
Fara Gera d'Adda,BG,Bergamo,Lombardia,45.555676,9.537853
Fara in Sabina,RI,Rieti,Lazio,42.209558,12.72937
Fara Novarese,NO,Novara,Piemonte,45.555159,8.458941
Fara Olivana con Sola,BG,Bergamo,Lombardia,45.49172,9.737362
Fara San Martino,CH,Chieti,Abruzzo,42.089815,14.205333
Fara Vicentino,VI,Vicenza,Veneto,45.739593,11.548287
Fardella,PZ,Potenza,Basilicata,40.113809,16.169782
Farigliano,CN,Cuneo,Piemonte,44.512031,7.914245
Farindola,PE,Pescara,Abruzzo,42.441146,13.823437
Farini,PC,Piacenza,Emilia-Romagna,44.712837,9.569286
Farnese,VT,Viterbo,Lazio,42.549426,11.725652
Farra d'Isonzo,GO,Gorizia,Friuli-Venezia Giulia,45.90802,13.516538
Farra di Soligo,TV,Treviso,Veneto,45.905381,12.12543
Fasano,BR,Brindisi,Puglia,40.834432,17.358399
Fascia,GE,Genova,Liguria,44.571968,9.23564
Fauglia,PI,Pisa,Toscana,43.570638,10.514409
Faule,CN,Cuneo,Piemonte,44.80624,7.585125
Favale di Malvaro,GE,Genova,Liguria,44.452997,9.25956
Favara,AG,Agrigento,Sicilia,37.316197,13.662417
Favignana,TP,Trapani,Sicilia,37.931402,12.327429
Favria,TO,Torino,Piemonte,45.331154,7.690617
Feisoglio,CN,Cuneo,Piemonte,44.543739,8.104941
Feletto,TO,Torino,Piemonte,45.303853,7.744719
Felino,PR,Parma,Emilia-Romagna,44.696587,10.237205
Felitto,SA,Salerno,Campania,40.373507,15.243058
Felizzano,AL,Alessandria,Piemonte,44.899964,8.436212
Feltre,BL,Belluno,Veneto,46.016376,11.906254
Fenegrò,CO,Como,Lombardia,45.701637,8.999679
Fenestrelle,TO,Torino,Piemonte,45.036095,7.049562
Fénis,AO,Valle d'Aosta/Vallée d'Aoste,Valle d'Aosta/Vallée d'Aoste,45.736013,7.494371
Ferentillo,TR,Terni,Umbria,42.620768,12.788726
Ferentino,FR,Frosinone,Lazio,41.692932,13.253422
Ferla,SR,Siracusa,Sicilia,37.118582,14.941138
Fermignano,PU,Pesaro e Urbino,Marche,43.676758,12.645373
Fermo,FM,Fermo,Marche,43.092249,13.638768
Ferno,VA,Varese,Lombardia,45.614147,8.754548
Feroleto Antico,CZ,Catanzaro,Calabria,38.961095,16.388327
Feroleto della Chiesa,RC,Reggio Calabria,Calabria,38.465776,16.064198
Ferrandina,MT,Matera,Basilicata,40.501218,16.454683
Ferrara,FE,Ferrara,Emilia-Romagna,44.766764,11.827939
Ferrara di Monte Baldo,VR,Verona,Veneto,45.676916,10.85434
Ferrazzano,CB,Campobasso,Molise,41.530947,14.671047
Ferrera di Varese,VA,Varese,Lombardia,45.934525,8.785824
Ferrera Erbognone,PV,Pavia,Lombardia,45.115059,8.864347
Ferrere,AT,Asti,Piemonte,44.875446,7.994732
Ferriere,PC,Piacenza,Emilia-Romagna,44.644144,9.497457
Ferruzzano,RC,Reggio Calabria,Calabria,38.038715,16.087049
Fiamignano,RI,Rieti,Lazio,42.265033,13.126363
Fiano,TO,Torino,Piemonte,45.216871,7.522685
Fiano Romano,RM,Roma,Lazio,42.171913,12.592726
Fiastra,MC,Macerata,Marche,43.036141,13.155455
Fiavè,TN,Trento,Trentino-Alto Adige/Südtirol,46.00458,10.842052
Ficarazzi,PA,Palermo,Sicilia,38.088458,13.463786
Ficarolo,RO,Rovigo,Veneto,44.953799,11.435729
Ficarra,ME,Messina,Sicilia,38.109061,14.828976
Ficulle,TR,Terni,Umbria,42.836274,12.065609
Fidenza,PR,Parma,Emilia-Romagna,44.866522,10.061194
Fiè allo Sciliar,BZ,Bolzano/Bozen,Trentino-Alto Adige/Südtirol,46.517598,11.502614
Fierozzo,TN,Trento,Trentino-Alto Adige/Südtirol,46.108087,11.34631
Fiesco,CR,Cremona,Lombardia,45.336361,9.77761
Fiesole,FI,Firenze,Toscana,43.806669,11.293074
Fiesse,BS,Brescia,Lombardia,45.231475,10.324177
Fiesso d'Artico,VE,Venezia,Veneto,45.417348,12.033181
Fiesso Umbertiano,RO,Rovigo,Veneto,44.961184,11.604642
Figino Serenza,CO,Como,Lombardia,45.70978,9.128939
Figline e Incisa Valdarno,FI,Firenze,Toscana,43.630795,11.462946
Figline Vegliaturo,CS,Cosenza,Calabria,39.225192,16.330296
Filacciano,RM,Roma,Lazio,42.254826,12.597675
Filadelfia,VV,Vibo Valentia,Calabria,38.783764,16.291088
Filago,BG,Bergamo,Lombardia,45.637578,9.556352
Filandari,VV,Vibo Valentia,Calabria,38.615079,16.031396
Filattiera,MS,Massa-Carrara,Toscana,44.330791,9.934823
Filettino,FR,Frosinone,Lazio,41.891424,13.327496
Filetto,CH,Chieti,Abruzzo,42.228224,14.245095
Filiano,PZ,Potenza,Basilicata,40.831879,15.716292
Filighera,PV,Pavia,Lombardia,45.177065,9.315955
Filignano,IS,Isernia,Molise,41.545332,14.056175
Filogaso,VV,Vibo Valentia,Calabria,38.681481,16.228699
Filottrano,AN,Ancona,Marche,43.436659,13.354474
Finale Emilia,MO,Modena,Emilia-Romagna,44.834574,11.293905
Finale Ligure,SV,Savona,Liguria,44.168905,8.343652
Fino del Monte,BG,Bergamo,Lombardia,45.892689,9.994057
Fino Mornasco,CO,Como,Lombardia,45.742876,9.047639
Fiorano al Serio,BG,Bergamo,Lombardia,45.799841,9.842294
Fiorano Canavese,TO,Torino,Piemonte,45.467758,7.833718
Fiorano Modenese,MO,Modena,Emilia-Romagna,44.539143,10.811848
Fiorenzuola d'Arda,PC,Piacenza,Emilia-Romagna,44.928084,9.910722
Firenze,FI,Firenze,Toscana,43.769871,11.255576
Firenzuola,FI,Firenze,Toscana,44.119079,11.379227
Firmo,CS,Cosenza,Calabria,39.721401,16.170186
Fiscaglia,FE,Ferrara,Emilia-Romagna,44.794133,12.029515
Fisciano,SA,Salerno,Campania,40.772812,14.799443
Fiuggi,FR,Frosinone,Lazio,41.798561,13.220489
Fiumalbo,MO,Modena,Emilia-Romagna,44.179951,10.647733
Fiumara,RC,Reggio Calabria,Calabria,38.212669,15.693693
Fiume Veneto,PN,Pordenone,Friuli-Venezia Giulia,45.927943,12.732176
Fiumedinisi,ME,Messina,Sicilia,38.026238,15.382083
Fiumefreddo Bruzio,CS,Cosenza,Calabria,39.234427,16.069517
Fiumefreddo di Sicilia,CT,Catania,Sicilia,37.792355,15.206946
Fiumicello Villa Vicentina,UD,Udine,Friuli-Venezia Giulia,45.783608,13.413019
Fiumicino,RM,Roma,Lazio,41.767566,12.233947
Fiuminata,MC,Macerata,Marche,43.18745,12.932168
Fivizzano,MS,Massa-Carrara,Toscana,44.23835,10.12599
Flaibano,UD,Udine,Friuli-Venezia Giulia,46.058333,12.983642
Flero,BS,Brescia,Lombardia,45.482887,10.175008
Floresta,ME,Messina,Sicilia,37.987351,14.909714
Floridia,SR,Siracusa,Sicilia,37.086946,15.151894
Florinas,SS,Sassari,Sardegna,40.649561,8.665116
Flumeri,AV,Avellino,Campania,41.077821,15.147747
Fluminimaggiore,SU,Sud Sardegna,Sardegna,39.439237,8.49793
Flussio,OR,Oristano,Sardegna,40.267452,8.540219
Fobello,VC,Vercelli,Piemonte,45.889425,8.15868
Foggia,FG,Foggia,Puglia,41.502811,15.4529
Foglianise,BN,Benevento,Campania,41.160133,14.671322
Fogliano Redipuglia,GO,Gorizia,Friuli-Venezia Giulia,45.856486,13.492933
Foglizzo,TO,Torino,Piemonte,45.271272,7.822265
Foiano della Chiana,AR,Arezzo,Toscana,43.252454,11.81876
Foiano di Val Fortore,BN,Benevento,Campania,41.351825,14.97734
Folgaria,TN,Trento,Trentino-Alto Adige/Südtirol,45.914973,11.173015
Folignano,AP,Ascoli Piceno,Marche,42.820247,13.634289
Foligno,PG,Perugia,Umbria,42.956183,12.703334
Follina,TV,Treviso,Veneto,45.953073,12.118137
Follo,SP,La Spezia,Liguria,44.172831,9.832864
Follonica,GR,Grosseto,Toscana,42.926326,10.761625
Fombio,LO,Lodi,Lombardia,45.136629,9.684479
Fondachelli-Fantina,ME,Messina,Sicilia,38.000627,15.182419
Fondi,LT,Latina,Lazio,41.357285,13.430031
Fonni,NU,Nuoro,Sardegna,40.118804,9.251971
Fontainemore,AO,Valle d'Aosta/Vallée d'Aoste,Valle d'Aosta/Vallée d'Aoste,45.64826,7.860256
Fontana Liri,FR,Frosinone,Lazio,41.61002,13.550305
Fontanafredda,PN,Pordenone,Friuli-Venezia Giulia,45.973397,12.569123
Fontanarosa,AV,Avellino,Campania,41.018361,15.02099
Fontanelice,BO,Bologna,Emilia-Romagna,44.260098,11.559736
Fontanella,BG,Bergamo,Lombardia,45.469877,9.801961
Fontanellato,PR,Parma,Emilia-Romagna,44.881666,10.172179
Fontanelle,TV,Treviso,Veneto,45.831333,12.467546
Fontaneto d'Agogna,NO,Novara,Piemonte,45.643469,8.480828
Fontanetto Po,VC,Vercelli,Piemonte,45.193464,8.191925
Fontanigorda,GE,Genova,Liguria,44.54605,9.304466
Fontanile,AT,Asti,Piemonte,44.753259,8.422351
Fontaniva,PD,Padova,Veneto,45.637629,11.752198
Fonte,TV,Treviso,Veneto,45.787158,11.867507
Fonte Nuova,RM,Roma,Lazio,41.996254,12.623621
Fontecchio,AQ,L'Aquila,Abruzzo,42.229943,13.605891
Fontechiari,FR,Frosinone,Lazio,41.667966,13.675576
Fontegreca,CE,Caserta,Campania,41.455522,14.183621
Fonteno,BG,Bergamo,Lombardia,45.757803,10.020207
Fontevivo,PR,Parma,Emilia-Romagna,44.858765,10.17518
Fonzaso,BL,Belluno,Veneto,46.017903,11.799754
Foppolo,BG,Bergamo,Lombardia,46.04189,9.757449
Forano,RI,Rieti,Lazio,42.296584,12.595375
Force,AP,Ascoli Piceno,Marche,42.963257,13.490948
Forchia,BN,Benevento,Campania,41.030225,14.537343
Forcola,SO,Sondrio,Lombardia,46.158774,9.670848
Fordongianus,OR,Oristano,Sardegna,39.994549,8.809828
Forenza,PZ,Potenza,Basilicata,40.859583,15.855268
Foresto Sparso,BG,Bergamo,Lombardia,45.690883,9.920059
Forgaria nel Friuli,UD,Udine,Friuli-Venezia Giulia,46.222822,12.973486
Forino,AV,Avellino,Campania,40.861973,14.734796
Forio,NA,Napoli,Campania,40.736842,13.858135
Forlì,FC,Forlì-Cesena,Emilia-Romagna,44.222728,12.041273
Forlì del Sannio,IS,Isernia,Molise,41.695927,14.179517
Forlimpopoli,FC,Forlì-Cesena,Emilia-Romagna,44.187305,12.125906
Formazza,VB,Verbano-Cusio-Ossola,Piemonte,46.374475,8.421044
Formello,RM,Roma,Lazio,42.082521,12.400273
Formia,LT,Latina,Lazio,41.259308,13.608021
Formicola,CE,Caserta,Campania,41.21044,14.232798
Formigara,CR,Cremona,Lombardia,45.223221,9.771767
Formigine,MO,Modena,Emilia-Romagna,44.575143,10.847028
Formigliana,VC,Vercelli,Piemonte,45.429262,8.291928
Fornace,TN,Trento,Trentino-Alto Adige/Südtirol,46.118196,11.206501
Fornelli,IS,Isernia,Molise,41.606727,14.139489
Forni Avoltri,UD,Udine,Friuli-Venezia Giulia,46.586831,12.776908
Forni di Sopra,UD,Udine,Friuli-Venezia Giulia,46.420227,12.585596
Forni di Sotto,UD,Udine,Friuli-Venezia Giulia,46.395045,12.670226
Forno Canavese,TO,Torino,Piemonte,45.345353,7.591015
Fornovo di Taro,PR,Parma,Emilia-Romagna,44.691962,10.100985
Fornovo San Giovanni,BG,Bergamo,Lombardia,45.497925,9.676906
Forte dei Marmi,LU,Lucca,Toscana,43.959589,10.169939
Fortezza,BZ,Bolzano/Bozen,Trentino-Alto Adige/Südtirol,46.789626,11.609977
Fortunago,PV,Pavia,Lombardia,44.921176,9.183875
Forza d'Agrò,ME,Messina,Sicilia,37.91372,15.335449
Fosciandora,LU,Lucca,Toscana,44.116476,10.459489
Fosdinovo,MS,Massa-Carrara,Toscana,44.13382,10.018869
Fossa,AQ,L'Aquila,Abruzzo,42.292921,13.487868
Fossacesia,CH,Chieti,Abruzzo,42.244633,14.482904
Fossalta di Piave,VE,Venezia,Veneto,45.645747,12.513256
Fossalta di Portogruaro,VE,Venezia,Veneto,45.791747,12.909023
Fossalto,CB,Campobasso,Molise,41.672929,14.545726
Fossano,CN,Cuneo,Piemonte,44.549349,7.725016
Fossato di Vico,PG,Perugia,Umbria,43.297628,12.75988
Fossato Serralta,CZ,Catanzaro,Calabria,38.99629,16.579604
Fossò,VE,Venezia,Veneto,45.38565,12.048577
Fossombrone,PU,Pesaro e Urbino,Marche,43.690797,12.812612
Foza,VI,Vicenza,Veneto,45.896266,11.630726
Frabosa Soprana,CN,Cuneo,Piemonte,44.287769,7.806567
Frabosa Sottana,CN,Cuneo,Piemonte,44.302165,7.798008
Fraconalto,AL,Alessandria,Piemonte,44.591047,8.878456
Fragagnano,TA,Taranto,Puglia,40.431924,17.472207
Fragneto l'Abate,BN,Benevento,Campania,41.256187,14.782426
Fragneto Monforte,BN,Benevento,Campania,41.246039,14.760604
Fraine,CH,Chieti,Abruzzo,41.905434,14.486421
Framura,SP,La Spezia,Liguria,44.208745,9.554544
Francavilla al Mare,CH,Chieti,Abruzzo,42.420643,14.28701
Francavilla Angitola,VV,Vibo Valentia,Calabria,38.780184,16.271699
Francavilla Bisio,AL,Alessandria,Piemonte,44.734649,8.731251
Francavilla d'Ete,FM,Fermo,Marche,43.187355,13.540682
Francavilla di Sicilia,ME,Messina,Sicilia,37.901129,15.136208
Francavilla Fontana,BR,Brindisi,Puglia,40.530162,17.582677
Francavilla in Sinni,PZ,Potenza,Basilicata,40.080192,16.203224
Francavilla Marittima,CS,Cosenza,Calabria,39.817846,16.386644
Francica,VV,Vibo Valentia,Calabria,38.615679,16.099297
Francofonte,SR,Siracusa,Sicilia,37.226582,14.881881
Francolise,CE,Caserta,Campania,41.185015,14.056722
Frascaro,AL,Alessandria,Piemonte,44.826449,8.532245
Frascarolo,PV,Pavia,Lombardia,45.046656,8.682044
Frascati,RM,Roma,Lazio,41.808245,12.680368
Frascineto,CS,Cosenza,Calabria,39.836404,16.261987
Frassilongo,TN,Trento,Trentino-Alto Adige/Südtirol,46.080854,11.319519
Frassinelle Polesine,RO,Rovigo,Veneto,44.995182,11.698811
Frassinello Monferrato,AL,Alessandria,Piemonte,45.031753,8.387638
Frassineto Po,AL,Alessandria,Piemonte,45.133411,8.533943
Frassinetto,TO,Torino,Piemonte,45.437142,7.606743
Frassino,CN,Cuneo,Piemonte,44.571632,7.276023
Frassinoro,MO,Modena,Emilia-Romagna,44.295555,10.570198
Frasso Sabino,RI,Rieti,Lazio,42.229827,12.80558
Frasso Telesino,BN,Benevento,Campania,41.156818,14.527832
Fratta Polesine,RO,Rovigo,Veneto,45.029282,11.64501
Fratta Todina,PG,Perugia,Umbria,42.857978,12.364672
Frattamaggiore,NA,Napoli,Campania,40.941426,14.272209
Frattaminore,NA,Napoli,Campania,40.95574,14.270948
Fratte Rosa,PU,Pesaro e Urbino,Marche,43.631954,12.901843
Frazzanò,ME,Messina,Sicilia,38.072269,14.744953
Fregona,TV,Treviso,Veneto,46.000218,12.338962
Fresagrandinaria,CH,Chieti,Abruzzo,41.978949,14.663436
Fresonara,AL,Alessandria,Piemonte,44.78295,8.686149
Frigento,AV,Avellino,Campania,41.011319,15.099747
Frignano,CE,Caserta,Campania,40.997933,14.179376
Frinco,AT,Asti,Piemonte,45.004901,8.168806
Frisa,CH,Chieti,Abruzzo,42.26124,14.369414
Frisanco,PN,Pordenone,Friuli-Venezia Giulia,46.212776,12.727062
Front,TO,Torino,Piemonte,45.280852,7.663618
Frontino,PU,Pesaro e Urbino,Marche,43.764558,12.376747
Frontone,PU,Pesaro e Urbino,Marche,43.513723,12.734482
Frosinone,FR,Frosinone,Lazio,41.628259,13.576332
Frosolone,IS,Isernia,Molise,41.600627,14.446525
Frossasco,TO,Torino,Piemonte,44.932944,7.350218
Frugarolo,AL,Alessandria,Piemonte,44.837151,8.681548
Fubine Monferrato,AL,Alessandria,Piemonte,44.962752,8.42994
Fucecchio,FI,Firenze,Toscana,43.729202,10.808205
Fuipiano Valle Imagna,BG,Bergamo,Lombardia,45.854284,9.528447
Fumane,VR,Verona,Veneto,45.542953,10.883974
Fumone,FR,Frosinone,Lazio,41.72734,13.289909
Funes,BZ,Bolzano/Bozen,Trentino-Alto Adige/Südtirol,46.6451,11.696841
Furci,CH,Chieti,Abruzzo,42.007936,14.587875
Furci Siculo,ME,Messina,Sicilia,37.961204,15.381735
Furnari,ME,Messina,Sicilia,38.104671,15.125223
Furore,SA,Salerno,Campania,40.618936,14.548137
Furtei,SU,Sud Sardegna,Sardegna,39.562369,8.944739
Fuscaldo,CS,Cosenza,Calabria,39.414294,16.029787
Fusignano,RA,Ravenna,Emilia-Romagna,44.467503,11.960192
Fusine,SO,Sondrio,Lombardia,46.149041,9.749098
Futani,SA,Salerno,Campania,40.150703,15.323163
Gabbioneta-Binanuova,CR,Cremona,Lombardia,45.218437,10.207747
Gabiano,AL,Alessandria,Piemonte,45.156754,8.195231
Gabicce Mare,PU,Pesaro e Urbino,Marche,43.966874,12.75631
Gaby,AO,Valle d'Aosta/Vallée d'Aoste,Valle d'Aosta/Vallée d'Aoste,45.710652,7.890131
Gadesco-Pieve Delmona,CR,Cremona,Lombardia,45.167703,10.114948
Gadoni,NU,Nuoro,Sardegna,39.913451,9.185837
Gaeta,LT,Latina,Lazio,41.218312,13.56281
Gaggi,ME,Messina,Sicilia,37.860091,15.221412
Gaggiano,MI,Milano,Lombardia,45.406461,9.034418
Gaggio Montano,BO,Bologna,Emilia-Romagna,44.196956,10.932908
Gaglianico,BI,Biella,Piemonte,45.537862,8.075022
Gagliano Aterno,AQ,L'Aquila,Abruzzo,42.126532,13.700001
Gagliano Castelferrato,EN,Enna,Sicilia,37.71139,14.536661
Gagliano del Capo,LE,Lecce,Puglia,39.844218,18.369534
Gagliato,CZ,Catanzaro,Calabria,38.676978,16.462646
Gagliole,MC,Macerata,Marche,43.238301,13.067304
Gaiarine,TV,Treviso,Veneto,45.880504,12.481591
Gaiba,RO,Rovigo,Veneto,44.946179,11.480207
Gaiola,CN,Cuneo,Piemonte,44.335245,7.406784
Gaiole in Chianti,SI,Siena,Toscana,43.468295,11.4342
Gairo,NU,Nuoro,Sardegna,39.847052,9.507244
Gais,BZ,Bolzano/Bozen,Trentino-Alto Adige/Südtirol,46.833156,11.947484
Galati Mamertino,ME,Messina,Sicilia,38.031559,14.772517
Galatina,LE,Lecce,Puglia,40.174278,18.167839
Galatone,LE,Lecce,Puglia,40.142922,18.070424
Galatro,RC,Reggio Calabria,Calabria,38.45974,16.110777
Galbiate,LC,Lecco,Lombardia,45.817534,9.375015
Galeata,FC,Forlì-Cesena,Emilia-Romagna,43.996663,11.912006
Galgagnano,LO,Lodi,Lombardia,45.357971,9.445355
Gallarate,VA,Varese,Lombardia,45.659895,8.793201
Gallese,VT,Viterbo,Lazio,42.373287,12.402804
Galliate,NO,Novara,Piemonte,45.478267,8.696903
Galliate Lombardo,VA,Varese,Lombardia,45.784582,8.770894
Galliavola,PV,Pavia,Lombardia,45.097559,8.818846
Gallicano,LU,Lucca,Toscana,44.060651,10.435668
Gallicano nel Lazio,RM,Roma,Lazio,41.87207,12.818534
Gallicchio,PZ,Potenza,Basilicata,40.289012,16.139079
Galliera,BO,Bologna,Emilia-Romagna,44.749163,11.426533
Galliera Veneta,PD,Padova,Veneto,45.66284,11.828488
Gallinaro,FR,Frosinone,Lazio,41.653423,13.79781
Gallio,VI,Vicenza,Veneto,45.892626,11.547102
Gallipoli,LE,Lecce,Puglia,40.05672,17.996423
Gallo Matese,CE,Caserta,Campania,41.464522,14.225022
Gallodoro,ME,Messina,Sicilia,37.90183,15.293695
Galluccio,CE,Caserta,Campania,41.352318,13.953717
Galtellì,NU,Nuoro,Sardegna,40.386589,9.614322
Galzignano Terme,PD,Padova,Veneto,45.306808,11.733968
Gamalero,AL,Alessandria,Piemonte,44.809049,8.541645
Gambara,BS,Brescia,Lombardia,45.255246,10.293411
Gambarana,PV,Pavia,Lombardia,45.028959,8.762538
Gambasca,CN,Cuneo,Piemonte,44.628734,7.347323
Gambassi Terme,FI,Firenze,Toscana,43.539113,10.954075
Gambatesa,CB,Campobasso,Molise,41.509889,14.912052
Gambellara,VI,Vicenza,Veneto,45.462509,11.33984
Gamberale,CH,Chieti,Abruzzo,41.906031,14.207315
Gambettola,FC,Forlì-Cesena,Emilia-Romagna,44.116946,12.338764
Gambolò,PV,Pavia,Lombardia,45.25903,8.85906
Gambugliano,VI,Vicenza,Veneto,45.588874,11.440015
Gandellino,BG,Bergamo,Lombardia,45.99155,9.946597
Gandino,BG,Bergamo,Lombardia,45.811533,9.903118
Gandosso,BG,Bergamo,Lombardia,45.658882,9.888859
Gangi,PA,Palermo,Sicilia,37.795627,14.20672
Garaguso,MT,Matera,Basilicata,40.548418,16.227178
Garbagna,AL,Alessandria,Piemonte,44.780453,8.997856
Garbagna Novarese,NO,Novara,Piemonte,45.388764,8.661237
Garbagnate Milanese,MI,Milano,Lombardia,45.577145,9.080025
Garbagnate Monastero,LC,Lecco,Lombardia,45.772926,9.302566
Garda,VR,Verona,Veneto,45.575651,10.70853
Gardone Riviera,BS,Brescia,Lombardia,45.618785,10.559101
Gardone Val Trompia,BS,Brescia,Lombardia,45.687914,10.183724
Garessio,CN,Cuneo,Piemonte,44.202931,8.019253
Gargallo,NO,Novara,Piemonte,45.72877,8.425325
Gargazzone,BZ,Bolzano/Bozen,Trentino-Alto Adige/Südtirol,46.584781,11.20273
Gargnano,BS,Brescia,Lombardia,45.688138,10.663501
Garlasco,PV,Pavia,Lombardia,45.197362,8.923746
Garlate,LC,Lecco,Lombardia,45.80604,9.40197
Garlenda,SV,Savona,Liguria,44.034227,8.09565
Garniga Terme,TN,Trento,Trentino-Alto Adige/Südtirol,46.002649,11.087054
Garzeno,CO,Como,Lombardia,46.134274,9.248345
Garzigliana,TO,Torino,Piemonte,44.837239,7.37442
Gasperina,CZ,Catanzaro,Calabria,38.73965,16.507381
Gassino Torinese,TO,Torino,Piemonte,45.13165,7.827624
Gattatico,RE,Reggio nell'Emilia,Emilia-Romagna,44.795684,10.444557
Gatteo,FC,Forlì-Cesena,Emilia-Romagna,44.109466,12.386042
Gattico-Veruno,NO,Novara,Piemonte,45.702046,8.52983
Gattinara,VC,Vercelli,Piemonte,45.614242,8.371138
Gavardo,BS,Brescia,Lombardia,45.584627,10.438237
Gavello,RO,Rovigo,Veneto,45.021915,11.914413
Gaverina Terme,BG,Bergamo,Lombardia,45.755784,9.886657
Gavi,AL,Alessandria,Piemonte,44.687649,8.809353
Gavignano,RM,Roma,Lazio,41.699118,13.051793
Gavirate,VA,Varese,Lombardia,45.842826,8.717671
Gavoi,NU,Nuoro,Sardegna,40.161756,9.195134
Gavorrano,GR,Grosseto,Toscana,42.925374,10.905803
Gazoldo degli Ippoliti,MN,Mantova,Lombardia,45.200277,10.579383
Gazzada Schianno,VA,Varese,Lombardia,45.781043,8.832404
Gazzaniga,BG,Bergamo,Lombardia,45.796642,9.834955
Gazzo,PD,Padova,Veneto,45581,11.706548
Gazzo Veronese,VR,Verona,Veneto,45.130336,11.096079
Gazzola,PC,Piacenza,Emilia-Romagna,44.960062,9.548964
Gazzuolo,MN,Mantova,Lombardia,45.069175,10.583113
Gela,CL,Caltanissetta,Sicilia,37.066436,14.250244
Gemmano,RN,Rimini,Emilia-Romagna,43.904162,12.583058
Gemona del Friuli,UD,Udine,Friuli-Venezia Giulia,46.277007,13.140105
Gemonio,VA,Varese,Lombardia,45.879217,8.675397
Genazzano,RM,Roma,Lazio,41.829673,12.972246
Genga,AN,Ancona,Marche,43.429655,12.934965
Genivolta,CR,Cremona,Lombardia,45.332574,9.877265
Genola,CN,Cuneo,Piemonte,44.588936,7.66453
Genoni,SU,Sud Sardegna,Sardegna,39.794647,9.008035
Genova,GE,Genova,Liguria,44.40726,8.933862
Genuri,SU,Sud Sardegna,Sardegna,39.744246,8.923334
Genzano di Lucania,PZ,Potenza,Basilicata,40.849102,16.032463
Genzano di Roma,RM,Roma,Lazio,41.706989,12.691118
Gera Lario,CO,Como,Lombardia,46.171099,9.371899
Gerace,RC,Reggio Calabria,Calabria,38.27233,16.219753
Geraci Siculo,PA,Palermo,Sicilia,37.859137,14.154416
Gerano,RM,Roma,Lazio,41.933119,12.993776
Gerenzago,PV,Pavia,Lombardia,45.206566,9.359656
Gerenzano,VA,Varese,Lombardia,45.639516,8.998218
Gergei,SU,Sud Sardegna,Sardegna,39.699646,9.100438
Germagnano,TO,Torino,Piemonte,45.263872,7.469483
Germagno,VB,Verbano-Cusio-Ossola,Piemonte,45.892281,8.388294
Germignaga,VA,Varese,Lombardia,45.993507,8.724159
Gerocarne,VV,Vibo Valentia,Calabria,38.587478,16.219813
Gerola Alta,SO,Sondrio,Lombardia,46.059382,9.550802
Gerre de' Caprioli,CR,Cremona,Lombardia,45.090209,10.051407
Gesico,SU,Sud Sardegna,Sardegna,39.616337,9.106457
Gessate,MI,Milano,Lombardia,45.554388,9.435192
Gessopalena,CH,Chieti,Abruzzo,42.056635,14.273115
Gesturi,SU,Sud Sardegna,Sardegna,39.739991,9.024004
Gesualdo,AV,Avellino,Campania,41.006719,15.072446
Ghedi,BS,Brescia,Lombardia,45.401081,10.279276
Ghemme,NO,Novara,Piemonte,45.598346,8.420904
Ghiffa,VB,Verbano-Cusio-Ossola,Piemonte,45.959122,8.619823
Ghilarza,OR,Oristano,Sardegna,40.119652,8.834927
Ghisalba,BG,Bergamo,Lombardia,45.594193,9.753914
Ghislarengo,VC,Vercelli,Piemonte,45.528823,8.386128
Giacciano con Baruchella,RO,Rovigo,Veneto,45.060423,11.433427
Giaglione,TO,Torino,Piemonte,45.140239,7.014756
Gianico,BS,Brescia,Lombardia,45.86453,10.183653
Giano dell'Umbria,PG,Perugia,Umbria,42.833467,12.577711
Giano Vetusto,CE,Caserta,Campania,41.202716,14.193424
Giardinello,PA,Palermo,Sicilia,38.088049,13.157041
Giardini-Naxos,ME,Messina,Sicilia,37.835441,15.271845
Giarole,AL,Alessandria,Piemonte,45.060555,8.566541
Giarratana,RG,Ragusa,Sicilia,37.048112,14.793797
Giarre,CT,Catania,Sicilia,37.726857,15.187688
Giave,SS,Sassari,Sardegna,40.451958,8.752221
Giaveno,TO,Torino,Piemonte,45.042005,7.351994
Giavera del Montello,TV,Treviso,Veneto,45.793974,12.169567
Giba,SU,Sud Sardegna,Sardegna,39.071831,8.635638
Gibellina,TP,Trapani,Sicilia,37.807042,12.869539
Gifflenga,BI,Biella,Piemonte,45.493063,8.232226
Giffone,RC,Reggio Calabria,Calabria,38.438176,16.15
Giffoni Sei Casali,SA,Salerno,Campania,40.719141,14.905972
Giffoni Valle Piana,SA,Salerno,Campania,40.718112,14.942347
Gignese,VB,Verbano-Cusio-Ossola,Piemonte,45.860769,8.509671
Gignod,AO,Valle d'Aosta/Vallée d'Aoste,Valle d'Aosta/Vallée d'Aoste,45.779194,7.295678
Gildone,CB,Campobasso,Molise,41.510127,14.739232
Gimigliano,CZ,Catanzaro,Calabria,38.974489,16.530503
Ginestra,PZ,Potenza,Basilicata,40.929822,15.734562
Ginestra degli Schiavoni,BN,Benevento,Campania,41.279924,15.043742
Ginosa,TA,Taranto,Puglia,40.579751,16.756208
Gioi,SA,Salerno,Campania,40.289705,15.218059
Gioia dei Marsi,AQ,L'Aquila,Abruzzo,41.954369,13.693415
Gioia del Colle,BA,Bari,Puglia,40.796728,16.92359
Gioia Sannitica,CE,Caserta,Campania,41.30012,14.444129
Gioia Tauro,RC,Reggio Calabria,Calabria,38.423974,15.898995
Gioiosa Ionica,RC,Reggio Calabria,Calabria,38.322175,16.302605
Gioiosa Marea,ME,Messina,Sicilia,38.173269,14.895164
Giove,TR,Terni,Umbria,43.081478,12.775591
Giovinazzo,BA,Bari,Puglia,41.187501,16.671666
Giovo,TN,Trento,Trentino-Alto Adige/Südtirol,46.185824,11.146814
Girasole,NU,Nuoro,Sardegna,39.951719,9.66196
Girifalco,CZ,Catanzaro,Calabria,38.823355,16.426384
Gissi,CH,Chieti,Abruzzo,42.021227,14.545748
Giuggianello,LE,Lecce,Puglia,40.094423,18.368931
Giugliano in Campania,NA,Napoli,Campania,40.928687,14.200699
Giuliana,PA,Palermo,Sicilia,37.670591,13.237804
Giuliano di Roma,FR,Frosinone,Lazio,41.539323,13.279647
Giuliano Teatino,CH,Chieti,Abruzzo,42.307041,14.278811
Giulianova,TE,Teramo,Abruzzo,42.753486,13.966701
Giungano,SA,Salerno,Campania,40.394707,15.107155
Giurdignano,LE,Lecce,Puglia,40.121524,18.432732
Giussago,PV,Pavia,Lombardia,45.284766,9.140749
Giussano,MB,Monza e della Brianza,Lombardia,45.699381,9.209729
Giustenice,SV,Savona,Liguria,44.172551,8.247188
Giustino,TN,Trento,Trentino-Alto Adige/Südtirol,46.14844,10.769479
Giusvalla,SV,Savona,Liguria,44.447939,8.394149
Givoletto,TO,Torino,Piemonte,45.162248,7.496416
Gizzeria,CZ,Catanzaro,Calabria,38.979987,16.203296
Glorenza,BZ,Bolzano/Bozen,Trentino-Alto Adige/Südtirol,46.671492,10.553913
Godega di Sant'Urbano,TV,Treviso,Veneto,45.929848,12.39811
Godiasco Salice Terme,PV,Pavia,Lombardia,44.890183,9.065673
Godrano,PA,Palermo,Sicilia,37.903344,13.428924
Goito,MN,Mantova,Lombardia,45.254507,10.672941
Golasecca,VA,Varese,Lombardia,45.696899,8.65565
Golferenzo,PV,Pavia,Lombardia,44.962021,9.306952
Golfo Aranci,SS,Sassari,Sardegna,41.006476,9.61453
Gombito,CR,Cremona,Lombardia,45.261556,9728
Gonars,UD,Udine,Friuli-Venezia Giulia,45.895917,13.237131
Goni,SU,Sud Sardegna,Sardegna,39.578128,9.285879
Gonnesa,SU,Sud Sardegna,Sardegna,39.266626,8.47174
Gonnoscodina,OR,Oristano,Sardegna,39.699996,8.835508
Gonnosfanadiga,SU,Sud Sardegna,Sardegna,39.495915,8.662398
Gonnosnò,OR,Oristano,Sardegna,39.761176,8.872328
Gonnostramatza,OR,Oristano,Sardegna,39.681169,8.833845
Gonzaga,MN,Mantova,Lombardia,44.952488,10.822623
Gordona,SO,Sondrio,Lombardia,46.292293,9.365335
Gorga,RM,Roma,Lazio,41.655017,13.109095
Gorgo al Monticano,TV,Treviso,Veneto,45.786953,12.55042
Gorgoglione,MT,Matera,Basilicata,40.394414,16.144578
Gorgonzola,MI,Milano,Lombardia,45.531574,9.404651
Goriano Sicoli,AQ,L'Aquila,Abruzzo,42.080832,13.774803
Gorizia,GO,Gorizia,Friuli-Venezia Giulia,45.944128,13.625229
Gorla Maggiore,VA,Varese,Lombardia,45.664137,8.890948
Gorla Minore,VA,Varese,Lombardia,45.644331,8.897896
Gorlago,BG,Bergamo,Lombardia,45.676703,9.827054
Gorle,BG,Bergamo,Lombardia,45.703735,9.719022
Gornate Olona,VA,Varese,Lombardia,45.739598,8.859798
Gorno,BG,Bergamo,Lombardia,45.862895,9.843416
Goro,FE,Ferrara,Emilia-Romagna,44.850883,12.294927
Gorreto,GE,Genova,Liguria,44.604846,9.291264
Gorzegno,CN,Cuneo,Piemonte,44.512838,8.135142
Gosaldo,BL,Belluno,Veneto,46.212841,11.974516
Gossolengo,PC,Piacenza,Emilia-Romagna,44.99996,9.613788
Gottasecca,CN,Cuneo,Piemonte,44.460137,8.167544
Gottolengo,BS,Brescia,Lombardia,45.291033,10.269829
Govone,CN,Cuneo,Piemonte,44.804445,8.094036
Gozzano,NO,Novara,Piemonte,45.746457,8.436067
Gradara,PU,Pesaro e Urbino,Marche,43.938866,12.771253
Gradisca d'Isonzo,GO,Gorizia,Friuli-Venezia Giulia,45.889551,13.500329
Grado,GO,Gorizia,Friuli-Venezia Giulia,45.677692,13.386443
Gradoli,VT,Viterbo,Lazio,42.643692,11.854888
Graffignana,LO,Lodi,Lombardia,45.209188,9.452577
Graffignano,VT,Viterbo,Lazio,42.574812,12.204398
Graglia,BI,Biella,Piemonte,45.558562,7.978019
Gragnano,NA,Napoli,Campania,40.69,14.521065
Gragnano Trebbiense,PC,Piacenza,Emilia-Romagna,45.013163,9.568964
Grammichele,CT,Catania,Sicilia,37.214682,14.636542
Grana,AT,Asti,Piemonte,44.998351,8.299436
Granarolo dell'Emilia,BO,Bologna,Emilia-Romagna,44.55321,11.443208
Grandate,CO,Como,Lombardia,45.775177,9.057838
Grandola ed Uniti,CO,Como,Lombardia,46.050863,9.189892
Graniti,ME,Messina,Sicilia,37.890173,15.224898
Granozzo con Monticello,NO,Novara,Piemonte,45.371139,8.587767
Grantola,VA,Varese,Lombardia,45.949179,8.774329
Grantorto,PD,Padova,Veneto,45.600775,11.730956
Granze,PD,Padova,Veneto,45.154289,11.713485
Grassano,MT,Matera,Basilicata,40.63262,16.282778
Grassobbio,BG,Bergamo,Lombardia,45.65723,9.723107
Gratteri,PA,Palermo,Sicilia,37.967377,13.97393
Gravedona ed Uniti,CO,Como,Lombardia,46.157675,9.184376
Gravellona Lomellina,PV,Pavia,Lombardia,45.327664,8.76414
Gravellona Toce,VB,Verbano-Cusio-Ossola,Piemonte,45.930175,8.431222
Gravere,TO,Torino,Piemonte,45.125342,7.017507
Gravina di Catania,CT,Catania,Sicilia,37.560369,15.061763
Gravina in Puglia,BA,Bari,Puglia,40.819725,16.422779
Grazzanise,CE,Caserta,Campania,41.089413,14.100324
Grazzano Badoglio,AT,Asti,Piemonte,45.039582,8.313553
Greccio,RI,Rieti,Lazio,42.444796,12.751808
Greci,AV,Avellino,Campania,41.251825,15.169145
Greggio,VC,Vercelli,Piemonte,45.450663,8.38303
Gremiasco,AL,Alessandria,Piemonte,44.796254,9.106858
Gressan,AO,Valle d'Aosta/Vallée d'Aoste,Valle d'Aosta/Vallée d'Aoste,45.719173,7.285097
Gressoney-La-Trinité,AO,Valle d'Aosta/Vallée d'Aoste,Valle d'Aosta/Vallée d'Aoste,45.829612,7.824127
Gressoney-Saint-Jean,AO,Valle d'Aosta/Vallée d'Aoste,Valle d'Aosta/Vallée d'Aoste,45.779297,7.825032
Greve in Chianti,FI,Firenze,Toscana,43.58246,11.316873
Grezzago,MI,Milano,Lombardia,45.591865,9.495203
Grezzana,VR,Verona,Veneto,45.518531,11.016159
Griante,CO,Como,Lombardia,45.995284,9.235538
Gricignano di Aversa,CE,Caserta,Campania,40.980092,14.233711
Grignasco,NO,Novara,Piemonte,45.684099,8.337853
Grigno,TN,Trento,Trentino-Alto Adige/Südtirol,46.017035,11.635942
Grimacco,UD,Udine,Friuli-Venezia Giulia,46.167449,13.581181
Grimaldi,CS,Cosenza,Calabria,39.14199,16.235694
Grinzane Cavour,CN,Cuneo,Piemonte,44.65334,7.995036
Grisignano di Zocco,VI,Vicenza,Veneto,45.47534,11.69895
Grisolia,CS,Cosenza,Calabria,39.724499,15.854179
Grizzana Morandi,BO,Bologna,Emilia-Romagna,44.25736,11.15289
Grognardo,AL,Alessandria,Piemonte,44.63055,8.492931
Gromo,BG,Bergamo,Lombardia,45.96399,9.927054
Grondona,AL,Alessandria,Piemonte,44.69645,8.965456
Grone,BG,Bergamo,Lombardia,45.727504,9.911202
Grontardo,CR,Cremona,Lombardia,45.201873,10.150773
Gropello Cairoli,PV,Pavia,Lombardia,45.178609,8.994031
Gropparello,PC,Piacenza,Emilia-Romagna,44.832706,9.729894
Groscavallo,TO,Torino,Piemonte,45.369225,7.233967
Grosio,SO,Sondrio,Lombardia,46.29893,10.274516
Grosotto,SO,Sondrio,Lombardia,46.279862,10.258441
Grosseto,GR,Grosseto,Toscana,42.77511,11.287804
Grosso,TO,Torino,Piemonte,45.257502,7.557907
Grottaferrata,RM,Roma,Lazio,41.788616,12.666741
Grottaglie,TA,Taranto,Puglia,40.536193,17.434221
Grottaminarda,AV,Avellino,Campania,41.06972,15.058945
Grottammare,AP,Ascoli Piceno,Marche,42.990497,13.86876
Grottazzolina,FM,Fermo,Marche,43.111711,13.602981
Grotte,AG,Agrigento,Sicilia,37.402853,13.70067
Grotte di Castro,VT,Viterbo,Lazio,42.674529,11.872253
Grotteria,RC,Reggio Calabria,Calabria,38.365476,16.264904
Grottole,MT,Matera,Basilicata,40.60102,16.37928
Grottolella,AV,Avellino,Campania,40.972716,14.78704
Gruaro,VE,Venezia,Veneto,45.833496,12.843709
Grugliasco,TO,Torino,Piemonte,45.068046,7.57762
Grumello Cremonese ed Uniti,CR,Cremona,Lombardia,45.20073,9.866095
Grumello del Monte,BG,Bergamo,Lombardia,45.637181,9.876759
Grumento Nova,PZ,Potenza,Basilicata,40.28281,15.888773
Grumo Appula,BA,Bari,Puglia,41.013531,16.708483
Grumo Nevano,NA,Napoli,Campania,40.938154,14.259269
Grumolo delle Abbadesse,VI,Vicenza,Veneto,45.516264,11.658742
Guagnano,LE,Lecce,Puglia,40.401227,17.949018
Gualdo,MC,Macerata,Marche,43.066828,13.341016
Gualdo Cattaneo,PG,Perugia,Umbria,42.909409,12.555816
Gualdo Tadino,PG,Perugia,Umbria,43.231652,12.780962
Gualtieri,RE,Reggio nell'Emilia,Emilia-Romagna,44.905013,10.630226
Gualtieri Sicaminò,ME,Messina,Sicilia,38.163249,15.316544
Guamaggiore,SU,Sud Sardegna,Sardegna,39.568644,9.074039
Guanzate,CO,Como,Lombardia,45.723878,9.010799
Guarcino,FR,Frosinone,Lazio,41.799022,13.313397
Guarda Veneta,RO,Rovigo,Veneto,44.980399,11.802852
Guardabosone,VC,Vercelli,Piemonte,45.701868,8.249322
Guardamiglio,LO,Lodi,Lombardia,45.109902,9.679791
Guardavalle,CZ,Catanzaro,Calabria,38.50498,16.503507
Guardea,TR,Terni,Umbria,42.623382,12.297664
Guardia Lombardi,AV,Avellino,Campania,40.953719,15.20885
Guardia Perticara,PZ,Potenza,Basilicata,40.360513,16.098877
Guardia Piemontese,CS,Cosenza,Calabria,39.466163,15.999259
Guardia Sanframondi,BN,Benevento,Campania,41.256353,14.599527
Guardiagrele,CH,Chieti,Abruzzo,42.195476,14.219712
Guardialfiera,CB,Campobasso,Molise,41.804234,14.79293
Guardiaregia,CB,Campobasso,Molise,41.435024,14.541729
Guardistallo,PI,Pisa,Toscana,43.312708,10.63284
Guarene,CN,Cuneo,Piemonte,44.739486,8.034836
Guasila,SU,Sud Sardegna,Sardegna,39.561843,9.045439
Guastalla,RE,Reggio nell'Emilia,Emilia-Romagna,44.921152,10.653998
Guazzora,AL,Alessandria,Piemonte,45.0138,8.843573
Gubbio,PG,Perugia,Umbria,43.351788,12.577267
Gudo Visconti,MI,Milano,Lombardia,45.372872,8.998828
Guglionesi,CB,Campobasso,Molise,41.913888,14.913613
Guidizzolo,MN,Mantova,Lombardia,45.32068,10.580481
Guidonia Montecelio,RM,Roma,Lazio,41.984273,12.695319
Guiglia,MO,Modena,Emilia-Romagna,44.424132,10.962119
Guilmi,CH,Chieti,Abruzzo,41.997035,14.47842
Gurro,VB,Verbano-Cusio-Ossola,Piemonte,46.085676,8.570615
Guspini,SU,Sud Sardegna,Sardegna,39.54134,8.633131
Gussago,BS,Brescia,Lombardia,45.592664,10.15345
Gussola,CR,Cremona,Lombardia,45.011263,10.350137
Hône,AO,Valle d'Aosta/Vallée d'Aoste,Valle d'Aosta/Vallée d'Aoste,45.613726,7.737831
Idro,BS,Brescia,Lombardia,45.737745,10.478326
Iglesias,SU,Sud Sardegna,Sardegna,39.31254,8.534111
Igliano,CN,Cuneo,Piemonte,44.442936,8.013341
Ilbono,NU,Nuoro,Sardegna,39.892654,9.548945
Illasi,VR,Verona,Veneto,45.465933,11.180021
Illorai,SS,Sassari,Sardegna,40.353858,9.001027
Imbersago,LC,Lecco,Lombardia,45.705873,9.444549
Imer,TN,Trento,Trentino-Alto Adige/Südtirol,46.15106,11.796303
Imola,BO,Bologna,Emilia-Romagna,44.353514,11.714123
Imperia,IM,Imperia,Liguria,43.958375,7.866743
Impruneta,FI,Firenze,Toscana,43.685345,11.254664
Inarzo,VA,Varese,Lombardia,45.785316,8.734475
Incisa Scapaccino,AT,Asti,Piemonte,44.808456,8.373444
Incudine,BS,Brescia,Lombardia,46.2203,10.358759
Induno Olona,VA,Varese,Lombardia,45.852448,8.839608
Ingria,TO,Torino,Piemonte,45.466468,7.570917
Intragna,VB,Verbano-Cusio-Ossola,Piemonte,45.994151,8.572928
Introbio,LC,Lecco,Lombardia,45.972641,9.45307
Introd,AO,Valle d'Aosta/Vallée d'Aoste,Valle d'Aosta/Vallée d'Aoste,45.690502,7.186625
Introdacqua,AQ,L'Aquila,Abruzzo,42.007431,13.898307
Inverigo,CO,Como,Lombardia,45.740484,9.223612
Inverno e Monteleone,PV,Pavia,Lombardia,45.197866,9.385256
Inverso Pinasca,TO,Torino,Piemonte,44.94564,7.218414
Inveruno,MI,Milano,Lombardia,45.51383,8.851954
Invorio,NO,Novara,Piemonte,45.756972,8.488326
Inzago,MI,Milano,Lombardia,45.540475,9.482052
Ionadi,VV,Vibo Valentia,Calabria,38.636334,16.059571
Irgoli,NU,Nuoro,Sardegna,40.408833,9.630121
Irma,BS,Brescia,Lombardia,45.771317,10.284168
Irsina,MT,Matera,Basilicata,40.749622,16.235775
Isasca,CN,Cuneo,Piemonte,44.587633,7.381625
Isca sullo Ionio,CZ,Catanzaro,Calabria,38.601282,16.519607
Ischia,NA,Napoli,Campania,40.734205,13.947125
Ischia di Castro,VT,Viterbo,Lazio,42.544655,11.754014
Ischitella,FG,Foggia,Puglia,41.904344,15.899453
Iseo,BS,Brescia,Lombardia,45.659555,10.051049
Isera,TN,Trento,Trentino-Alto Adige/Südtirol,45.88527,11.009311
Isernia,IS,Isernia,Molise,41.649468,14.208148
Isili,SU,Sud Sardegna,Sardegna,39.740405,9.10859
Isnello,PA,Palermo,Sicilia,37.943953,14.005761
Isola d'Asti,AT,Asti,Piemonte,44.829367,8.177452
Isola del Cantone,GE,Genova,Liguria,44.645644,8.957558
Isola del Giglio,GR,Grosseto,Toscana,42.353169,10.896463
Isola del Gran Sasso d'Italia,TE,Teramo,Abruzzo,42.503058,13.659516
Isola del Liri,FR,Frosinone,Lazio,41.679248,13.573077
Isola del Piano,PU,Pesaro e Urbino,Marche,43.737761,12.784057
Isola della Scala,VR,Verona,Veneto,45.273105,11.006889
Isola delle Femmine,PA,Palermo,Sicilia,38.198295,13.247344
Isola di Capo Rizzuto,KR,Crotone,Calabria,38.959993,17.093315
Isola di Fondra,BG,Bergamo,Lombardia,45.978491,9.746387
Isola Dovarese,CR,Cremona,Lombardia,45.176269,10.312957
Isola Rizza,VR,Verona,Veneto,45.291198,11.19818
Isola Sant'Antonio,AL,Alessandria,Piemonte,45.030501,8.848734
Isola Vicentina,VI,Vicenza,Veneto,45.628668,11.443148
Isolabella,TO,Torino,Piemonte,44.906727,7.910151
Isolabona,IM,Imperia,Liguria,43.878988,7.639846
Isole Tremiti,FG,Foggia,Puglia,42.1148,15.487124
Isorella,BS,Brescia,Lombardia,45.309153,10.322164
Ispani,SA,Salerno,Campania,40.087304,15.558269
Ispica,RG,Ragusa,Sicilia,36.785832,14.907637
Ispra,VA,Varese,Lombardia,45.815457,8.610138
Issiglio,TO,Torino,Piemonte,45.446934,7.752122
Issime,AO,Valle d'Aosta/Vallée d'Aoste,Valle d'Aosta/Vallée d'Aoste,45.686623,7.853814
Isso,BG,Bergamo,Lombardia,45.476787,9.758419
Issogne,AO,Valle d'Aosta/Vallée d'Aoste,Valle d'Aosta/Vallée d'Aoste,45.654378,7.684603
Istrana,TV,Treviso,Veneto,45.678616,12.099794
Itala,ME,Messina,Sicilia,38.051059,15.436903
Itri,LT,Latina,Lazio,41.297359,13.551421
Ittireddu,SS,Sassari,Sardegna,40.543961,8.902322
Ittiri,SS,Sassari,Sardegna,40.593046,8.568353
Ivrea,TO,Torino,Piemonte,45.467379,7.874797
Izano,CR,Cremona,Lombardia,45.355385,9.750043
Jacurso,CZ,Catanzaro,Calabria,38.84618,16.380042
Jelsi,CB,Campobasso,Molise,41.517928,14.798734
Jenne,RM,Roma,Lazio,41.888823,13.169593
Jerago con Orago,VA,Varese,Lombardia,45.708033,8.793964
Jerzu,NU,Nuoro,Sardegna,39.791151,9.518445
Jesi,AN,Ancona,Marche,43.52198,13.244376
Jesolo,VE,Venezia,Veneto,45.536709,12.638334
Jolanda di Savoia,FE,Ferrara,Emilia-Romagna,44.882408,11.979349
Joppolo,VV,Vibo Valentia,Calabria,38.58384,15.897318
Joppolo Giancaxio,AG,Agrigento,Sicilia,37.38704,13.555258
Jovençan,AO,Valle d'Aosta/Vallée d'Aoste,Valle d'Aosta/Vallée d'Aoste,45.715086,7.276343
L'Aquila,AQ,L'Aquila,Abruzzo,42.136885,13.610341
La Cassa,TO,Torino,Piemonte,45.180348,7.516316
La Loggia,TO,Torino,Piemonte,44.957744,7.667324
La Maddalena,SS,Sassari,Sardegna,41.212783,9.40666
La Magdeleine,AO,Valle d'Aosta/Vallée d'Aoste,Valle d'Aosta/Vallée d'Aoste,45.814054,7.621875
La Morra,CN,Cuneo,Piemonte,44.63848,7.932582
La Salle,AO,Valle d'Aosta/Vallée d'Aoste,Valle d'Aosta/Vallée d'Aoste,45.745437,7.070565
La Spezia,SP,La Spezia,Liguria,44.238366,9.691233
La Thuile,AO,Valle d'Aosta/Vallée d'Aoste,Valle d'Aosta/Vallée d'Aoste,45.716288,6.948612
La Valle,BZ,Bolzano/Bozen,Trentino-Alto Adige/Südtirol,46.657719,11.924326
La Valle Agordina,BL,Belluno,Veneto,46.282273,12.06951
La Valletta Brianza,LC,Lecco,Lombardia,45.728714,9.3692
Labico,RM,Roma,Lazio,41.789519,12.880888
Labro,RI,Rieti,Lazio,42.526012,12.800053
Lacchiarella,MI,Milano,Lombardia,45.321848,9.137047
Lacco Ameno,NA,Napoli,Campania,40.75097,13.89006
Lacedonia,AV,Avellino,Campania,41.051222,15.423854
Laces,BZ,Bolzano/Bozen,Trentino-Alto Adige/Südtirol,46.617344,10.859539
Laconi,OR,Oristano,Sardegna,39.852649,9.050435
Ladispoli,RM,Roma,Lazio,41.953722,12.073465
Laerru,SS,Sassari,Sardegna,40.817065,8.835417
Laganadi,RC,Reggio Calabria,Calabria,38.173369,15.741395
Laghi,VI,Vicenza,Veneto,45.824387,11.272312
Laglio,CO,Como,Lombardia,45.880967,9.138031
Lagnasco,CN,Cuneo,Piemonte,44.624928,7.555576
Lago,CS,Cosenza,Calabria,39.166767,16.149135
Lagonegro,PZ,Potenza,Basilicata,40.128306,15.761472
Lagosanto,FE,Ferrara,Emilia-Romagna,44.76198,12.142825
Lagundo,BZ,Bolzano/Bozen,Trentino-Alto Adige/Südtirol,46.682519,11.123069
Laigueglia,SV,Savona,Liguria,43.978826,8.157351
Lainate,MI,Milano,Lombardia,45.57173,9.028461
Laino,CO,Como,Lombardia,45.984483,9.075435
Laino Borgo,CS,Cosenza,Calabria,39.95352,15.973719
Laino Castello,CS,Cosenza,Calabria,39.936304,15.97658
Laion,BZ,Bolzano/Bozen,Trentino-Alto Adige/Südtirol,46.609229,11.564263
Laives,BZ,Bolzano/Bozen,Trentino-Alto Adige/Südtirol,46.422819,11.334771
Lajatico,PI,Pisa,Toscana,43.475418,10.728284
Lallio,BG,Bergamo,Lombardia,45.66638,9.630053
Lama dei Peligni,CH,Chieti,Abruzzo,42.041534,14.186213
Lama Mocogno,MO,Modena,Emilia-Romagna,44.307263,10.731777
Lambrugo,CO,Como,Lombardia,45.759191,9.241845
Lamezia Terme,CZ,Catanzaro,Calabria,38.964507,16.302145
Lamon,BL,Belluno,Veneto,46.047151,11.748632
Lampedusa e Linosa,AG,Agrigento,Sicilia,35.511134,12.596291
Lamporecchio,PT,Pistoia,Toscana,43.81638,10.896283
Lamporo,VC,Vercelli,Piemonte,45.231855,8.101628
Lana,BZ,Bolzano/Bozen,Trentino-Alto Adige/Südtirol,46.616019,11.144859
Lanciano,CH,Chieti,Abruzzo,42.230532,14.390779
Landiona,NO,Novara,Piemonte,45.496357,8.42308
Landriano,PV,Pavia,Lombardia,45.311968,9.260052
Langhirano,PR,Parma,Emilia-Romagna,44.613064,10.266114
Langosco,PV,Pavia,Lombardia,45.214367,8.56373
Lanusei,NU,Nuoro,Sardegna,39.87857,9.541077
Lanuvio,RM,Roma,Lazio,41.674528,12.697243
Lanzada,SO,Sondrio,Lombardia,46.269297,9.869247
Lanzo Torinese,TO,Torino,Piemonte,45.27335,7.477411
Lapedona,FM,Fermo,Marche,43.109981,13.772857
Lapio,AV,Avellino,Campania,40.981117,14.946344
Lappano,CS,Cosenza,Calabria,39.319506,16.312166
Larciano,PT,Pistoia,Toscana,43.82504,10.856367
Lardirago,PV,Pavia,Lombardia,45.235341,9.233213
Lariano,RM,Roma,Lazio,41.725114,12.831276
Larino,CB,Campobasso,Molise,41.805567,14.921098
Las Plassas,SU,Sud Sardegna,Sardegna,39.680145,8.984936
Lasa,BZ,Bolzano/Bozen,Trentino-Alto Adige/Südtirol,46.616614,10.700159
Lascari,PA,Palermo,Sicilia,38.000053,13.941459
Lasnigo,CO,Como,Lombardia,45.882245,9.267118
Lastebasse,VI,Vicenza,Veneto,45.915101,11.273886
Lastra a Signa,FI,Firenze,Toscana,43.770985,11.107215
Latera,VT,Viterbo,Lazio,42.629028,11.827453
Laterina Pergine Valdarno,AR,Arezzo,Toscana,43.492534,11.68808
Laterza,TA,Taranto,Puglia,40.629524,16.799689
Latiano,BR,Brindisi,Puglia,40.553783,17.718222
Latina,LT,Latina,Lazio,41.459526,13.012591
Latisana,UD,Udine,Friuli-Venezia Giulia,45.778488,12.996219
Latronico,PZ,Potenza,Basilicata,40.089807,16.011778
Lattarico,CS,Cosenza,Calabria,39.463378,16.137829
Lauco,UD,Udine,Friuli-Venezia Giulia,46.424042,12.933029
Laureana Cilento,SA,Salerno,Campania,40.299156,15.038455
Laureana di Borrello,RC,Reggio Calabria,Calabria,38.492577,16.082098
Lauregno,BZ,Bolzano/Bozen,Trentino-Alto Adige/Südtirol,46.454414,11.062015
Laurenzana,PZ,Potenza,Basilicata,40.460514,15.970973
Lauria,PZ,Potenza,Basilicata,40.047351,15.836595
Lauriano,TO,Torino,Piemonte,45.158252,7.991627
Laurino,SA,Salerno,Campania,40.336507,15.337161
Laurito,SA,Salerno,Campania,40.168604,15.405964
Lauro,AV,Avellino,Campania,40.879968,14.629467
Lavagna,GE,Genova,Liguria,44.312154,9.341706
Lavagno,VR,Verona,Veneto,45.447398,11.134941
Lavarone,TN,Trento,Trentino-Alto Adige/Südtirol,45.941289,11.288638
Lavello,PZ,Potenza,Basilicata,41.045625,15.790762
Lavena Ponte Tresa,VA,Varese,Lombardia,45.959734,8.861647
Laveno-Mombello,VA,Varese,Lombardia,45.9095,8.611986
Lavenone,BS,Brescia,Lombardia,45.739689,10.43907
Laviano,SA,Salerno,Campania,40.785128,15.307312
Lavis,TN,Trento,Trentino-Alto Adige/Südtirol,46.139742,11.110227
Lazise,VR,Verona,Veneto,45.5052,10.733024
Lazzate,MB,Monza e della Brianza,Lombardia,45.672326,9.08522
Lecce,LE,Lecce,Puglia,40.152217,18.226063
Lecce nei Marsi,AQ,L'Aquila,Abruzzo,41.937718,13.684116
Lecco,LC,Lecco,Lombardia,45.900548,9.412025
Ledro,TN,Trento,Trentino-Alto Adige/Südtirol,45.886414,10.715385
Leffe,BG,Bergamo,Lombardia,45.800686,9.885456
Leggiuno,VA,Varese,Lombardia,45.875366,8.620454
Legnago,VR,Verona,Veneto,45.192498,11.311127
Legnano,MI,Milano,Lombardia,45.594698,8.91836
Legnaro,PD,Padova,Veneto,45.345648,11.963935
Lei,NU,Nuoro,Sardegna,40.3044,8.918038
Leini,TO,Torino,Piemonte,45.184582,7.713271
Leivi,GE,Genova,Liguria,44.354465,9.315179
Lemie,TO,Torino,Piemonte,45.228199,7.292044
Lendinara,RO,Rovigo,Veneto,45.083259,11.604164
Leni,ME,Messina,Sicilia,38.554469,14.825471
Lenna,BG,Bergamo,Lombardia,45.943983,9.678696
Leno,BS,Brescia,Lombardia,45.367012,10.218452
Lenola,LT,Latina,Lazio,41.406115,13.459406
Lenta,VC,Vercelli,Piemonte,45.557466,8.384128
Lentate sul Seveso,MB,Monza e della Brianza,Lombardia,45.678405,9.11817
Lentella,CH,Chieti,Abruzzo,41.996262,14.67751
Lentini,SR,Siracusa,Sicilia,37.284685,14.998778
Leonessa,RI,Rieti,Lazio,42.56315,12.96385
Leonforte,EN,Enna,Sicilia,37.639212,14.392427
Leporano,TA,Taranto,Puglia,40.383922,17.334904
Lequile,LE,Lecce,Puglia,40.305826,18.140223
Lequio Berria,CN,Cuneo,Piemonte,44.60584,8.098139
Lequio Tanaro,CN,Cuneo,Piemonte,44.559937,7.882136
Lercara Friddi,PA,Palermo,Sicilia,37.746946,13.604854
Lerici,SP,La Spezia,Liguria,44.073607,9.909914
Lerma,AL,Alessandria,Piemonte,44.636047,8.715452
Lesa,NO,Novara,Piemonte,45.829644,8.564857
Lesegno,CN,Cuneo,Piemonte,44.402234,7.97084
Lesignano de' Bagni,PR,Parma,Emilia-Romagna,44.643428,10.300484
Lesina,FG,Foggia,Puglia,41.859439,15.352741
Lesmo,MB,Monza e della Brianza,Lombardia,45.648974,9.305652
Lessolo,TO,Torino,Piemonte,45.478258,7.814717
Lessona,BI,Biella,Piemonte,45.58727,8.194337
Lestizza,UD,Udine,Friuli-Venezia Giulia,45.954947,13.141735
Letino,CE,Caserta,Campania,41.453022,14.255422
Letojanni,ME,Messina,Sicilia,37.880276,15.306866
Lettere,NA,Napoli,Campania,40.704909,14.544939
Lettomanoppello,PE,Pescara,Abruzzo,42.23664,14.036921
Lettopalena,CH,Chieti,Abruzzo,42.004033,14.156813
Levanto,SP,La Spezia,Liguria,44.169906,9.61204
Levate,BG,Bergamo,Lombardia,45.625179,9.624154
Leverano,LE,Lecce,Puglia,40.289425,17.999414
Levice,CN,Cuneo,Piemonte,44.538239,8.155042
Levico Terme,TN,Trento,Trentino-Alto Adige/Südtirol,46.009126,11.301777
Levone,TO,Torino,Piemonte,45.318202,7.606187
Lezzeno,CO,Como,Lombardia,45.945075,9.194112
Liberi,CE,Caserta,Campania,41.227818,14.290026
Librizzi,ME,Messina,Sicilia,38.096866,14.95834
Licata,AG,Agrigento,Sicilia,37.101636,13.937615
Licciana Nardi,MS,Massa-Carrara,Toscana,44.2649,10.038437
Licenza,RM,Roma,Lazio,42.073113,12.901468
Licodia Eubea,CT,Catania,Sicilia,37.157144,14.706084
Lierna,LC,Lecco,Lombardia,45.959202,9.302478
Lignana,VC,Vercelli,Piemonte,45.28553,8.346124
Lignano Sabbiadoro,UD,Udine,Friuli-Venezia Giulia,45.689368,13.138566
Lillianes,AO,Valle d'Aosta/Vallée d'Aoste,Valle d'Aosta/Vallée d'Aoste,45.632642,7.844605
Limana,BL,Belluno,Veneto,46.102814,12.186303
Limatola,BN,Benevento,Campania,41.140817,14.39293
Limbadi,VV,Vibo Valentia,Calabria,38.557477,15.965895
Limbiate,MB,Monza e della Brianza,Lombardia,45.598605,9.119731
Limena,PD,Padova,Veneto,45.474376,11.844933
Limido Comasco,CO,Como,Lombardia,45.689174,8.979838
Limina,ME,Messina,Sicilia,37.940774,15.272668
Limone Piemonte,CN,Cuneo,Piemonte,44.202726,7.576336
Limone sul Garda,BS,Brescia,Lombardia,45.814119,10.791579
Limosano,CB,Campobasso,Molise,41.67633,14.622428
Linarolo,PV,Pavia,Lombardia,45.160981,9.27091
Linguaglossa,CT,Catania,Sicilia,37.842643,15.142131
Lioni,AV,Avellino,Campania,40.876517,15.187751
Lipari,ME,Messina,Sicilia,38.468185,14.95472
Lipomo,CO,Como,Lombardia,45.794503,9.121646
Lirio,PV,Pavia,Lombardia,44.993982,9.255568
Liscate,MI,Milano,Lombardia,45.481549,9.409012
Liscia,CH,Chieti,Abruzzo,41.955235,14.555322
Lisciano Niccone,PG,Perugia,Umbria,43.246844,12.14305
Lisio,CN,Cuneo,Piemonte,44.307132,7.978742
Lissone,MB,Monza e della Brianza,Lombardia,45.61077,9.240841
Liveri,NA,Napoli,Campania,40.904713,14.565937
Livigno,SO,Sondrio,Lombardia,46.537801,10.136316
Livinallongo del Col di Lana,BL,Belluno,Veneto,46.506634,11.936812
Livo,CO,Como,Lombardia,46.168845,9.30451
Livo,TN,Trento,Trentino-Alto Adige/Südtirol,46.404711,11.019271
Livorno,LI,Livorno,Toscana,42.790219,10.340281
Livorno Ferraris,VC,Vercelli,Piemonte,45.281912,8.080548
Livraga,LO,Lodi,Lombardia,45.192268,9.54646
Lizzanello,LE,Lecce,Puglia,40.304127,18.222525
Lizzano,TA,Taranto,Puglia,40.391023,17.447607
Lizzano in Belvedere,BO,Bologna,Emilia-Romagna,44.161829,10.894044
Loano,SV,Savona,Liguria,44.128754,8.259371
Loazzolo,AT,Asti,Piemonte,44.669043,8.258442
Locana,TO,Torino,Piemonte,45.417654,7.458814
Locate di Triulzi,MI,Milano,Lombardia,45.357932,9.224641
Locate Varesino,CO,Como,Lombardia,45.688851,8.930679
Locatello,BG,Bergamo,Lombardia,45.834502,9.53326
Loceri,NU,Nuoro,Sardegna,39.856635,9.582209
Locorotondo,BA,Bari,Puglia,40.789167,17.299348
Locri,RC,Reggio Calabria,Calabria,38.238537,16.265509
Loculi,NU,Nuoro,Sardegna,40.407278,9.61116
Lodè,NU,Nuoro,Sardegna,40.591387,9.539795
Lodi,LO,Lodi,Lombardia,45.26131,9.491678
Lodi Vecchio,LO,Lodi,Lombardia,45.301075,9.416599
Lodine,NU,Nuoro,Sardegna,40.14808,9.218294
Lodrino,BS,Brescia,Lombardia,45.719687,10.277667
Lograto,BS,Brescia,Lombardia,45.484238,10.053276
Loiano,BO,Bologna,Emilia-Romagna,44.266157,11.325534
Loiri Porto San Paolo,SS,Sassari,Sardegna,40.876305,9.62949
Lomagna,LC,Lecco,Lombardia,45.667978,9.376047
Lomazzo,CO,Como,Lombardia,45.69924,9.03436
Lombardore,TO,Torino,Piemonte,45.235452,7.74032
Lombriasco,TO,Torino,Piemonte,44.840941,7.635925
Lomello,PV,Pavia,Lombardia,45.121059,8.796245
Lona-Lases,TN,Trento,Trentino-Alto Adige/Südtirol,46.149818,11.219168
Lonate Ceppino,VA,Varese,Lombardia,45.704503,8.874286
Lonate Pozzolo,VA,Varese,Lombardia,45.596772,8.754731
Lonato del Garda,BS,Brescia,Lombardia,45.461039,10.484535
Londa,FI,Firenze,Toscana,43.860567,11.566812
Longano,IS,Isernia,Molise,41.521623,14.245621
Longare,VI,Vicenza,Veneto,45.474634,11.611049
Longarone,BL,Belluno,Veneto,46.265786,12.299937
Longhena,BS,Brescia,Lombardia,45.437678,10.059667
Longi,ME,Messina,Sicilia,38.027271,14.752656
Longiano,FC,Forlì-Cesena,Emilia-Romagna,44.074378,12.327473
Longobardi,CS,Cosenza,Calabria,39.20709,16.07649
Longobucco,CS,Cosenza,Calabria,39.448299,16.610499
Longone al Segrino,CO,Como,Lombardia,45.819244,9.250424
Longone Sabino,RI,Rieti,Lazio,42.27313,12.967383
Lonigo,VI,Vicenza,Veneto,45.388116,11.38799
Loranzè,TO,Torino,Piemonte,45.441657,7.812718
Loreggia,PD,Padova,Veneto,45.594524,11.944612
Loreglia,VB,Verbano-Cusio-Ossola,Piemonte,45.906581,8.37119
Lorenzago di Cadore,BL,Belluno,Veneto,46.479626,12.459403
Loreo,RO,Rovigo,Veneto,45.061995,12.188925
Loreto,AN,Ancona,Marche,43.439498,13.607021
Loreto Aprutino,PE,Pescara,Abruzzo,42.434634,13.983232
Loria,TV,Treviso,Veneto,45.728424,11.865585
Loro Ciuffenna,AR,Arezzo,Toscana,43.592286,11.633007
Loro Piceno,MC,Macerata,Marche,43.16612,13.416403
Lorsica,GE,Genova,Liguria,44.445276,9.284311
Losine,BS,Brescia,Lombardia,45.983494,10.316163
Lotzorai,NU,Nuoro,Sardegna,39.969155,9.663715
Lovere,BG,Bergamo,Lombardia,45.816882,10.075214
Lovero,SO,Sondrio,Lombardia,46.2314,10.228556
Lozio,BS,Brescia,Lombardia,45.986103,10.26036
Lozza,VA,Varese,Lombardia,45.775675,8.857734
Lozzo Atestino,PD,Padova,Veneto,45.290918,11.630411
Lozzo di Cadore,BL,Belluno,Veneto,46.484572,12.443341
Lozzolo,VC,Vercelli,Piemonte,45.625643,8.321774
Lu e Cuccaro Monferrato,AL,Alessandria,Piemonte,44.996613,8.474265
Lubriano,VT,Viterbo,Lazio,42.636231,12.108759
Lucca,LU,Lucca,Toscana,44.017764,10.45443
Lucca Sicula,AG,Agrigento,Sicilia,37.579049,13.306568
Lucera,FG,Foggia,Puglia,41.508273,15.337646
Lucignano,AR,Arezzo,Toscana,43.274463,11746
Lucinasco,IM,Imperia,Liguria,43.968021,7.96398
Lucito,CB,Campobasso,Molise,41.731931,14.687228
Luco dei Marsi,AQ,L'Aquila,Abruzzo,41.957027,13.473598
Lucoli,AQ,L'Aquila,Abruzzo,42.251554,13.376882
Lugagnano Val d'Arda,PC,Piacenza,Emilia-Romagna,44.821994,9.828482
Lugnano in Teverina,TR,Terni,Umbria,42.574226,12.330785
Lugo,RA,Ravenna,Emilia-Romagna,44.418878,11.908231
Lugo di Vicenza,VI,Vicenza,Veneto,45.751391,11.522901
Luino,VA,Varese,Lombardia,45.998908,8.739907
Luisago,CO,Como,Lombardia,45.762877,9.035438
Lula,NU,Nuoro,Sardegna,40.470364,9.486435
Lumarzo,GE,Genova,Liguria,44.452888,9.13262
Lumezzane,BS,Brescia,Lombardia,45.648258,10.264546
Lunamatrona,SU,Sud Sardegna,Sardegna,39.650544,8.899335
Lunano,PU,Pesaro e Urbino,Marche,43.730475,12.441417
Lungavilla,PV,Pavia,Lombardia,45.04066,9.081353
Lungro,CS,Cosenza,Calabria,39.742265,16.122825
Luni,SP,La Spezia,Liguria,44.077827,10.030189
Luogosano,AV,Avellino,Campania,40.985631,14.991956
Luogosanto,SS,Sassari,Sardegna,41.054656,9.20409
Lupara,CB,Campobasso,Molise,41.762731,14.733009
Lurago d'Erba,CO,Como,Lombardia,45.74864,9.213197
Lurago Marinone,CO,Como,Lombardia,45.705775,8.981338
Lurano,BG,Bergamo,Lombardia,45.565677,9.640155
Luras,SS,Sassari,Sardegna,40.934858,9.175447
Lurate Caccivio,CO,Como,Lombardia,45.764583,8.991472
Lusciano,CE,Caserta,Campania,40.970012,14.190427
Luserna,TN,Trento,Trentino-Alto Adige/Südtirol,45.921665,11.32429
Luserna San Giovanni,TO,Torino,Piemonte,44.815437,7.251318
Lusernetta,TO,Torino,Piemonte,44.803137,7.246718
Lusevera,UD,Udine,Friuli-Venezia Giulia,46.275828,13.269325
Lusia,RO,Rovigo,Veneto,45.100535,11.66278
Lusiana Conco,VI,Vicenza,Veneto,45.808073,11.587935
Lusigliè,TO,Torino,Piemonte,45.318401,7.766652
Luson,BZ,Bolzano/Bozen,Trentino-Alto Adige/Südtirol,46.746466,11.761084
Lustra,SA,Salerno,Campania,40.288304,15.068255
Luvinate,VA,Varese,Lombardia,45.839307,8.769093
Luzzana,BG,Bergamo,Lombardia,45.716393,9.880496
Luzzara,RE,Reggio nell'Emilia,Emilia-Romagna,44.961655,10.687068
Luzzi,CS,Cosenza,Calabria,39.446105,16.287255
Maccagno con Pino e Veddasca,VA,Varese,Lombardia,46.073685,8.776408
Maccastorna,LO,Lodi,Lombardia,45.14433,9.855215
Macchia d'Isernia,IS,Isernia,Molise,41.561624,14.167119
Macchia Valfortore,CB,Campobasso,Molise,41.59503,14.911735
Macchiagodena,IS,Isernia,Molise,41.559826,14.407824
Macello,TO,Torino,Piemonte,44.851139,7.39802
Macerata,MC,Macerata,Marche,43.152978,13.150882
Macerata Campania,CE,Caserta,Campania,41.063314,14.273728
Macerata Feltria,PU,Pesaro e Urbino,Marche,43.803364,12.443415
Macherio,MB,Monza e della Brianza,Lombardia,45.640116,9.269371
Maclodio,BS,Brescia,Lombardia,45.476998,10.042715
Macomer,NU,Nuoro,Sardegna,40.26519,8.781387
Macra,CN,Cuneo,Piemonte,44.500248,7.17926
Macugnaga,VB,Verbano-Cusio-Ossola,Piemonte,45.969872,7.966011
Maddaloni,CE,Caserta,Campania,41.039924,14.376687
Madesimo,SO,Sondrio,Lombardia,46.436316,9.358401
Madignano,CR,Cremona,Lombardia,45.3443,9.726703
Madone,BG,Bergamo,Lombardia,45.649957,9.547963
Madonna del Sasso,VB,Verbano-Cusio-Ossola,Piemonte,45.788014,8.346854
Madruzzo,TN,Trento,Trentino-Alto Adige/Südtirol,46.032884,11.003484
Maenza,LT,Latina,Lazio,41.523361,13.180549
Mafalda,CB,Campobasso,Molise,41.941736,14.713226
Magasa,BS,Brescia,Lombardia,45.781392,10.615973
Magenta,MI,Milano,Lombardia,45.465393,8.883843
Maggiora,NO,Novara,Piemonte,45.689369,8.422326
Magherno,PV,Pavia,Lombardia,45.223566,9.329355
Magione,PG,Perugia,Umbria,43.142737,12.203496
Magisano,CZ,Catanzaro,Calabria,39.01339,16.627904
Magliano Alfieri,CN,Cuneo,Piemonte,44.769244,8.070136
Magliano Alpi,CN,Cuneo,Piemonte,44.459634,7.805336
Magliano de' Marsi,AQ,L'Aquila,Abruzzo,42.091529,13.363794
Magliano di Tenna,FM,Fermo,Marche,43.137954,13.587184
Magliano in Toscana,GR,Grosseto,Toscana,42.599442,11.291739
Magliano Romano,RM,Roma,Lazio,42.159893,12.4369
Magliano Sabina,RI,Rieti,Lazio,42.361357,12.48117
Magliano Vetere,SA,Salerno,Campania,40.347007,15.236658
Maglie,LE,Lecce,Puglia,40.118463,18.298853
Magliolo,SV,Savona,Liguria,44.191486,8.250396
Maglione,TO,Torino,Piemonte,45.346657,8.013324
Magnacavallo,MN,Mantova,Lombardia,45.005578,11.1811
Magnago,MI,Milano,Lombardia,45.578731,8.801851
Magnano,BI,Biella,Piemonte,45.462058,8.004502
Magnano in Riviera,UD,Udine,Friuli-Venezia Giulia,46.23133,13.176769
Magomadas,OR,Oristano,Sardegna,40.264752,8.522719
Magrè sulla strada del vino,BZ,Bolzano/Bozen,Trentino-Alto Adige/Südtirol,46.287388,11.209846
Magreglio,CO,Como,Lombardia,45.920747,9.262095
Maida,CZ,Catanzaro,Calabria,38.858841,16.364824
Maierà,CS,Cosenza,Calabria,39.717518,15.849327
Maierato,VV,Vibo Valentia,Calabria,38.705048,16.19007
Maiolati Spontini,AN,Ancona,Marche,43.477658,13.121768
Maiolo,RN,Rimini,Emilia-Romagna,43.87396,12.311144
Maiori,SA,Salerno,Campania,40.648908,14.640141
Mairago,LO,Lodi,Lombardia,45.251769,9.57836
Mairano,BS,Brescia,Lombardia,45.449179,10.079567
Maissana,SP,La Spezia,Liguria,44.337313,9.536328
Majano,UD,Udine,Friuli-Venezia Giulia,46.185205,13.068214
Malagnino,CR,Cremona,Lombardia,45.134771,10.114774
Malalbergo,BO,Bologna,Emilia-Romagna,44.718674,11.532212
Malborghetto Valbruna,UD,Udine,Friuli-Venezia Giulia,46.497849,13.43315
Malcesine,VR,Verona,Veneto,45.764344,10.81006
Malé,TN,Trento,Trentino-Alto Adige/Südtirol,46.351607,10.912876
Malegno,BS,Brescia,Lombardia,45.950602,10.273339
Maleo,LO,Lodi,Lombardia,45.168938,9.7635
Malesco,VB,Verbano-Cusio-Ossola,Piemonte,46.126618,8.500919
Maletto,CT,Catania,Sicilia,37.829022,14.865664
Malfa,ME,Messina,Sicilia,38.57597,14.835471
Malgesso,VA,Varese,Lombardia,45.828215,8.679464
Malgrate,LC,Lecco,Lombardia,45.8526,9.375298
Malito,CS,Cosenza,Calabria,39.15499,16.248595
Mallare,SV,Savona,Liguria,44.290982,8.296649
Malles Venosta,BZ,Bolzano/Bozen,Trentino-Alto Adige/Südtirol,46.687919,10.546549
Malnate,VA,Varese,Lombardia,45.800092,8.878168
Malo,VI,Vicenza,Veneto,45.660296,11.407493
Malonno,BS,Brescia,Lombardia,46.122581,10.319212
Maltignano,AP,Ascoli Piceno,Marche,42.832248,13.68799
Malvagna,ME,Messina,Sicilia,37.918393,15.055383
Malvicino,AL,Alessandria,Piemonte,44.559342,8.413147
Malvito,CS,Cosenza,Calabria,39.599698,16.053285
Mammola,RC,Reggio Calabria,Calabria,38.378051,16.203148
Mamoiada,NU,Nuoro,Sardegna,40.215657,9.280435
Manciano,GR,Grosseto,Toscana,42.587336,11.515988
Mandanici,ME,Messina,Sicilia,38.003586,15.317095
Mandas,SU,Sud Sardegna,Sardegna,39.656283,9.129785
Mandatoriccio,CS,Cosenza,Calabria,39.467201,16.834804
Mandela,RM,Roma,Lazio,42.030807,12.923323
Mandello del Lario,LC,Lecco,Lombardia,45.919183,9.319341
Mandello Vitta,NO,Novara,Piemonte,45.495665,8.459831
Manduria,TA,Taranto,Puglia,40.401825,17.633511
Manerba del Garda,BS,Brescia,Lombardia,45.556043,10.562593
Manerbio,BS,Brescia,Lombardia,45.355777,10.13517
Manfredonia,FG,Foggia,Puglia,41.625473,15.909593
Mango,CN,Cuneo,Piemonte,44.686443,8.150239
Mangone,CS,Cosenza,Calabria,39.205592,16.331996
Maniace,CT,Catania,Sicilia,37.862423,14.807835
Maniago,PN,Pordenone,Friuli-Venezia Giulia,46.170974,12.707399
Manocalzati,AV,Avellino,Campania,40.941865,14.849804
Manoppello,PE,Pescara,Abruzzo,42.25778,14.059958
Mansuè,TV,Treviso,Veneto,45.82239,12.537712
Manta,CN,Cuneo,Piemonte,44.615872,7.48702
Mantello,SO,Sondrio,Lombardia,46.152491,9.488941
Mantova,MN,Mantova,Lombardia,45.169362,10.670616
Manzano,UD,Udine,Friuli-Venezia Giulia,45.990512,13.381504
Manziana,RM,Roma,Lazio,42.130344,12.130271
Mapello,BG,Bergamo,Lombardia,45.708965,9.547513
Mappano,TO,Torino,Piemonte,45.147801,7.706099
Mara,SS,Sassari,Sardegna,40.409556,8.638819
Maracalagonis,CA,Cagliari,Sardegna,39.28534,9.229446
Maranello,MO,Modena,Emilia-Romagna,44.525522,10.866361
Marano di Napoli,NA,Napoli,Campania,40.89761,14.190528
Marano di Valpolicella,VR,Verona,Veneto,45.556047,10.915684
Marano Equo,RM,Roma,Lazio,41.994024,13.015988
Marano Lagunare,UD,Udine,Friuli-Venezia Giulia,45.764993,13.167501
Marano Marchesato,CS,Cosenza,Calabria,39.315993,16.173791
Marano Principato,CS,Cosenza,Calabria,39.299593,16.175091
Marano sul Panaro,MO,Modena,Emilia-Romagna,44.455898,10.966384
Marano Ticino,NO,Novara,Piemonte,45.62987,8.631632
Marano Vicentino,VI,Vicenza,Veneto,45.692549,11.428756
Maranzana,AT,Asti,Piemonte,44.760563,8.478257
Maratea,PZ,Potenza,Basilicata,39.996703,15.722373
Marcallo con Casone,MI,Milano,Lombardia,45.48722,8.873276
Marcaria,MN,Mantova,Lombardia,45.120575,10.532783
Marcedusa,CZ,Catanzaro,Calabria,39.027792,16.836309
Marcellina,RM,Roma,Lazio,42.02369,12.807045
Marcellinara,CZ,Catanzaro,Calabria,38.928093,16.493077
Marcetelli,RI,Rieti,Lazio,42.226602,13.046944
Marcheno,BS,Brescia,Lombardia,45.709374,10.215326
Marchirolo,VA,Varese,Lombardia,45.95005,8.832261
Marciana,LI,Livorno,Toscana,42.789422,10.168535
Marciana Marina,LI,Livorno,Toscana,42.803608,10.196768
Marcianise,CE,Caserta,Campania,41.032997,14.298423
Marciano della Chiana,AR,Arezzo,Toscana,43.305227,11.786366
Marcignago,PV,Pavia,Lombardia,45.253065,9.079349
Marcon,VE,Venezia,Veneto,45.554328,12.299382
Marebbe,BZ,Bolzano/Bozen,Trentino-Alto Adige/Südtirol,46.648879,12.026938
Marene,CN,Cuneo,Piemonte,44.661972,7.729157
Mareno di Piave,TV,Treviso,Veneto,45.840856,12.351255
Marentino,TO,Torino,Piemonte,45.058032,7.874623
Maretto,AT,Asti,Piemonte,44.944711,8.034271
Margarita,CN,Cuneo,Piemonte,44.403432,7.684934
Margherita di Savoia,BT,Barletta-Andria-Trani,Puglia,41.374235,16.150166
Margno,LC,Lecco,Lombardia,46.030987,9.381641
Mariana Mantovana,MN,Mantova,Lombardia,45.192876,10.486881
Mariano Comense,CO,Como,Lombardia,45.697149,9.178344
Mariano del Friuli,GO,Gorizia,Friuli-Venezia Giulia,45.916061,13.458748
Marianopoli,CL,Caltanissetta,Sicilia,37.597446,13.915763
Mariglianella,NA,Napoli,Campania,40.929513,14.435833
Marigliano,NA,Napoli,Campania,40.924914,14.456867
Marina di Gioiosa Ionica,RC,Reggio Calabria,Calabria,38.300663,16.330362
Marineo,PA,Palermo,Sicilia,37.952893,13.415024
Marino,RM,Roma,Lazio,41.769788,12.658608
Marlengo,BZ,Bolzano/Bozen,Trentino-Alto Adige/Südtirol,46.655561,11.140291
Marliana,PT,Pistoia,Toscana,43.9337,10.769276
Marmentino,BS,Brescia,Lombardia,45.75545,10.287315
Marmirolo,MN,Mantova,Lombardia,45.220563,10.756393
Marmora,CN,Cuneo,Piemonte,44.439247,7.123515
Marnate,VA,Varese,Lombardia,45.629323,8.901095
Marone,BS,Brescia,Lombardia,45.736086,10.093762
Maropati,RC,Reggio Calabria,Calabria,38.440632,16.099161
Marostica,VI,Vicenza,Veneto,45.745392,11.656894
Marradi,FI,Firenze,Toscana,44.075738,11.612896
Marrubiu,OR,Oristano,Sardegna,39.752143,8.637228
Marsaglia,CN,Cuneo,Piemonte,44.453858,7.981246
Marsala,TP,Trapani,Sicilia,37.797922,12.434209
Marsciano,PG,Perugia,Umbria,42.910028,12.337042
Marsico Nuovo,PZ,Potenza,Basilicata,40.423012,15.734868
Marsicovetere,PZ,Potenza,Basilicata,40.376601,15.824493
Marta,VT,Viterbo,Lazio,42.533911,11.924912
Martano,LE,Lecce,Puglia,40.203621,18.30198
Martellago,VE,Venezia,Veneto,45.546645,12.157678
Martello,BZ,Bolzano/Bozen,Trentino-Alto Adige/Südtirol,46.515319,10.721431
Martignacco,UD,Udine,Friuli-Venezia Giulia,46.097922,13.136825
Martignana di Po,CR,Cremona,Lombardia,45.011112,10.379751
Martignano,LE,Lecce,Puglia,40.237425,18.255227
Martina Franca,TA,Taranto,Puglia,40.704238,17.339991
Martinengo,BG,Bergamo,Lombardia,45.570368,9.767376
Martiniana Po,CN,Cuneo,Piemonte,44.627234,7.362823
Martinsicuro,TE,Teramo,Abruzzo,42.885144,13.915535
Martirano,CZ,Catanzaro,Calabria,39.081748,16.248479
Martirano Lombardo,CZ,Catanzaro,Calabria,39.074949,16.232759
Martis,SS,Sassari,Sardegna,40.778664,8.808117
Martone,RC,Reggio Calabria,Calabria,38.353976,16.288304
Marudo,LO,Lodi,Lombardia,45.252967,9.377155
Maruggio,TA,Taranto,Puglia,40.32226,17.572366
Marzabotto,BO,Bologna,Emilia-Romagna,44.340988,11.204782
Marzano,PV,Pavia,Lombardia,45.247967,9.295054
Marzano Appio,CE,Caserta,Campania,41.320038,14.052279
Marzano di Nola,AV,Avellino,Campania,40.90272,14.584093
Marzi,CS,Cosenza,Calabria,39.170791,16.306396
Marzio,VA,Varese,Lombardia,45.938681,8.859197
Masainas,SU,Sud Sardegna,Sardegna,39.051624,8.630598
Masate,MI,Milano,Lombardia,45.567547,9.463821
Mascali,CT,Catania,Sicilia,37.760285,15.197431
Mascalucia,CT,Catania,Sicilia,37.573605,15.051727
Maschito,PZ,Potenza,Basilicata,40.908922,15.829464
Masciago Primo,VA,Varese,Lombardia,45.917778,8.78113
Maser,TV,Treviso,Veneto,45.807541,11.972487
Masera,VB,Verbano-Cusio-Ossola,Piemonte,46.139979,8.323415
Maserà di Padova,PD,Padova,Veneto,45.320711,11.870985
Maserada sul Piave,TV,Treviso,Veneto,45.749411,12.319333
Masi,PD,Padova,Veneto,45.108819,11.491912
Masi Torello,FE,Ferrara,Emilia-Romagna,44.794578,11.801817
Masio,AL,Alessandria,Piemonte,44.869649,8.407741
Maslianico,CO,Como,Lombardia,45.842827,9.047196
Masone,GE,Genova,Liguria,44.501336,8.716348
Massa,MS,Massa-Carrara,Toscana,44.035932,10.139552
Massa d'Albe,AQ,L'Aquila,Abruzzo,42.107229,13.394294
Massa di Somma,NA,Napoli,Campania,40.847631,14.374302
Massa e Cozzile,PT,Pistoia,Toscana,43.91741,10.753727
Massa Fermana,FM,Fermo,Marche,43.149772,13.475407
Massa Lombarda,RA,Ravenna,Emilia-Romagna,44.447386,11.826091
Massa Lubrense,NA,Napoli,Campania,40.611036,14.345089
Massa Marittima,GR,Grosseto,Toscana,43.050103,10.888059
Massa Martana,PG,Perugia,Umbria,42.773137,12.524966
Massafra,TA,Taranto,Puglia,40.588831,17.11699
Massalengo,LO,Lodi,Lombardia,45.26472,9.490245
Massanzago,PD,Padova,Veneto,45.555512,12.007434
Massarosa,LU,Lucca,Toscana,43.86765,10.339716
Massazza,BI,Biella,Piemonte,45.491362,8.164524
Massello,TO,Torino,Piemonte,44.967557,7.026199
Masserano,BI,Biella,Piemonte,45.594632,8.224249
Massignano,AP,Ascoli Piceno,Marche,43.05065,13.797209
Massimeno,TN,Trento,Trentino-Alto Adige/Südtirol,46.141756,10.773134
Massimino,SV,Savona,Liguria,44.299575,8.07062
Massino Visconti,NO,Novara,Piemonte,45.824206,8.540942
Massiola,VB,Verbano-Cusio-Ossola,Piemonte,45.91243,8.320078
Masullas,OR,Oristano,Sardegna,39.69956,8.782724
Matelica,MC,Macerata,Marche,43.25656,13.010514
Matera,MT,Matera,Basilicata,40.447642,16.473574
Mathi,TO,Torino,Piemonte,45.255172,7.541984
Matino,LE,Lecce,Puglia,40.03251,18.133853
Matrice,CB,Campobasso,Molise,41.614098,14.710208
Mattie,TO,Torino,Piemonte,45.118143,7.115109
Mattinata,FG,Foggia,Puglia,41.710141,16.051559
Mazara del Vallo,TP,Trapani,Sicilia,37.653729,12.588691
Mazzano,BS,Brescia,Lombardia,45.518804,10.354162
Mazzano Romano,RM,Roma,Lazio,42.204652,12.399631
Mazzarino,CL,Caltanissetta,Sicilia,37.305024,14.214078
Mazzarrà Sant'Andrea,ME,Messina,Sicilia,38.088463,15.133583
Mazzarrone,CT,Catania,Sicilia,37.083393,14.561674
Mazzè,TO,Torino,Piemonte,45.300255,7.932723
Mazzin,TN,Trento,Trentino-Alto Adige/Südtirol,46.468805,11.700375
Mazzo di Valtellina,SO,Sondrio,Lombardia,46.2586,10.256656
Meana di Susa,TO,Torino,Piemonte,45.122043,7.064708
Meana Sardo,NU,Nuoro,Sardegna,39.944251,9.072334
Meda,MB,Monza e della Brianza,Lombardia,45.662505,9.156753
Mede,PV,Pavia,Lombardia,45.097858,8.735944
Medea,GO,Gorizia,Friuli-Venezia Giulia,45.917715,13.422532
Medesano,PR,Parma,Emilia-Romagna,44.756699,10.140737
Medicina,BO,Bologna,Emilia-Romagna,44.476674,11.638338
Mediglia,MI,Milano,Lombardia,45.39537,9.331652
Medolago,BG,Bergamo,Lombardia,45.668579,9.49565
Medole,MN,Mantova,Lombardia,45.324254,10.514405
Medolla,MO,Modena,Emilia-Romagna,44.846673,11.0676
Meduna di Livenza,TV,Treviso,Veneto,45.806443,12.612685
Meduno,PN,Pordenone,Friuli-Venezia Giulia,46.216779,12.785867
Megliadino San Vitale,PD,Padova,Veneto,45.19214,11.524237
Meina,NO,Novara,Piemonte,45.788773,8.538827
Melara,RO,Rovigo,Veneto,45.063185,11.198458
Melazzo,AL,Alessandria,Piemonte,44.643944,8.424946
Meldola,FC,Forlì-Cesena,Emilia-Romagna,44.126721,12.061153
Mele,GE,Genova,Liguria,44.44755,8.747769
Melegnano,MI,Milano,Lombardia,45.358789,9.323976
Melendugno,LE,Lecce,Puglia,40.271701,18.336912
Meleti,LO,Lodi,Lombardia,45.118868,9.836968
Melfi,PZ,Potenza,Basilicata,40.996127,15.655654
Melicuccà,RC,Reggio Calabria,Calabria,38.303772,15.881296
Melicucco,RC,Reggio Calabria,Calabria,38.433713,16.060471
Melilli,SR,Siracusa,Sicilia,37.178288,15.126621
Melissa,KR,Crotone,Calabria,39.307373,17.025987
Melissano,LE,Lecce,Puglia,39.971065,18.125779
Melito di Napoli,NA,Napoli,Campania,40.920511,14.230029
Melito di Porto Salvo,RC,Reggio Calabria,Calabria,37.920384,15.777857
Melito Irpino,AV,Avellino,Campania,41.103253,15.052042
Melizzano,BN,Benevento,Campania,41.16057,14.50531
Melle,CN,Cuneo,Piemonte,44.562048,7.32049
Mello,SO,Sondrio,Lombardia,46.155291,9.547242
Melpignano,LE,Lecce,Puglia,40.157081,18.293078
Meltina,BZ,Bolzano/Bozen,Trentino-Alto Adige/Südtirol,46.586392,11.256156
Melzo,MI,Milano,Lombardia,45.498585,9.424251
Menaggio,CO,Como,Lombardia,46.022565,9.241433
Menconico,PV,Pavia,Lombardia,44.796364,9.27928
Mendatica,IM,Imperia,Liguria,44.076379,7.805641
Mendicino,CS,Cosenza,Calabria,39.263596,16.195352
Menfi,AG,Agrigento,Sicilia,37.606639,12.967843
Mentana,RM,Roma,Lazio,42.035022,12.642272
Meolo,VE,Venezia,Veneto,45.619429,12.453057
Merana,AL,Alessandria,Piemonte,44.518798,8.298076
Merano,BZ,Bolzano/Bozen,Trentino-Alto Adige/Südtirol,46.669555,11.159418
Merate,LC,Lecco,Lombardia,45.698679,9.411648
Mercallo,VA,Varese,Lombardia,45.749866,8.669572
Mercatello sul Metauro,PU,Pesaro e Urbino,Marche,43.647355,12.336648
Mercatino Conca,PU,Pesaro e Urbino,Marche,43.870162,12.491148
Mercato San Severino,SA,Salerno,Campania,40.783303,14.755728
Mercato Saraceno,FC,Forlì-Cesena,Emilia-Romagna,43.956744,12.195766
Mercenasco,TO,Torino,Piemonte,45.357182,7.882359
Mercogliano,AV,Avellino,Campania,40.920162,14.738605
Mereto di Tomba,UD,Udine,Friuli-Venezia Giulia,46.049752,13.042751
Mergo,AN,Ancona,Marche,43.472357,13.036766
Mergozzo,VB,Verbano-Cusio-Ossola,Piemonte,45.96128,8.449525
Merì,ME,Messina,Sicilia,38.166817,15.25037
Merlara,PD,Padova,Veneto,45.167068,11.441878
Merlino,LO,Lodi,Lombardia,45.433372,9.429853
Merone,CO,Como,Lombardia,45.78774,9.246188
Mesagne,BR,Brindisi,Puglia,40.558829,17.808313
Mese,SO,Sondrio,Lombardia,46.306294,9.382335
Mesenzana,VA,Varese,Lombardia,45.947817,8.757834
Mesero,MI,Milano,Lombardia,45.501314,8.854202
Mesola,FE,Ferrara,Emilia-Romagna,44.920782,12.229224
Mesoraca,KR,Crotone,Calabria,39.080127,16.789599
Messina,ME,Messina,Sicilia,38.193757,15.554208
Mestrino,PD,Padova,Veneto,45.442758,11.758254
Meta,NA,Napoli,Campania,40.639206,14.418237
Mezzago,MB,Monza e della Brianza,Lombardia,45.628977,9.44485
Mezzana,TN,Trento,Trentino-Alto Adige/Südtirol,46.317316,10.801007
Mezzana Bigli,PV,Pavia,Lombardia,45.059858,8.848447
Mezzana Mortigliengo,BI,Biella,Piemonte,45.626566,8.189522
Mezzana Rabattone,PV,Pavia,Lombardia,45.094863,9.031254
Mezzane di Sotto,VR,Verona,Veneto,45.482006,11.128153
Mezzanego,GE,Genova,Liguria,44.392008,9.407722
Mezzanino,PV,Pavia,Lombardia,45.124654,9.205338
Mezzano,TN,Trento,Trentino-Alto Adige/Südtirol,46.154712,11.807993
Mezzenile,TO,Torino,Piemonte,45.295129,7.394459
Mezzocorona,TN,Trento,Trentino-Alto Adige/Südtirol,46.215436,11.120786
Mezzojuso,PA,Palermo,Sicilia,37.864532,13.464195
Mezzoldo,BG,Bergamo,Lombardia,46.012403,9.664874
Mezzolombardo,TN,Trento,Trentino-Alto Adige/Südtirol,46.212094,11.093509
Mezzomerico,NO,Novara,Piemonte,45.618687,8.605518
Miagliano,BI,Biella,Piemonte,45.613464,8.044719
Miane,TV,Treviso,Veneto,45.944321,12.093856
Miasino,NO,Novara,Piemonte,45.801972,8.429724
Miazzina,VB,Verbano-Cusio-Ossola,Piemonte,45.976377,8.522223
Micigliano,RI,Rieti,Lazio,42.451339,13.054728
Miggiano,LE,Lecce,Puglia,39.95972,18.311631
Miglianico,CH,Chieti,Abruzzo,42.359239,14.292074
Miglierina,CZ,Catanzaro,Calabria,38.948986,16.471932
Miglionico,MT,Matera,Basilicata,40.56842,16.502484
Mignanego,GE,Genova,Liguria,44.54833,8.915657
Mignano Monte Lungo,CE,Caserta,Campania,41.405919,13.985517
Milano,MI,Milano,Lombardia,45.4668,9.1905
Milazzo,ME,Messina,Sicilia,38.220805,15.241513
Milena,CL,Caltanissetta,Sicilia,37.471521,13.736437
Mileto,VV,Vibo Valentia,Calabria,38.609262,16.069491
Milis,OR,Oristano,Sardegna,40.050449,8.637024
Militello in Val di Catania,CT,Catania,Sicilia,37.274584,14.793878
Militello Rosmarino,ME,Messina,Sicilia,38.045917,14.676017
Millesimo,SV,Savona,Liguria,44.367536,8.201746
Milo,CT,Catania,Sicilia,37.722445,15.115739
Milzano,BS,Brescia,Lombardia,45.273575,10.199273
Mineo,CT,Catania,Sicilia,37.264875,14.690849
Minerbe,VR,Verona,Veneto,45.240862,11.334839
Minerbio,BO,Bologna,Emilia-Romagna,44.624199,11.490697
Minervino di Lecce,LE,Lecce,Puglia,40.088424,18.420432
Minervino Murge,BT,Barletta-Andria-Trani,Puglia,41.085052,16.077776
Minori,SA,Salerno,Campania,40.652708,14.624941
Minturno,LT,Latina,Lazio,41.262974,13.746522
Minucciano,LU,Lucca,Toscana,44.170449,10.207592
Mioglia,SV,Savona,Liguria,44.49046,8.412473
Mira,VE,Venezia,Veneto,45.437774,12.132805
Mirabella Eclano,AV,Avellino,Campania,41.044919,14.998744
Mirabella Imbaccari,CT,Catania,Sicilia,37.323804,14.445939
Mirabello Monferrato,AL,Alessandria,Piemonte,45.035552,8.523249
Mirabello Sannitico,CB,Campobasso,Molise,41.515969,14.672509
Miradolo Terme,PV,Pavia,Lombardia,45.171966,9.445558
Miranda,IS,Isernia,Molise,41.645126,14.24632
Mirandola,MO,Modena,Emilia-Romagna,44.887207,11.066106
Mirano,VE,Venezia,Veneto,45.49277,12.109877
Mirto,ME,Messina,Sicilia,38.08466,14.751475
Misano Adriatico,RN,Rimini,Emilia-Romagna,43.977495,12.698695
Misano di Gera d'Adda,BG,Bergamo,Lombardia,45.468775,9.621057
Misiliscemi,TP,Trapani,Sicilia,37.925714,12.537552
Misilmeri,PA,Palermo,Sicilia,38.03522,13.451404
Misinto,MB,Monza e della Brianza,Lombardia,45.662375,9.083941
Missaglia,LC,Lecco,Lombardia,45.708717,9.335754
Missanello,PZ,Potenza,Basilicata,40.282012,16.16598
Misterbianco,CT,Catania,Sicilia,37.519172,15.007936
Mistretta,ME,Messina,Sicilia,37.929885,14.362873
Moasca,AT,Asti,Piemonte,44.762719,8.277822
Moconesi,GE,Genova,Liguria,44.4376,9.214708
Modena,MO,Modena,Emilia-Romagna,44.538473,10.935961
Modica,RG,Ragusa,Sicilia,36.858921,14.761302
Modigliana,FC,Forlì-Cesena,Emilia-Romagna,44.161163,11.793528
Modolo,OR,Oristano,Sardegna,40.275047,8.52918
Modugno,BA,Bari,Puglia,41.082564,16.780552
Moena,TN,Trento,Trentino-Alto Adige/Südtirol,46.376943,11.659266
Moggio,LC,Lecco,Lombardia,45.932266,9.487907
Moggio Udinese,UD,Udine,Friuli-Venezia Giulia,46.409703,13.195142
Moglia,MN,Mantova,Lombardia,44.937174,10.913395
Mogliano,MC,Macerata,Marche,43.186461,13.48097
Mogliano Veneto,TV,Treviso,Veneto,45.561289,12.237697
Mogorella,OR,Oristano,Sardegna,39.864598,8.857931
Mogoro,OR,Oristano,Sardegna,39.68471,8.777088
Moiano,BN,Benevento,Campania,41.079609,14.543006
Moimacco,UD,Udine,Friuli-Venezia Giulia,46.091324,13.377031
Moio Alcantara,ME,Messina,Sicilia,37.89967,15.049043
Moio de' Calvi,BG,Bergamo,Lombardia,45.952003,9.700212
Moio della Civitella,SA,Salerno,Campania,40.247105,15.26886
Moiola,CN,Cuneo,Piemonte,44.321127,7.38973
Mola di Bari,BA,Bari,Puglia,41.061323,17.091711
Molare,AL,Alessandria,Piemonte,44.618645,8.60055
Molazzana,LU,Lucca,Toscana,44.071749,10.417799
Molfetta,BA,Bari,Puglia,41.199246,16.596828
Molina Aterno,AQ,L'Aquila,Abruzzo,42.149033,13.735401
Molinara,BN,Benevento,Campania,41.29063,14.910343
Molinella,BO,Bologna,Emilia-Romagna,44.620853,11.670237
Molini di Triora,IM,Imperia,Liguria,43.990607,7.774463
Molino dei Torti,AL,Alessandria,Piemonte,45.023436,8.892237
Molise,CB,Campobasso,Molise,41.630828,14.492925
Moliterno,PZ,Potenza,Basilicata,40.241932,15.86902
Mollia,VC,Vercelli,Piemonte,45.816669,8.030315
Molochio,RC,Reggio Calabria,Calabria,38.308445,16.031862
Molteno,LC,Lecco,Lombardia,45.78038,9.307444
Moltrasio,CO,Como,Lombardia,45.85998,9.098438
Molveno,TN,Trento,Trentino-Alto Adige/Südtirol,46.142106,10.963777
Mombaldone,AT,Asti,Piemonte,44.569556,8.330186
Mombarcaro,CN,Cuneo,Piemonte,44.467637,8.088242
Mombaroccio,PU,Pesaro e Urbino,Marche,43.795063,12.854757
Mombaruzzo,AT,Asti,Piemonte,44.771349,8.448909
Mombasiglio,CN,Cuneo,Piemonte,44.366633,7.967941
Mombello di Torino,TO,Torino,Piemonte,45.045749,7.920827
Mombello Monferrato,AL,Alessandria,Piemonte,45.132854,8.250333
Mombercelli,AT,Asti,Piemonte,44.81771,8.294669
Momo,NO,Novara,Piemonte,45.574889,8.556139
Mompantero,TO,Torino,Piemonte,45.142043,7.064609
Mompeo,RI,Rieti,Lazio,42.24831,12.752236
Momperone,AL,Alessandria,Piemonte,44.838445,9.035317
Monacilioni,CB,Campobasso,Molise,41.60993,14.808533
Monale,AT,Asti,Piemonte,44.93605,8.071859
Monasterace,RC,Reggio Calabria,Calabria,38.453679,16.552009
Monastero Bormida,AT,Asti,Piemonte,44.648543,8.326643
Monastero di Lanzo,TO,Torino,Piemonte,45.301873,7.439681
Monastero di Vasco,CN,Cuneo,Piemonte,44.330752,7.823675
Monasterolo Casotto,CN,Cuneo,Piemonte,44.328232,7.943241
Monasterolo del Castello,BG,Bergamo,Lombardia,45.763185,9.931658
Monasterolo di Savigliano,CN,Cuneo,Piemonte,44.686338,7.619528
Monastier di Treviso,TV,Treviso,Veneto,45.650076,12.43377
Monastir,SU,Sud Sardegna,Sardegna,39.38474,9.044841
Moncalieri,TO,Torino,Piemonte,45.000461,7.684754
Moncalvo,AT,Asti,Piemonte,45.050222,8.26522
Moncenisio,TO,Torino,Piemonte,45.205285,6.9825
Moncestino,AL,Alessandria,Piemonte,45.15476,8.161422
Monchiero,CN,Cuneo,Piemonte,44.570538,7.920236
Monchio delle Corti,PR,Parma,Emilia-Romagna,44.412955,10.12419
Moncrivello,VC,Vercelli,Piemonte,45.332357,7.995524
Moncucco Torinese,AT,Asti,Piemonte,45.068107,7.932533
Mondaino,RN,Rimini,Emilia-Romagna,43.855706,12.671392
Mondavio,PU,Pesaro e Urbino,Marche,43.674205,12.968771
Mondolfo,PU,Pesaro e Urbino,Marche,43.750769,13.096891
Mondovì,CN,Cuneo,Piemonte,44.390028,7.820472
Mondragone,CE,Caserta,Campania,41.114112,13.893519
Moneglia,GE,Genova,Liguria,44.2385,9.489977
Monesiglio,CN,Cuneo,Piemonte,44.465037,8.118542
Monfalcone,GO,Gorizia,Friuli-Venezia Giulia,45.804945,13.533059
Monforte d'Alba,CN,Cuneo,Piemonte,44.582438,7.969637
Monforte San Giorgio,ME,Messina,Sicilia,38.156401,15.383256
Monfumo,TV,Treviso,Veneto,45.830373,11.921118
Mongardino,AT,Asti,Piemonte,44.849233,8.218475
Monghidoro,BO,Bologna,Emilia-Romagna,44.219859,11.318747
Mongiana,VV,Vibo Valentia,Calabria,38.512879,16.319503
Mongiardino Ligure,AL,Alessandria,Piemonte,44.640139,9.061854
Mongiuffi Melia,ME,Messina,Sicilia,37.905877,15.255718
Mongrando,BI,Biella,Piemonte,45.527732,8.010583
Mongrassano,CS,Cosenza,Calabria,39.526897,16.110587
Monguelfo-Tesido,BZ,Bolzano/Bozen,Trentino-Alto Adige/Südtirol,46.781145,12.118922
Monguzzo,CO,Como,Lombardia,45.782867,9.232579
Moniga del Garda,BS,Brescia,Lombardia,45.528523,10.537573
Monleale,AL,Alessandria,Piemonte,44.887066,8.980251
Monno,BS,Brescia,Lombardia,46.211571,10.339878
Monopoli,BA,Bari,Puglia,40.952237,17.299948
Monreale,PA,Palermo,Sicilia,38.082632,13.291993
Monrupino,TS,Trieste,Friuli-Venezia Giulia,45.717812,13.797445
Monsampietro Morico,FM,Fermo,Marche,43.067752,13.555684
Monsampolo del Tronto,AP,Ascoli Piceno,Marche,42.89695,13.793892
Monsano,AN,Ancona,Marche,43.562561,13.25007
Monselice,PD,Padova,Veneto,45.241768,11.750853
Monserrato,CA,Cagliari,Sardegna,39.25951,9.145856
Monsummano Terme,PT,Pistoia,Toscana,43.870744,10.814016
Montà,CN,Cuneo,Piemonte,44.813644,7.957233
Montabone,AT,Asti,Piemonte,44.698745,8.390644
Montacuto,AL,Alessandria,Piemonte,44.766453,9.104958
Montafia,AT,Asti,Piemonte,44.989289,8.024872
Montagano,CB,Campobasso,Molise,41.644929,14.675129
Montagna,BZ,Bolzano/Bozen,Trentino-Alto Adige/Südtirol,46.330836,11.304634
Montagna in Valtellina,SO,Sondrio,Lombardia,46.178495,9.90295
Montagnana,PD,Padova,Veneto,45.233321,11.465778
Montagnareale,ME,Messina,Sicilia,38.132354,14.946482
Montaguto,AV,Avellino,Campania,41.248725,15.248447
Montaione,FI,Firenze,Toscana,43.552937,10.912773
Montalbano Elicona,ME,Messina,Sicilia,38.023409,15.013672
Montalbano Jonico,MT,Matera,Basilicata,40.28841,16.568171
Montalcino,SI,Siena,Toscana,43.0583,11.490066
Montaldeo,AL,Alessandria,Piemonte,44.667147,8.730152
Montaldo Bormida,AL,Alessandria,Piemonte,44.682647,8.587848
Montaldo di Mondovì,CN,Cuneo,Piemonte,44.321731,7.86714
Montaldo Roero,CN,Cuneo,Piemonte,44.768719,7.924151
Montaldo Scarampi,AT,Asti,Piemonte,44.830345,8.259052
Montaldo Torinese,TO,Torino,Piemonte,45.065487,7.849601
Montale,PT,Pistoia,Toscana,43.93524,11.015879
Montalenghe,TO,Torino,Piemonte,45.337455,7.83882
Montallegro,AG,Agrigento,Sicilia,37.392939,13.350753
Montalto Carpasio,IM,Imperia,Liguria,43.947721,7.861919
Montalto delle Marche,AP,Ascoli Piceno,Marche,42.989851,13.609186
Montalto di Castro,VT,Viterbo,Lazio,42.35346,11.606312
Montalto Dora,TO,Torino,Piemonte,45.490759,7.862818
Montalto Pavese,PV,Pavia,Lombardia,44.979273,9.209761
Montalto Uffugo,CS,Cosenza,Calabria,39.404795,16.15799
Montanaro,TO,Torino,Piemonte,45.233553,7.853323
Montanaso Lombardo,LO,Lodi,Lombardia,45.33577,9.468656
Montanera,CN,Cuneo,Piemonte,44.462233,7.665633
Montano Antilia,SA,Salerno,Campania,40.162304,15.365463
Montano Lucino,CO,Como,Lombardia,45.790331,9.027521
Montappone,FM,Fermo,Marche,43.136453,13.468481
Montaquila,IS,Isernia,Molise,41.566723,14.112618
Montasola,RI,Rieti,Lazio,42.38643,12.681875
Montauro,CZ,Catanzaro,Calabria,38.74877,16.51291
Montazzoli,CH,Chieti,Abruzzo,41.948334,14.42912
Monte Argentario,GR,Grosseto,Toscana,42.407352,11.150384
Monte Castello di Vibio,PG,Perugia,Umbria,42.840694,12.352286
Monte Cavallo,MC,Macerata,Marche,42.955117,12.973869
Monte Cerignone,PU,Pesaro e Urbino,Marche,43.84046,12.414747
Monte Compatri,RM,Roma,Lazio,41.808918,12.737784
Monte Cremasco,CR,Cremona,Lombardia,45.373482,9.572766
Monte di Malo,VI,Vicenza,Veneto,45.660464,11.362566
Monte di Procida,NA,Napoli,Campania,40.800907,14.051827
Monte Giberto,FM,Fermo,Marche,43.091253,13.630685
Monte Grimano Terme,PU,Pesaro e Urbino,Marche,43.867661,12.471247
Monte Isola,BS,Brescia,Lombardia,45.716536,10.080176
Monte Marenzo,LC,Lecco,Lombardia,45.770781,9.454647
Monte Porzio,PU,Pesaro e Urbino,Marche,43.689697,13.04569
Monte Porzio Catone,RM,Roma,Lazio,41.816426,12.715341
Monte Rinaldo,FM,Fermo,Marche,43.02826,13.580155
Monte Roberto,AN,Ancona,Marche,43.48135,13.138378
Monte Romano,VT,Viterbo,Lazio,42.266521,11.893759
Monte San Biagio,LT,Latina,Lazio,41.352513,13.352204
Monte San Giacomo,SA,Salerno,Campania,40.344409,15.540465
Monte San Giovanni Campano,FR,Frosinone,Lazio,41.64062,13.513704
Monte San Giovanni in Sabina,RI,Rieti,Lazio,42.328516,12.777371
Monte San Giusto,MC,Macerata,Marche,43.236431,13.595124
Monte San Martino,MC,Macerata,Marche,43.03195,13.438682
Monte San Pietrangeli,FM,Fermo,Marche,43.189355,13.575383
Monte San Pietro,BO,Bologna,Emilia-Romagna,44.428404,11.15122
Monte San Savino,AR,Arezzo,Toscana,43.331423,11.725351
Monte San Vito,AN,Ancona,Marche,43.600562,13.26817
Monte Sant'Angelo,FG,Foggia,Puglia,41.70544,15.967657
Monte Santa Maria Tiberina,PG,Perugia,Umbria,43.437781,12.162544
Monte Urano,FM,Fermo,Marche,43.202656,13.672885
Monte Vidon Combatte,FM,Fermo,Marche,43.050066,13.631002
Monte Vidon Corrado,FM,Fermo,Marche,43.120653,13.487582
Montebello della Battaglia,PV,Pavia,Lombardia,45.000959,9.103454
Montebello di Bertona,PE,Pescara,Abruzzo,42.417944,13.871901
Montebello Jonico,RC,Reggio Calabria,Calabria,37.982766,15.757997
Montebello sul Sangro,CH,Chieti,Abruzzo,41.987272,14.325315
Montebello Vicentino,VI,Vicenza,Veneto,45.457216,11.385366
Montebelluna,TV,Treviso,Veneto,45.775996,12.045065
Montebruno,GE,Genova,Liguria,44.525742,9.247567
Montebuono,RI,Rieti,Lazio,42.366655,12.597059
Montecalvo in Foglia,PU,Pesaro e Urbino,Marche,43.811562,12.631052
Montecalvo Irpino,AV,Avellino,Campania,41.195623,15.033443
Montecalvo Versiggia,PV,Pavia,Lombardia,44.971268,9.285541
Montecarlo,LU,Lucca,Toscana,43.851186,10.667621
Montecarotto,AN,Ancona,Marche,43.526311,13.06301
Montecassiano,MC,Macerata,Marche,43.363832,13.435709
Montecastello,AL,Alessandria,Piemonte,44.949452,8.685741
Montecastrilli,TR,Terni,Umbria,42.652434,12.488567
Montecatini Val di Cecina,PI,Pisa,Toscana,43.392816,10.749093
Montecatini-Terme,PT,Pistoia,Toscana,43.883179,10.770953
Montecchia di Crosara,VR,Verona,Veneto,45.484518,11.253425
Montecchio,TR,Terni,Umbria,42.663533,12.286862
Montecchio Emilia,RE,Reggio nell'Emilia,Emilia-Romagna,44.700451,10.446413
Montecchio Maggiore,VI,Vicenza,Veneto,45.505079,11.408445
Montecchio Precalcino,VI,Vicenza,Veneto,45.665781,11.563302
Montechiaro d'Acqui,AL,Alessandria,Piemonte,44.59494,8.37957
Montechiaro d'Asti,AT,Asti,Piemonte,45.007816,8.112152
Montechiarugolo,PR,Parma,Emilia-Romagna,44.693401,10.42248
Montecilfone,CB,Campobasso,Molise,41.902536,14.836429
Montecopiolo,RN,Rimini,Emilia-Romagna,43.891962,12.510183
Montecorice,SA,Salerno,Campania,40.234024,14.984681
Montecorvino Pugliano,SA,Salerno,Campania,40.658056,14.944609
Montecorvino Rovella,SA,Salerno,Campania,40.695913,14.976105
Montecosaro,MC,Macerata,Marche,43.317009,13.635306
Montecrestese,VB,Verbano-Cusio-Ossola,Piemonte,46.162833,8.329842
Montecreto,MO,Modena,Emilia-Romagna,44.245955,10.717602
Montedinove,AP,Ascoli Piceno,Marche,42.970733,13.587305
Montedoro,CL,Caltanissetta,Sicilia,37.453508,13.816238
Montefalcione,AV,Avellino,Campania,40.961038,14.882215
Montefalco,PG,Perugia,Umbria,42.891874,12.650067
Montefalcone Appennino,FM,Fermo,Marche,42.990049,13.456883
Montefalcone di Val Fortore,BN,Benevento,Campania,41.325991,15.009059
Montefalcone nel Sannio,CB,Campobasso,Molise,41.866634,14.638225
Montefano,MC,Macerata,Marche,43.411159,13.438376
Montefelcino,PU,Pesaro e Urbino,Marche,43.734761,12.833958
Monteferrante,CH,Chieti,Abruzzo,41.954734,14.388419
Montefiascone,VT,Viterbo,Lazio,42.537925,12.030997
Montefino,TE,Teramo,Abruzzo,42.54432,13.884238
Montefiore Conca,RN,Rimini,Emilia-Romagna,43.890236,12.610315
Montefiore dell'Aso,AP,Ascoli Piceno,Marche,43.051895,13.75279
Montefiorino,MO,Modena,Emilia-Romagna,44.352857,10.625599
Monteflavio,RM,Roma,Lazio,42.108178,12.830382
Monteforte Cilento,SA,Salerno,Campania,40.364807,15.194857
Monteforte d'Alpone,VR,Verona,Veneto,45.417254,11.283666
Monteforte Irpino,AV,Avellino,Campania,40.891922,14.713905
Montefortino,FM,Fermo,Marche,42.943095,13.344831
Montefranco,TR,Terni,Umbria,42.597735,12.76526
Montefredane,AV,Avellino,Campania,40.962395,14.810959
Montefusco,AV,Avellino,Campania,41.037618,14.854941
Montegabbione,TR,Terni,Umbria,42.921006,12.092364
Montegalda,VI,Vicenza,Veneto,45.443775,11.673211
Montegaldella,VI,Vicenza,Veneto,45.436355,11.670826
Montegallo,AP,Ascoli Piceno,Marche,42.847389,13.343496
Montegioco,AL,Alessandria,Piemonte,44.841776,8.963008
Montegiordano,CS,Cosenza,Calabria,40.04301,16.534391
Montegiorgio,FM,Fermo,Marche,43.132253,13.536383
Montegranaro,FM,Fermo,Marche,43.232523,13.63158
Montegridolfo,RN,Rimini,Emilia-Romagna,43859,12.688511
Montegrino Valtravaglia,VA,Varese,Lombardia,45.973207,8.768819
Montegrosso d'Asti,AT,Asti,Piemonte,44.823943,8.239782
Montegrosso Pian Latte,IM,Imperia,Liguria,44.066889,7.817209
Montegrotto Terme,PD,Padova,Veneto,45.331491,11.791208
Monteiasi,TA,Taranto,Puglia,40.499725,17.381007
Montelabbate,PU,Pesaro e Urbino,Marche,43.848864,12.787955
Montelanico,RM,Roma,Lazio,41.651117,13.039893
Montelapiano,CH,Chieti,Abruzzo,41.96344,14.341565
Monteleone d'Orvieto,TR,Terni,Umbria,42.918494,12.051145
Monteleone di Fermo,FM,Fermo,Marche,43.047904,13.528534
Monteleone di Puglia,FG,Foggia,Puglia,41.165424,15.258048
Monteleone di Spoleto,PG,Perugia,Umbria,42.651006,12.95156
Monteleone Rocca Doria,SS,Sassari,Sardegna,40.471622,8.560299
Monteleone Sabino,RI,Rieti,Lazio,42.234336,12.856155
Montelepre,PA,Palermo,Sicilia,38.088964,13.171343
Montelibretti,RM,Roma,Lazio,42.140933,12.735332
Montella,AV,Avellino,Campania,40.843856,15.017955
Montello,BG,Bergamo,Lombardia,45.672082,9.805657
Montelongo,CB,Campobasso,Molise,41.73664,14.952977
Montelparo,FM,Fermo,Marche,43.017838,13.537432
Montelupo Albese,CN,Cuneo,Piemonte,44.62144,8.048038
Montelupo Fiorentino,FI,Firenze,Toscana,43.733153,11.020877
Montelupone,MC,Macerata,Marche,43.34419,13.567594
Montemaggiore Belsito,PA,Palermo,Sicilia,37.847752,13.762048
Montemagno,AT,Asti,Piemonte,44.983701,8.323579
Montemale di Cuneo,CN,Cuneo,Piemonte,44.43743,7.375327
Montemarano,AV,Avellino,Campania,40.915216,14.997646
Montemarciano,AN,Ancona,Marche,43.638863,13.30747
Montemarzino,AL,Alessandria,Piemonte,44.848338,8.99361
Montemesola,TA,Taranto,Puglia,40.56302,17.339228
Montemezzo,CO,Como,Lombardia,46.178181,9.374485
Montemignaio,AR,Arezzo,Toscana,43.739895,11.620012
Montemiletto,AV,Avellino,Campania,41.011342,14.908704
Montemilone,PZ,Potenza,Basilicata,41.030026,15.969266
Montemitro,CB,Campobasso,Molise,41.888027,14.64675
Montemonaco,AP,Ascoli Piceno,Marche,42.899155,13.326859
Montemurlo,PO,Prato,Toscana,43.926966,11.03744
Montemurro,PZ,Potenza,Basilicata,40.296911,15.991275
Montenars,UD,Udine,Friuli-Venezia Giulia,46.255026,13.178824
Montenero di Bisaccia,CB,Campobasso,Molise,42.06545,14.789569
Montenero Sabino,RI,Rieti,Lazio,42.281229,12.813579
Montenero Val Cocchiara,IS,Isernia,Molise,41.716826,14.069415
Montenerodomo,CH,Chieti,Abruzzo,41.975633,14.252815
Monteodorisio,CH,Chieti,Abruzzo,42.085897,14.652681
Montepaone,CZ,Catanzaro,Calabria,38.721458,16.498972
Monteparano,TA,Taranto,Puglia,40.444024,17.415105
Monteprandone,AP,Ascoli Piceno,Marche,42.919939,13.834816
Montepulciano,SI,Siena,Toscana,43.092723,11.780972
Monterchi,AR,Arezzo,Toscana,43.485631,12.111681
Montereale,AQ,L'Aquila,Abruzzo,42.525096,13.244072
Montereale Valcellina,PN,Pordenone,Friuli-Venezia Giulia,46.160509,12.662136
Monterenzio,BO,Bologna,Emilia-Romagna,44.326882,11.406144
Monteriggioni,SI,Siena,Toscana,43.390059,11.223389
Monteroduni,IS,Isernia,Molise,41.521123,14.17702
Monteroni d'Arbia,SI,Siena,Toscana,43.229334,11.420933
Monteroni di Lecce,LE,Lecce,Puglia,40.324398,18.09759
Monterosi,VT,Viterbo,Lazio,42.195823,12.308469
Monterosso al Mare,SP,La Spezia,Liguria,44.146522,9.655558
Monterosso Almo,RG,Ragusa,Sicilia,37.088874,14.762708
Monterosso Calabro,VV,Vibo Valentia,Calabria,38.716999,16.291059
Monterosso Grana,CN,Cuneo,Piemonte,44.408228,7.322927
Monterotondo,RM,Roma,Lazio,42.051799,12.618397
Monterotondo Marittimo,GR,Grosseto,Toscana,43.145553,10.855834
Monterubbiano,FM,Fermo,Marche,43.084754,13.719887
Montesano Salentino,LE,Lecce,Puglia,39.975621,18.321431
Montesano sulla Marcellana,SA,Salerno,Campania,40.275889,15.701375
Montesarchio,BN,Benevento,Campania,41.063923,14.639788
Montescaglioso,MT,Matera,Basilicata,40.552221,16.666887
Montescano,PV,Pavia,Lombardia,45.032644,9.296167
Montescheno,VB,Verbano-Cusio-Ossola,Piemonte,46.06792,8.225245
Montescudaio,PI,Pisa,Toscana,43.326278,10.626995
Montescudo-Monte Colombo,RN,Rimini,Emilia-Romagna,43.931376,12.54223
Montese,MO,Modena,Emilia-Romagna,44.268506,10.941189
Montesegale,PV,Pavia,Lombardia,44.906251,9.127073
Montesilvano,PE,Pescara,Abruzzo,42.513603,14.15162
Montespertoli,FI,Firenze,Toscana,43.64355,11.075141
Monteu da Po,TO,Torino,Piemonte,45.1509,8.016847
Monteu Roero,CN,Cuneo,Piemonte,44.780686,7.931189
Montevago,AG,Agrigento,Sicilia,37.702241,12.985842
Montevarchi,AR,Arezzo,Toscana,43.5235,11.567591
Montevecchia,LC,Lecco,Lombardia,45.705744,9.375436
Monteverde,AV,Avellino,Campania,40.998922,15.534157
Monteverdi Marittimo,PI,Pisa,Toscana,43.177439,10.714408
Monteviale,VI,Vicenza,Veneto,45.560525,11.458072
Montezemolo,CN,Cuneo,Piemonte,44.377035,8.141144
Monti,SS,Sassari,Sardegna,40.805969,9.325527
Montiano,FC,Forlì-Cesena,Emilia-Romagna,44.082965,12.30444
Monticelli Brusati,BS,Brescia,Lombardia,45.63219,10.09857
Monticelli d'Ongina,PC,Piacenza,Emilia-Romagna,45.089511,9.933165
Monticelli Pavese,PV,Pavia,Lombardia,45.110731,9.515049
Monticello Brianza,LC,Lecco,Lombardia,45.70878,9.314141
Monticello Conte Otto,VI,Vicenza,Veneto,45.59518,11.580579
Monticello d'Alba,CN,Cuneo,Piemonte,44.718182,7.948204
Montichiari,BS,Brescia,Lombardia,45.415181,10.390675
Monticiano,SI,Siena,Toscana,43.13967,11.180126
Montieri,GR,Grosseto,Toscana,43.130677,11.016279
Montiglio Monferrato,AT,Asti,Piemonte,45.06447,8.098861
Montignoso,MS,Massa-Carrara,Toscana,44.02405,10.172591
Montirone,BS,Brescia,Lombardia,45.44638,10.228771
Montjovet,AO,Valle d'Aosta/Vallée d'Aoste,Valle d'Aosta/Vallée d'Aoste,45.712361,7.659041
Montodine,CR,Cremona,Lombardia,45.285171,9.707262
Montoggio,GE,Genova,Liguria,44.515436,9.044274
Montone,PG,Perugia,Umbria,43.362337,12.326328
Montopoli di Sabina,RI,Rieti,Lazio,42.245927,12.692077
Montopoli in Val d'Arno,PI,Pisa,Toscana,43.670299,10.760832
Montorfano,CO,Como,Lombardia,45.785458,9.146079
Montorio al Vomano,TE,Teramo,Abruzzo,42.582706,13.632519
Montorio nei Frentani,CB,Campobasso,Molise,41.759634,14.932733
Montorio Romano,RM,Roma,Lazio,42.138411,12.807477
Montoro,AV,Avellino,Campania,40.832876,14.791777
Montorso Vicentino,VI,Vicenza,Veneto,45.489834,11.362271
Montottone,FM,Fermo,Marche,43.062052,13.590085
Montresta,OR,Oristano,Sardegna,40.373654,8.499617
Montù Beccaria,PV,Pavia,Lombardia,45.036946,9.315538
Monvalle,VA,Varese,Lombardia,45.856932,8.63373
Monza,MB,Monza e della Brianza,Lombardia,45.583442,9.273526
Monzambano,MN,Mantova,Lombardia,45.386139,10.692404
Monzuno,BO,Bologna,Emilia-Romagna,44.279263,11.266408
Morano Calabro,CS,Cosenza,Calabria,39.843941,16.135613
Morano sul Po,AL,Alessandria,Piemonte,45.164222,8.365692
Moransengo,AT,Asti,Piemonte,45.11483,8.025051
Moraro,GO,Gorizia,Friuli-Venezia Giulia,45.930571,13.49653
Morazzone,VA,Varese,Lombardia,45.764961,8.8315
Morbegno,SO,Sondrio,Lombardia,46.132419,9.569474
Morbello,AL,Alessandria,Piemonte,44.590801,8.518387
Morciano di Leuca,LE,Lecce,Puglia,39.847818,18.312432
Morciano di Romagna,RN,Rimini,Emilia-Romagna,43.913748,12.646067
Morcone,BN,Benevento,Campania,41.341101,14.663626
Mordano,BO,Bologna,Emilia-Romagna,44.397426,11.810857
Morengo,BG,Bergamo,Lombardia,45.533604,9.705278
Mores,SS,Sassari,Sardegna,40.54836,8.831221
Moresco,FM,Fermo,Marche,43.085554,13.730988
Moretta,CN,Cuneo,Piemonte,44.763839,7.537125
Morfasso,PC,Piacenza,Emilia-Romagna,44.722749,9.702861
Morgano,TV,Treviso,Veneto,45.643398,12.112628
Morgex,AO,Valle d'Aosta/Vallée d'Aoste,Valle d'Aosta/Vallée d'Aoste,45.758022,7.035433
Morgongiori,OR,Oristano,Sardegna,39.746644,8.770131
Mori,TN,Trento,Trentino-Alto Adige/Südtirol,45.852444,10.978275
Moriago della Battaglia,TV,Treviso,Veneto,45.867358,12.103767
Moricone,RM,Roma,Lazio,42.117096,12.771639
Morigerati,SA,Salerno,Campania,40.139949,15.555182
Morimondo,MI,Milano,Lombardia,45.352442,8.954811
Morino,AQ,L'Aquila,Abruzzo,41.864425,13.456999
Moriondo Torinese,TO,Torino,Piemonte,45.037649,7.940028
Morlupo,RM,Roma,Lazio,42.148856,12.503013
Mormanno,CS,Cosenza,Calabria,39.888303,15.98678
Mornago,VA,Varese,Lombardia,45.747541,8.752299
Mornese,AL,Alessandria,Piemonte,44.639247,8.756153
Mornico al Serio,BG,Bergamo,Lombardia,45.59138,9.809259
Mornico Losana,PV,Pavia,Lombardia,45.010331,9.205113
Morolo,FR,Frosinone,Lazio,41.638218,13.197097
Morozzo,CN,Cuneo,Piemonte,44.423932,7.713335
Morra De Sanctis,AV,Avellino,Campania,40.929019,15.242851
Morro d'Alba,AN,Ancona,Marche,43.601097,13.213846
Morro d'Oro,TE,Teramo,Abruzzo,42.663744,13.919497
Morro Reatino,RI,Rieti,Lazio,42.526651,12.832321
Morrone del Sannio,CB,Campobasso,Molise,41.711532,14.779831
Morrovalle,MC,Macerata,Marche,43.314553,13.579508
Morsano al Tagliamento,PN,Pordenone,Friuli-Venezia Giulia,45.858141,12.929336
Morsasco,AL,Alessandria,Piemonte,44.665346,8.550848
Mortara,PV,Pavia,Lombardia,45.247922,8.736385
Mortegliano,UD,Udine,Friuli-Venezia Giulia,45.945806,13.172796
Morterone,LC,Lecco,Lombardia,45.879515,9.486227
Moruzzo,UD,Udine,Friuli-Venezia Giulia,46.120241,13.123152
Moscazzano,CR,Cremona,Lombardia,45.292271,9.683461
Moschiano,AV,Avellino,Campania,40.874246,14.658358
Mosciano Sant'Angelo,TE,Teramo,Abruzzo,42.746847,13.888296
Moscufo,PE,Pescara,Abruzzo,42.428144,14.054309
Moso in Passiria,BZ,Bolzano/Bozen,Trentino-Alto Adige/Südtirol,46.831832,11.167293
Mossa,GO,Gorizia,Friuli-Venezia Giulia,45.938593,13.54824
Motta Baluffi,CR,Cremona,Lombardia,45.055097,10.259247
Motta Camastra,ME,Messina,Sicilia,37.894319,15.170271
Motta d'Affermo,ME,Messina,Sicilia,37.981173,14.302061
Motta de' Conti,VC,Vercelli,Piemonte,45.193343,8.520934
Motta di Livenza,TV,Treviso,Veneto,45.77663,12.610548
Motta Montecorvino,FG,Foggia,Puglia,41.50743,15.114141
Motta San Giovanni,RC,Reggio Calabria,Calabria,38.003165,15.695096
Motta Sant'Anastasia,CT,Catania,Sicilia,37.513391,14.967072
Motta Santa Lucia,CZ,Catanzaro,Calabria,39.09189,16.292396
Motta Visconti,MI,Milano,Lombardia,45.288179,8.992487
Mottafollone,CS,Cosenza,Calabria,39.648699,16.063385
Mottalciata,BI,Biella,Piemonte,45.505063,8.206725
Motteggiana,MN,Mantova,Lombardia,45.03494,10.764023
Mottola,TA,Taranto,Puglia,40.633225,17.037195
Mozzagrogna,CH,Chieti,Abruzzo,42.212756,14.444745
Mozzanica,BG,Bergamo,Lombardia,45.476076,9.689258
Mozzate,CO,Como,Lombardia,45.675188,8.955762
Mozzecane,VR,Verona,Veneto,45.309983,10.818531
Mozzo,BG,Bergamo,Lombardia,45.69868,9.608652
Muccia,MC,Macerata,Marche,43.081701,13.042968
Muggia,TS,Trieste,Friuli-Venezia Giulia,45.595848,13.782856
Muggiò,MB,Monza e della Brianza,Lombardia,45.593195,9.227138
Mugnano del Cardinale,AV,Avellino,Campania,40.943014,14.635638
Mugnano di Napoli,NA,Napoli,Campania,40.9093,14.206835
Mulazzano,LO,Lodi,Lombardia,45.373492,9.397993
Mulazzo,MS,Massa-Carrara,Toscana,44.315926,9.889626
Mura,BS,Brescia,Lombardia,45.71398,10.34365
Muravera,SU,Sud Sardegna,Sardegna,39.420945,9.573551
Murazzano,CN,Cuneo,Piemonte,44.474649,8.021336
Murello,CN,Cuneo,Piemonte,44.752139,7.600926
Murialdo,SV,Savona,Liguria,44.31658,8.164297
Murisengo,AL,Alessandria,Piemonte,45.083776,8.137233
Murlo,SI,Siena,Toscana,43.160765,11.387924
Muro Leccese,LE,Lecce,Puglia,40.102323,18.33813
Muro Lucano,PZ,Potenza,Basilicata,40.752517,15.485759
Muros,SS,Sassari,Sardegna,40.678061,8.617315
Muscoline,BS,Brescia,Lombardia,45.562485,10.461874
Musei,SU,Sud Sardegna,Sardegna,39.302285,8.667406
Musile di Piave,VE,Venezia,Veneto,45.617359,12.561887
Musso,CO,Como,Lombardia,46.114256,9.276373
Mussolente,VI,Vicenza,Veneto,45.778952,11.801272
Mussomeli,CL,Caltanissetta,Sicilia,37.577845,13.751259
Muzzana del Turgnano,UD,Udine,Friuli-Venezia Giulia,45.818109,13.129263
Muzzano,BI,Biella,Piemonte,45.560762,7.988919
Nago-Torbole,TN,Trento,Trentino-Alto Adige/Südtirol,45.851159,10.885079
Nalles,BZ,Bolzano/Bozen,Trentino-Alto Adige/Südtirol,46.543487,11.204627
Nanto,VI,Vicenza,Veneto,45.421995,11.605006
Napoli,NA,Napoli,Campania,40.835934,14.248783
Narbolia,OR,Oristano,Sardegna,40.04765,8.575169
Narcao,SU,Sud Sardegna,Sardegna,39.168165,8.674714
Nardò,LE,Lecce,Puglia,40.176261,18.030637
Nardodipace,VV,Vibo Valentia,Calabria,38.472278,16.342504
Narni,TR,Terni,Umbria,42.519589,12.515226
Naro,AG,Agrigento,Sicilia,37.29622,13.791567
Narzole,CN,Cuneo,Piemonte,44.595438,7.869835
Nasino,SV,Savona,Liguria,44.11375,8.031713
Naso,ME,Messina,Sicilia,38.122118,14.78898
Naturno,BZ,Bolzano/Bozen,Trentino-Alto Adige/Südtirol,46.649886,11.004195
Nave,BS,Brescia,Lombardia,45.587727,10.289235
Navelli,AQ,L'Aquila,Abruzzo,42.237864,13.729027
Naz-Sciaves,BZ,Bolzano/Bozen,Trentino-Alto Adige/Südtirol,46.763074,11.677935
Nazzano,RM,Roma,Lazio,42.229257,12.597639
Ne,GE,Genova,Liguria,44.351926,9.440257
Nebbiuno,NO,Novara,Piemonte,45.803573,8.527126
Negrar di Valpolicella,VR,Verona,Veneto,45.529671,10.940022
Neirone,GE,Genova,Liguria,44.454664,9.190511
Neive,CN,Cuneo,Piemonte,44.72605,8.115186
Nembro,BG,Bergamo,Lombardia,45.743974,9.759275
Nemi,RM,Roma,Lazio,41.720022,12.713395
Nemoli,PZ,Potenza,Basilicata,40.067505,15.800274
Neoneli,OR,Oristano,Sardegna,40.064752,8.94673
Nepi,VT,Viterbo,Lazio,42.242824,12.34557
Nereto,TE,Teramo,Abruzzo,42.818945,13.816055
Nerola,RM,Roma,Lazio,42.160548,12.78668
Nervesa della Battaglia,TV,Treviso,Veneto,45.825368,12.209202
Nerviano,MI,Milano,Lombardia,45.553647,8.970719
Nespolo,RI,Rieti,Lazio,42.156158,13.070082
Nesso,CO,Como,Lombardia,45.911422,9.157113
Netro,BI,Biella,Piemonte,45.537929,7.945516
Nettuno,RM,Roma,Lazio,41.457538,12.661425
Neviano,LE,Lecce,Puglia,40.107722,18.114025
Neviano degli Arduini,PR,Parma,Emilia-Romagna,44.582365,10.315689
Neviglie,CN,Cuneo,Piemonte,44.691942,8.116838
Niardo,BS,Brescia,Lombardia,45.975994,10.333263
Nibbiola,NO,Novara,Piemonte,45.371483,8.654978
Nibionno,LC,Lecco,Lombardia,45.746479,9.268944
Nichelino,TO,Torino,Piemonte,44.995518,7.646618
Nicolosi,CT,Catania,Sicilia,37.614711,15.026349
Nicorvo,PV,Pavia,Lombardia,45.285662,8.667939
Nicosia,EN,Enna,Sicilia,37.747452,14.397271
Nicotera,VV,Vibo Valentia,Calabria,38.554577,15.936695
Niella Belbo,CN,Cuneo,Piemonte,44.512738,8.079341
Niella Tanaro,CN,Cuneo,Piemonte,44.413112,7.922952
Nimis,UD,Udine,Friuli-Venezia Giulia,46.200671,13.266254
Niscemi,CL,Caltanissetta,Sicilia,37.14645,14.39418
Nissoria,EN,Enna,Sicilia,37.655277,14.449468
Nizza di Sicilia,ME,Messina,Sicilia,37.992622,15.411913
Nizza Monferrato,AT,Asti,Piemonte,44.77331,8.353709
Noale,VE,Venezia,Veneto,45.550123,12.072088
Noasca,TO,Torino,Piemonte,45.453972,7.314554
Nocara,CS,Cosenza,Calabria,40.099411,16.481889
Nocciano,PE,Pescara,Abruzzo,42.333041,13.984102
Nocera Inferiore,SA,Salerno,Campania,40.747213,14.64332
Nocera Superiore,SA,Salerno,Campania,40.74156,14.671504
Nocera Terinese,CZ,Catanzaro,Calabria,39.036893,16.160718
Nocera Umbra,PG,Perugia,Umbria,43.113619,12.788608
Noceto,PR,Parma,Emilia-Romagna,44.809901,10.17726
Noci,BA,Bari,Puglia,40.79468,17.123557
Nociglia,LE,Lecce,Puglia,40.039222,18.326031
Noepoli,PZ,Potenza,Basilicata,40.086809,16.329685
Nogara,VR,Verona,Veneto,45.179012,11.063733
Nogaredo,TN,Trento,Trentino-Alto Adige/Südtirol,45.912089,11.023046
Nogarole Rocca,VR,Verona,Veneto,45.291882,10.883788
Nogarole Vicentino,VI,Vicenza,Veneto,45.55936,11.28843
Noicattaro,BA,Bari,Puglia,41.032287,16.987712
Nola,NA,Napoli,Campania,40.921083,14.53274
Nole,TO,Torino,Piemonte,45.243991,7.572752
Noli,SV,Savona,Liguria,44.205883,8.416419
Nomaglio,TO,Torino,Piemonte,45.53616,7.860317
Nomi,TN,Trento,Trentino-Alto Adige/Südtirol,45.928599,11.071881
Nonantola,MO,Modena,Emilia-Romagna,44.677608,11.043624
None,TO,Torino,Piemonte,44.933143,7.540121
Nonio,VB,Verbano-Cusio-Ossola,Piemonte,45.845773,8.377522
Noragugume,NU,Nuoro,Sardegna,40.224555,8.920727
Norbello,OR,Oristano,Sardegna,40.134752,8.832027
Norcia,PG,Perugia,Umbria,42.792412,13.092928
Norma,LT,Latina,Lazio,41.588015,12.969392
Nosate,MI,Milano,Lombardia,45.550869,8.726535
Notaresco,TE,Teramo,Abruzzo,42.654145,13.894698
Noto,SR,Siracusa,Sicilia,36.890886,15.070645
Nova Levante,BZ,Bolzano/Bozen,Trentino-Alto Adige/Südtirol,46.430234,11.53895
Nova Milanese,MB,Monza e della Brianza,Lombardia,45.58929,9.20034
Nova Ponente,BZ,Bolzano/Bozen,Trentino-Alto Adige/Südtirol,46.413993,11.425181
Nova Siri,MT,Matera,Basilicata,40.148212,16.538889
Novafeltria,RN,Rimini,Emilia-Romagna,43.895727,12.290398
Novaledo,TN,Trento,Trentino-Alto Adige/Südtirol,46.022818,11.366434
Novalesa,TO,Torino,Piemonte,45.18964,7.015498
Novara,NO,Novara,Piemonte,45.58425,8.545997
Novara di Sicilia,ME,Messina,Sicilia,38.016082,15.13183
Novate Mezzola,SO,Sondrio,Lombardia,46.221592,9.449839
Novate Milanese,MI,Milano,Lombardia,45.531939,9.140832
Nove,VI,Vicenza,Veneto,45.725675,11.680058
Novedrate,CO,Como,Lombardia,45.698946,9.120498
Novella,TN,Trento,Trentino-Alto Adige/Südtirol,46.436999,11.078127
Novellara,RE,Reggio nell'Emilia,Emilia-Romagna,44.84297,10.727492
Novello,CN,Cuneo,Piemonte,44.587706,7.927116
Noventa di Piave,VE,Venezia,Veneto,45.661888,12.529942
Noventa Padovana,PD,Padova,Veneto,45.414232,11.9508
Noventa Vicentina,VI,Vicenza,Veneto,45.290628,11.539884
Novi di Modena,MO,Modena,Emilia-Romagna,44.893439,10.901254
Novi Ligure,AL,Alessandria,Piemonte,44.76085,8.789551
Novi Velia,SA,Salerno,Campania,40.225105,15.288361
Noviglio,MI,Milano,Lombardia,45.360159,9.050375
Novoli,LE,Lecce,Puglia,40.378527,18.04922
Nucetto,CN,Cuneo,Piemonte,44.340334,8.060343
Nughedu San Nicolò,SS,Sassari,Sardegna,40.556508,9.021463
Nughedu Santa Vittoria,OR,Oristano,Sardegna,40.102075,8.953508
Nule,SS,Sassari,Sardegna,40.461561,9.189829
Nulvi,SS,Sassari,Sardegna,40.783764,8.743716
Numana,AN,Ancona,Marche,43.510344,13.622637
Nuoro,NU,Nuoro,Sardegna,40.127683,9.342323
Nurachi,OR,Oristano,Sardegna,39.973394,8.540165
Nuragus,SU,Sud Sardegna,Sardegna,39.776247,9.038136
Nurallao,SU,Sud Sardegna,Sardegna,39.790278,9.080737
Nuraminis,SU,Sud Sardegna,Sardegna,39.442941,9.01474
Nureci,OR,Oristano,Sardegna,39.823348,8.973834
Nurri,SU,Sud Sardegna,Sardegna,39.712048,9.229841
Nus,AO,Valle d'Aosta/Vallée d'Aoste,Valle d'Aosta/Vallée d'Aoste,45.74124,7.469617
Nusco,AV,Avellino,Campania,40.88695,15.084004
Nuvolento,BS,Brescia,Lombardia,45.545784,10.386772
Nuvolera,BS,Brescia,Lombardia,45.532183,10.369172
Nuxis,SU,Sud Sardegna,Sardegna,39.152933,8.738139
Occhieppo Inferiore,BI,Biella,Piemonte,45.55612,8.021519
Occhieppo Superiore,BI,Biella,Piemonte,45.565062,8.001319
Occhiobello,RO,Rovigo,Veneto,44.92125,11.5814
Occimiano,AL,Alessandria,Piemonte,45.060255,8.50764
Ocre,AQ,L'Aquila,Abruzzo,42.282501,13.470576
Odalengo Grande,AL,Alessandria,Piemonte,45.10976,8.166903
Odalengo Piccolo,AL,Alessandria,Piemonte,45.071652,8.206033
Oderzo,TV,Treviso,Veneto,45.783371,12.493778
Odolo,BS,Brescia,Lombardia,45.64685,10.388448
Ofena,AQ,L'Aquila,Abruzzo,42.326791,13.75869
Offagna,AN,Ancona,Marche,43.527682,13.441472
Offanengo,CR,Cremona,Lombardia,45.378874,9.742361
Offida,AP,Ascoli Piceno,Marche,42.934821,13.691044
Offlaga,BS,Brescia,Lombardia,45.386133,10.117457
Oggebbio,VB,Verbano-Cusio-Ossola,Piemonte,45.997679,8.650425
Oggiona con Santo Stefano,VA,Varese,Lombardia,45.699435,8.818381
Oggiono,LC,Lecco,Lombardia,45.79188,9.346745
Oglianico,TO,Torino,Piemonte,45.342554,7.693717
Ogliastro Cilento,SA,Salerno,Campania,40.352405,15.043154
Olbia,SS,Sassari,Sardegna,40.923266,9.502744
Olcenengo,VC,Vercelli,Piemonte,45.36346,8.30983
Oldenico,VC,Vercelli,Piemonte,45.402755,8.380327
Oleggio,NO,Novara,Piemonte,45.597231,8.637068
Oleggio Castello,NO,Novara,Piemonte,45.748872,8.527127
Olevano di Lomellina,PV,Pavia,Lombardia,45.21296,8.717269
Olevano Romano,RM,Roma,Lazio,41.860621,13.03309
Olevano sul Tusciano,SA,Salerno,Campania,40.668904,15.032615
Olgiate Comasco,CO,Como,Lombardia,45.785326,8.967774
Olgiate Molgora,LC,Lecco,Lombardia,45.730279,9.403347
Olgiate Olona,VA,Varese,Lombardia,45631,8.889841
Olginate,LC,Lecco,Lombardia,45.800938,9.413279
Oliena,NU,Nuoro,Sardegna,40.27226,9.403036
Oliva Gessi,PV,Pavia,Lombardia,45.00356,9.179355
Olivadi,CZ,Catanzaro,Calabria,38.725584,16.423703
Oliveri,ME,Messina,Sicilia,38.123481,15.060849
Oliveto Citra,SA,Salerno,Campania,40.690808,15.231782
Oliveto Lario,LC,Lecco,Lombardia,45.929247,9.285912
Oliveto Lucano,MT,Matera,Basilicata,40.535317,16.184577
Olivetta San Michele,IM,Imperia,Liguria,43.869399,7.523978
Olivola,AL,Alessandria,Piemonte,45.037388,8.367527
Ollastra,OR,Oristano,Sardegna,39.950948,8.734227
Ollolai,NU,Nuoro,Sardegna,40.168503,9.178467
Ollomont,AO,Valle d'Aosta/Vallée d'Aoste,Valle d'Aosta/Vallée d'Aoste,45.849655,7.310644
Olmedo,SS,Sassari,Sardegna,40.651558,8.38021
Olmeneta,CR,Cremona,Lombardia,45.235873,10.02227
Olmo al Brembo,BG,Bergamo,Lombardia,45.969676,9.648649
Olmo Gentile,AT,Asti,Piemonte,44.58582,8.247201
Oltre il Colle,BG,Bergamo,Lombardia,45.889487,9.769252
Oltressenda Alta,BG,Bergamo,Lombardia,45.916699,9.944232
Oltrona di San Mamette,CO,Como,Lombardia,45.756962,8.976296
Olzai,NU,Nuoro,Sardegna,40.182856,9.148332
Ome,BS,Brescia,Lombardia,45.627283,10.121365
Omegna,VB,Verbano-Cusio-Ossola,Piemonte,45.879774,8.408022
Omignano,SA,Salerno,Campania,40.248204,15.085156
Onanì,NU,Nuoro,Sardegna,40.485326,9.441168
Onano,VT,Viterbo,Lazio,42.692856,11.8164
Oncino,CN,Cuneo,Piemonte,44.676262,7.190376
Oneta,BG,Bergamo,Lombardia,45.871487,9.819354
Onifai,NU,Nuoro,Sardegna,40.406964,9.651339
Oniferi,NU,Nuoro,Sardegna,40.271958,9.170332
Ono San Pietro,BS,Brescia,Lombardia,46.016895,10.328362
Onore,BG,Bergamo,Lombardia,45.891169,10.009936
Onzo,SV,Savona,Liguria,44.070289,8.050019
Opera,MI,Milano,Lombardia,45.373069,9.211149
Opi,AQ,L'Aquila,Abruzzo,41.781026,13.829726
Oppeano,VR,Verona,Veneto,45.306214,11.18234
Oppido Lucano,PZ,Potenza,Basilicata,40.76182,15.98667
Oppido Mamertina,RC,Reggio Calabria,Calabria,38.293593,15.98414
Ora,BZ,Bolzano/Bozen,Trentino-Alto Adige/Südtirol,46.346595,11.298634
Orani,NU,Nuoro,Sardegna,40.248344,9.182835
Oratino,CB,Campobasso,Molise,41.584765,14.587502
Orbassano,TO,Torino,Piemonte,45.007263,7.536919
Orbetello,GR,Grosseto,Toscana,42.438094,11.210743
Orciano Pisano,PI,Pisa,Toscana,43.494436,10.51151
Orco Feglino,SV,Savona,Liguria,44.221643,8.323557
Ordona,FG,Foggia,Puglia,41.315529,15.627355
Orero,GE,Genova,Liguria,44.417212,9.289038
Orgiano,VI,Vicenza,Veneto,45.351043,11.466029
Orgosolo,NU,Nuoro,Sardegna,40.204758,9.354936
Oria,BR,Brindisi,Puglia,40.497327,17.64131
Oricola,AQ,L'Aquila,Abruzzo,42.049225,13.039387
Origgio,VA,Varese,Lombardia,45.597693,9.018061
Orino,VA,Varese,Lombardia,45.881634,8.715103
Orio al Serio,BG,Bergamo,Lombardia,45.676227,9.692956
Orio Canavese,TO,Torino,Piemonte,45.329255,7.861721
Orio Litta,LO,Lodi,Lombardia,45.160313,9.554207
Oriolo,CS,Cosenza,Calabria,40.053809,16.446088
Oriolo Romano,VT,Viterbo,Lazio,42.159303,12.138349
Oristano,OR,Oristano,Sardegna,40.026568,8.679642
Ormea,CN,Cuneo,Piemonte,44.148871,7.912606
Ormelle,TV,Treviso,Veneto,45.779103,12.420337
Ornago,MB,Monza e della Brianza,Lombardia,45.598404,9.422214
Ornavasso,VB,Verbano-Cusio-Ossola,Piemonte,45.962083,8.393624
Ornica,BG,Bergamo,Lombardia,45.988971,9.579479
Orosei,NU,Nuoro,Sardegna,40.37918,9.695014
Orotelli,NU,Nuoro,Sardegna,40.305803,9.112838
Orria,SA,Salerno,Campania,40.299705,15.171157
Orroli,SU,Sud Sardegna,Sardegna,39.693547,9.250341
Orsago,TV,Treviso,Veneto,45.930861,12.423587
Orsara Bormida,AL,Alessandria,Piemonte,44.690146,8.562748
Orsara di Puglia,FG,Foggia,Puglia,41.281626,15.264447
Orsenigo,CO,Como,Lombardia,45.777379,9.181741
Orsogna,CH,Chieti,Abruzzo,42.218939,14.279112
Orsomarso,CS,Cosenza,Calabria,39.800172,15.909528
Orta di Atella,CE,Caserta,Campania,40.966512,14.268029
Orta Nova,FG,Foggia,Puglia,41.32993,15.710656
Orta San Giulio,NO,Novara,Piemonte,45.798081,8.406951
Ortacesus,SU,Sud Sardegna,Sardegna,39.539148,9.083526
Orte,VT,Viterbo,Lazio,42.460598,12.385606
Ortelle,LE,Lecce,Puglia,40.033896,18.39112
Ortezzano,FM,Fermo,Marche,43.030052,13.605986
Ortignano Raggiolo,AR,Arezzo,Toscana,43.672777,11.715607
Ortisei,BZ,Bolzano/Bozen,Trentino-Alto Adige/Südtirol,46.590462,11.684557
Ortona,CH,Chieti,Abruzzo,42.349643,14.403913
Ortona dei Marsi,AQ,L'Aquila,Abruzzo,41.99733,13.728103
Ortovero,SV,Savona,Liguria,44.053427,8.096649
Ortucchio,AQ,L'Aquila,Abruzzo,41.955028,13.645802
Ortueri,NU,Nuoro,Sardegna,40.035642,8.98725
Orune,NU,Nuoro,Sardegna,40.407595,9.369739
Orvieto,TR,Terni,Umbria,42.718615,12.108791
Orvinio,RI,Rieti,Lazio,42.132126,12.939684
Orzinuovi,BS,Brescia,Lombardia,45.403976,9.921564
Orzivecchi,BS,Brescia,Lombardia,45.42066,9.961729
Osasco,TO,Torino,Piemonte,44.849368,7.343243
Osasio,TO,Torino,Piemonte,44.871442,7.608024
Oschiri,SS,Sassari,Sardegna,40.719766,9.101024
Osidda,NU,Nuoro,Sardegna,40.523863,9.219329
Osiglia,SV,Savona,Liguria,44.282632,8.202144
Osilo,SS,Sassari,Sardegna,40.744063,8.671115
Osimo,AN,Ancona,Marche,43.486136,13.482407
Osini,NU,Nuoro,Sardegna,39.822752,9.496244
Osio Sopra,BG,Bergamo,Lombardia,45.630787,9.591063
Osio Sotto,BG,Bergamo,Lombardia,45.616078,9.589053
Osnago,LC,Lecco,Lombardia,45.675678,9.391148
Osoppo,UD,Udine,Friuli-Venezia Giulia,46.255978,13.08086
Ospedaletti,IM,Imperia,Liguria,43.80208,7.718166
Ospedaletto,TN,Trento,Trentino-Alto Adige/Südtirol,46.043569,11.552958
Ospedaletto d'Alpinolo,AV,Avellino,Campania,40.938671,14.743934
Ospedaletto Euganeo,PD,Padova,Veneto,45.222695,11.610901
Ospedaletto Lodigiano,LO,Lodi,Lombardia,45.168767,9.578661
Ospitale di Cadore,BL,Belluno,Veneto,46.330524,12.322888
Ospitaletto,BS,Brescia,Lombardia,45.555222,10.073946
Ossago Lodigiano,LO,Lodi,Lombardia,45.245669,9.537059
Ossana,TN,Trento,Trentino-Alto Adige/Südtirol,46.306453,10.737701
Ossi,SS,Sassari,Sardegna,40.67486,8.591714
Ossimo,BS,Brescia,Lombardia,45.946192,10.230561
Ossona,MI,Milano,Lombardia,45.506211,8.901266
Ostana,CN,Cuneo,Piemonte,44.692521,7.188312
Ostellato,FE,Ferrara,Emilia-Romagna,44.745678,11.943521
Ostiano,CR,Cremona,Lombardia,45.220775,10.252075
Ostiglia,MN,Mantova,Lombardia,45.07039,11.13641
Ostra,AN,Ancona,Marche,43.612527,13.158061
Ostra Vetere,AN,Ancona,Marche,43.603749,13.058186
Ostuni,BR,Brindisi,Puglia,40.727631,17.576406
Otranto,LE,Lecce,Puglia,40.147825,18.485933
Otricoli,TR,Terni,Umbria,42.423023,12.477686
Ottana,NU,Nuoro,Sardegna,40.233499,9.044599
Ottati,SA,Salerno,Campania,40.462856,15.315234
Ottaviano,NA,Napoli,Campania,40.849818,14.490127
Ottiglio,AL,Alessandria,Piemonte,45.054321,8.338375
Ottobiano,PV,Pavia,Lombardia,45.152816,8.829209
Ottone,PC,Piacenza,Emilia-Romagna,44.623249,9.33266
Oulx,TO,Torino,Piemonte,45.033052,6.83251
Ovada,AL,Alessandria,Piemonte,44.638346,8.64525
Ovaro,UD,Udine,Friuli-Venezia Giulia,46.482943,12.865389
Oviglio,AL,Alessandria,Piemonte,44.86125,8.487743
Ovindoli,AQ,L'Aquila,Abruzzo,42.137031,13.516097
Ovodda,NU,Nuoro,Sardegna,40.095654,9.162334
Oyace,AO,Valle d'Aosta/Vallée d'Aoste,Valle d'Aosta/Vallée d'Aoste,45.850765,7.382866
Ozegna,TO,Torino,Piemonte,45.34929,7.742524
Ozieri,SS,Sassari,Sardegna,40.585937,9.001043
Ozzano dell'Emilia,BO,Bologna,Emilia-Romagna,44.44498,11.47605
Ozzano Monferrato,AL,Alessandria,Piemonte,45.108923,8.37023
Ozzero,MI,Milano,Lombardia,45.365848,8.924514
Pabillonis,SU,Sud Sardegna,Sardegna,39.591159,8.720953
Pace del Mela,ME,Messina,Sicilia,38.179625,15.305332
Paceco,TP,Trapani,Sicilia,37.981297,12.557309
Pacentro,AQ,L'Aquila,Abruzzo,42.049964,13.991073
Pachino,SR,Siracusa,Sicilia,36.715209,15.091477
Paciano,PG,Perugia,Umbria,43.022434,12.070523
Padenghe sul Garda,BS,Brescia,Lombardia,45.509584,10.506376
Paderna,AL,Alessandria,Piemonte,44.820713,8.89163
Paderno d'Adda,LC,Lecco,Lombardia,45.681458,9.44456
Paderno Dugnano,MI,Milano,Lombardia,45.571903,9.168131
Paderno Franciacorta,BS,Brescia,Lombardia,45.589187,10.076411
Paderno Ponchielli,CR,Cremona,Lombardia,45.238872,9.930268
Padova,PD,Padova,Veneto,45.407717,11.873446
Padria,SS,Sassari,Sardegna,40.396355,8.629919
Padru,SS,Sassari,Sardegna,40.76577,9.520232
Padula,SA,Salerno,Campania,40.341642,15.658254
Paduli,BN,Benevento,Campania,41.167202,14.883597
Paesana,CN,Cuneo,Piemonte,44.684564,7.273841
Paese,TV,Treviso,Veneto,45.672731,12.153611
Pagani,SA,Salerno,Campania,40.749888,14.613323
Paganico Sabino,RI,Rieti,Lazio,42.189628,12.996885
Pagazzano,BG,Bergamo,Lombardia,45.534277,9.671157
Pagliara,ME,Messina,Sicilia,37.985463,15.359689
Paglieta,CH,Chieti,Abruzzo,42.163039,14.497318
Pagnacco,UD,Udine,Friuli-Venezia Giulia,46.12428,13.186975
Pagno,CN,Cuneo,Piemonte,44.611734,7.425725
Pagnona,LC,Lecco,Lombardia,46.059741,9.402893
Pago del Vallo di Lauro,AV,Avellino,Campania,40.897213,14.607638
Pago Veiano,BN,Benevento,Campania,41.247922,14.871339
Paisco Loveno,BS,Brescia,Lombardia,46.078305,10.290733
Paitone,BS,Brescia,Lombardia,45.553076,10.401255
Paladina,BG,Bergamo,Lombardia,45.730674,9.607994
Palagano,MO,Modena,Emilia-Romagna,44.320957,10.6461
Palagianello,TA,Taranto,Puglia,40.611891,16.975118
Palagiano,TA,Taranto,Puglia,40.578224,17.037395
Palagonia,CT,Catania,Sicilia,37.327355,14.745332
Palaia,PI,Pisa,Toscana,43.605041,10.772014
Palanzano,PR,Parma,Emilia-Romagna,44.437437,10.194462
Palata,CB,Campobasso,Molise,41.890515,14.785357
Palau,SS,Sassari,Sardegna,41.181076,9.382042
Palazzago,BG,Bergamo,Lombardia,45.752115,9.535027
Palazzo Adriano,PA,Palermo,Sicilia,37.681254,13.379266
Palazzo Canavese,TO,Torino,Piemonte,45.459259,7.978921
Palazzo Pignano,CR,Cremona,Lombardia,45.390073,9.569557
Palazzo San Gervasio,PZ,Potenza,Basilicata,40.931324,15.980767
Palazzolo Acreide,SR,Siracusa,Sicilia,37.061913,14.90391
Palazzolo dello Stella,UD,Udine,Friuli-Venezia Giulia,45.804827,13.079579
Palazzolo sull'Oglio,BS,Brescia,Lombardia,45.599069,9.884966
Palazzolo Vercellese,VC,Vercelli,Piemonte,45.186255,8.232632
Palazzuolo sul Senio,FI,Firenze,Toscana,44.112297,11.54774
Palena,CH,Chieti,Abruzzo,41.984359,14.138041
Palermiti,CZ,Catanzaro,Calabria,38.748534,16.452216
Palermo,PA,Palermo,Sicilia,38.111227,13.352443
Palestrina,RM,Roma,Lazio,41.838966,12.891249
Palestro,PV,Pavia,Lombardia,45.301761,8.533436
Paliano,FR,Frosinone,Lazio,41.806023,13.058068
Palizzi,RC,Reggio Calabria,Calabria,37.966667,15.986702
Pallagorio,KR,Crotone,Calabria,39.307693,16.910984
Pallanzeno,VB,Verbano-Cusio-Ossola,Piemonte,46.041976,8.258116
Pallare,SV,Savona,Liguria,44.327275,8.275435
Palma Campania,NA,Napoli,Campania,40.864917,14.548733
Palma di Montechiaro,AG,Agrigento,Sicilia,37.191664,13.763714
Palmanova,UD,Udine,Friuli-Venezia Giulia,45.905464,13.309932
Palmariggi,LE,Lecce,Puglia,40.131322,18.381176
Palmas Arborea,OR,Oristano,Sardegna,39.876646,8.643127
Palmi,RC,Reggio Calabria,Calabria,38.357449,15.846565
Palmiano,AP,Ascoli Piceno,Marche,42.899338,13.458377
Palmoli,CH,Chieti,Abruzzo,41.939435,14.581423
Palo del Colle,BA,Bari,Puglia,41.057532,16.700782
Palombara Sabina,RM,Roma,Lazio,42.066633,12.765812
Palombaro,CH,Chieti,Abruzzo,42.124836,14.230613
Palomonte,SA,Salerno,Campania,40.662513,15.291856
Palosco,BG,Bergamo,Lombardia,45.587549,9.835698
Palù,VR,Verona,Veneto,45.325834,11.155173
Palù del Fersina,TN,Trento,Trentino-Alto Adige/Südtirol,46.130737,11.366488
Paludi,CS,Cosenza,Calabria,39.529394,16.681569
Paluzza,UD,Udine,Friuli-Venezia Giulia,46.530815,13.018206
Pamparato,CN,Cuneo,Piemonte,44.277029,7.913714
Pancalieri,TO,Torino,Piemonte,44.833441,7.585924
Pancarana,PV,Pavia,Lombardia,45.074928,9.05079
Panchià,TN,Trento,Trentino-Alto Adige/Südtirol,46.285653,11.542587
Pandino,CR,Cremona,Lombardia,45.407073,9.553456
Panettieri,CS,Cosenza,Calabria,39.05999,16.4567
Panicale,PG,Perugia,Umbria,43.029059,12.098364
Pannarano,BN,Benevento,Campania,41.010215,14.703342
Panni,FG,Foggia,Puglia,41.222025,15.274648
Pantelleria,TP,Trapani,Sicilia,36.831458,11.94504
Pantigliate,MI,Milano,Lombardia,45.439548,9.352631
Paola,CS,Cosenza,Calabria,39.359893,16.039588
Paolisi,BN,Benevento,Campania,41.037084,14.578152
Papasidero,CS,Cosenza,Calabria,39.871915,15.905552
Papozze,RO,Rovigo,Veneto,44.988248,12.031812
Parabiago,MI,Milano,Lombardia,45.558611,8.947888
Parabita,LE,Lecce,Puglia,40.051921,18.129526
Paratico,BS,Brescia,Lombardia,45.659876,9.95507
Parcines,BZ,Bolzano/Bozen,Trentino-Alto Adige/Südtirol,46.683848,11.07352
Parella,TO,Torino,Piemonte,45.430657,7.793217
Parenti,CS,Cosenza,Calabria,39.162192,16.410498
Parete,CE,Caserta,Campania,40.958911,14.161927
Pareto,AL,Alessandria,Piemonte,44.516402,8.382161
Parghelia,VV,Vibo Valentia,Calabria,38.681736,15.921798
Parlasco,LC,Lecco,Lombardia,46.017886,9.34494
Parma,PR,Parma,Emilia-Romagna,44.801368,10.328083
Parodi Ligure,AL,Alessandria,Piemonte,44.669748,8.758652
Paroldo,CN,Cuneo,Piemonte,44.432036,8.072442
Parolise,AV,Avellino,Campania,40.930941,14.88177
Parona,PV,Pavia,Lombardia,45.282602,8.750845
Parrano,TR,Terni,Umbria,42.863933,12.106128
Parre,BG,Bergamo,Lombardia,45.874587,9.890855
Partanna,TP,Trapani,Sicilia,37.727841,12.88854
Partinico,PA,Palermo,Sicilia,38.043896,13.119821
Paruzzaro,NO,Novara,Piemonte,45.750241,8.517599
Parzanica,BG,Bergamo,Lombardia,45.738026,10.034515
Pasian di Prato,UD,Udine,Friuli-Venezia Giulia,46.048513,13.187597
Pasiano di Pordenone,PN,Pordenone,Friuli-Venezia Giulia,45.849754,12.626509
Paspardo,BS,Brescia,Lombardia,46.030996,10.370963
Passerano Marmorito,AT,Asti,Piemonte,45.05585,8.018729
Passignano sul Trasimeno,PG,Perugia,Umbria,43.184742,12.136838
Passirano,BS,Brescia,Lombardia,45.599487,10.064918
Pastena,FR,Frosinone,Lazio,41.468244,13.491737
Pastorano,CE,Caserta,Campania,41.180816,14.198225
Pastrengo,VR,Verona,Veneto,45.492457,10.799713
Pasturana,AL,Alessandria,Piemonte,44.75085,8.749251
Pasturo,LC,Lecco,Lombardia,45.951783,9.442169
Paternò,CT,Catania,Sicilia,37.56707,14.905352
Paterno,PZ,Potenza,Basilicata,40.378311,15.732769
Paterno Calabro,CS,Cosenza,Calabria,39.228492,16.264894
Paternopoli,AV,Avellino,Campania,40.97332,15.032045
Patrica,FR,Frosinone,Lazio,41.592217,13.243998
Pattada,SS,Sassari,Sardegna,40.581763,9.112926
Patti,ME,Messina,Sicilia,38.138901,14.964816
Patù,LE,Lecce,Puglia,39.841218,18.338933
Pau,OR,Oristano,Sardegna,39.791546,8.802331
Paularo,UD,Udine,Friuli-Venezia Giulia,46.530346,13.11656
Pauli Arbarei,SU,Sud Sardegna,Sardegna,39.660744,8.922035
Paulilatino,OR,Oristano,Sardegna,40.084032,8.763937
Paullo,MI,Milano,Lombardia,45.416787,9.398241
Paupisi,BN,Benevento,Campania,41.19532,14.665235
Pavarolo,TO,Torino,Piemonte,45.072466,7.834671
Pavia,PV,Pavia,Lombardia,45.036855,9.137825
Pavia di Udine,UD,Udine,Friuli-Venezia Giulia,45.996317,13.304137
Pavone Canavese,TO,Torino,Piemonte,45.437559,7.851715
Pavone del Mella,BS,Brescia,Lombardia,45.301256,10.208401
Pavullo nel Frignano,MO,Modena,Emilia-Romagna,44.339694,10.834113
Pazzano,RC,Reggio Calabria,Calabria,38.475763,16.452501
Peccioli,PI,Pisa,Toscana,43.548027,10.720848
Pecetto di Valenza,AL,Alessandria,Piemonte,44.989755,8.670945
Pecetto Torinese,TO,Torino,Piemonte,45.016883,7.749949
Pedara,CT,Catania,Sicilia,37.616809,15.060211
Pedaso,FM,Fermo,Marche,43.099164,13.840777
Pedavena,BL,Belluno,Veneto,46.039624,11.880433
Pedemonte,VI,Vicenza,Veneto,45.503234,10.91872
Pederobba,TV,Treviso,Veneto,45.86952,11.969551
Pedesina,SO,Sondrio,Lombardia,46.082574,9.550664
Pedivigliano,CS,Cosenza,Calabria,39.10949,16.302896
Pedrengo,BG,Bergamo,Lombardia,45.695982,9.734955
Peglio,CO,Como,Lombardia,46.160389,9.294736
Peglio,PU,Pesaro e Urbino,Marche,43.696458,12.497851
Pegognaga,MN,Mantova,Lombardia,44.995988,10.858772
Peia,BG,Bergamo,Lombardia,45.799761,9.900355
Peio,TN,Trento,Trentino-Alto Adige/Südtirol,46.362886,10.673244
Pelago,FI,Firenze,Toscana,43.771824,11.50463
Pella,NO,Novara,Piemonte,45.801625,8.384779
Pellegrino Parmense,PR,Parma,Emilia-Romagna,44.733168,9.927556
Pellezzano,SA,Salerno,Campania,40.725211,14.757443
Pellizzano,TN,Trento,Trentino-Alto Adige/Südtirol,46.309824,10.760451
Pelugo,TN,Trento,Trentino-Alto Adige/Südtirol,46.0885,10.72387
Penango,AT,Asti,Piemonte,45.033201,8.250253
Penna in Teverina,TR,Terni,Umbria,42.492952,12.355648
Penna San Giovanni,MC,Macerata,Marche,43.056915,13.425452
Penna Sant'Andrea,TE,Teramo,Abruzzo,42.593443,13.772196
Pennabilli,RN,Rimini,Emilia-Romagna,43.817054,12.265276
Pennadomo,CH,Chieti,Abruzzo,42.004834,14.324316
Pennapiedimonte,CH,Chieti,Abruzzo,42.153076,14.194577
Penne,PE,Pescara,Abruzzo,42.458215,13.927326
Pentone,CZ,Catanzaro,Calabria,38.98579,16.582504
Perano,CH,Chieti,Abruzzo,42.103137,14.394017
Perarolo di Cadore,BL,Belluno,Veneto,46.397031,12.35555
Perca,BZ,Bolzano/Bozen,Trentino-Alto Adige/Südtirol,46.794307,11.982383
Percile,RM,Roma,Lazio,42.094568,12.908485
Perdasdefogu,NU,Nuoro,Sardegna,39.679218,9.440049
Perdaxius,SU,Sud Sardegna,Sardegna,39.161033,8.611436
Perdifumo,SA,Salerno,Campania,40.265986,15.015499
Pereto,AQ,L'Aquila,Abruzzo,42.057815,13.101625
Perfugas,SS,Sassari,Sardegna,40.833366,8.882818
Pergine Valsugana,TN,Trento,Trentino-Alto Adige/Südtirol,46.060529,11.240675
Pergola,PU,Pesaro e Urbino,Marche,43.56321,12.836317
Perinaldo,IM,Imperia,Liguria,43.86744,7.666548
Perito,SA,Salerno,Campania,40.297705,15.147657
Perledo,LC,Lecco,Lombardia,46.012835,9.29632
Perletto,CN,Cuneo,Piemonte,44.599341,8.213042
Perlo,CN,Cuneo,Piemonte,44.32202,8.094944
Perloz,AO,Valle d'Aosta/Vallée d'Aoste,Valle d'Aosta/Vallée d'Aoste,45.613845,7.808409
Pernumia,PD,Padova,Veneto,45.258989,11.787209
Pero,MI,Milano,Lombardia,45.510236,9.089457
Perosa Argentina,TO,Torino,Piemonte,44.95744,7.190914
Perosa Canavese,TO,Torino,Piemonte,45.397057,7.830819
Perrero,TO,Torino,Piemonte,44.918212,7.129109
Persico Dosimo,CR,Cremona,Lombardia,45.181365,10.076639
Pertengo,VC,Vercelli,Piemonte,45.236394,8.417401
Pertica Alta,BS,Brescia,Lombardia,45.744402,10.343936
Pertica Bassa,BS,Brescia,Lombardia,45.754489,10.37467
Pertosa,SA,Salerno,Campania,40.54288,15.448966
Pertusio,TO,Torino,Piemonte,45.356788,7.638501
Perugia,PG,Perugia,Umbria,43.107032,12.402996
Pesaro,PU,Pesaro e Urbino,Marche,43.909811,12.913123
Pescaglia,LU,Lucca,Toscana,43.966246,10.4111
Pescantina,VR,Verona,Veneto,45.483372,10.869101
Pescara,PE,Pescara,Abruzzo,42.310262,13.95759
Pescarolo ed Uniti,CR,Cremona,Lombardia,45.195148,10.187717
Pescasseroli,AQ,L'Aquila,Abruzzo,41.808401,13.789282
Pescate,LC,Lecco,Lombardia,45.833482,9.393945
Pesche,IS,Isernia,Molise,41.611068,14.281951
Peschici,FG,Foggia,Puglia,41.94743,16.013883
Peschiera Borromeo,MI,Milano,Lombardia,45.431795,9.31182
Peschiera del Garda,VR,Verona,Veneto,45.438945,10.692017
Pescia,PT,Pistoia,Toscana,43.90171,10.689781
Pescina,AQ,L'Aquila,Abruzzo,42.02543,13.657901
Pesco Sannita,BN,Benevento,Campania,41.233594,14.811333
Pescocostanzo,AQ,L'Aquila,Abruzzo,41.88633,14.065612
Pescolanciano,IS,Isernia,Molise,41.678427,14.337221
Pescopagano,PZ,Potenza,Basilicata,40.835618,15.398856
Pescopennataro,IS,Isernia,Molise,41.878971,14.29332
Pescorocchiano,RI,Rieti,Lazio,42.208895,13.181641
Pescosansonesco,PE,Pescara,Abruzzo,42.25446,13.884693
Pescosolido,FR,Frosinone,Lazio,41.748124,13.656605
Pessano con Bornago,MI,Milano,Lombardia,45.548535,9.388324
Pessina Cremonese,CR,Cremona,Lombardia,45.185474,10.248676
Pessinetto,TO,Torino,Piemonte,45.289093,7.404162
Petacciato,CB,Campobasso,Molise,42.011439,14.860928
Petilia Policastro,KR,Crotone,Calabria,39.10941,16.788654
Petina,SA,Salerno,Campania,40.532111,15.373459
Petralia Soprana,PA,Palermo,Sicilia,37.79634,14.108468
Petralia Sottana,PA,Palermo,Sicilia,37.808225,14.092513
Petrella Salto,RI,Rieti,Lazio,42.295431,13.068285
Petrella Tifernina,CB,Campobasso,Molise,41.691756,14.695449
Petriano,PU,Pesaro e Urbino,Marche,43.779162,12.733355
Petriolo,MC,Macerata,Marche,43.221693,13.465335
Petritoli,FM,Fermo,Marche,43.067741,13.659214
Petrizzi,CZ,Catanzaro,Calabria,38.701383,16.473005
Petronà,CZ,Catanzaro,Calabria,39.043692,16.755907
Petrosino,TP,Trapani,Sicilia,37.71624,12.494547
Petruro Irpino,AV,Avellino,Campania,41.031917,14.79754
Pettenasco,NO,Novara,Piemonte,45.816693,8.406617
Pettinengo,BI,Biella,Piemonte,45.613064,8.104221
Pettineo,ME,Messina,Sicilia,37.966364,14.29191
Pettoranello del Molise,IS,Isernia,Molise,41.573125,14.277521
Pettorano sul Gizio,AQ,L'Aquila,Abruzzo,41.974531,13.958709
Pettorazza Grimani,RO,Rovigo,Veneto,45.136088,11.986816
Peveragno,CN,Cuneo,Piemonte,44.330015,7.617468
Pezzana,VC,Vercelli,Piemonte,45.261959,8.482279
Pezzaze,BS,Brescia,Lombardia,45.774127,10.237377
Pezzolo Valle Uzzone,CN,Cuneo,Piemonte,44.53874,8.193943
Piacenza,PC,Piacenza,Emilia-Romagna,44.847635,9.666531
Piacenza d'Adige,PD,Padova,Veneto,45.127462,11.547701
Piadena Drizzona,CR,Cremona,Lombardia,45.135779,10.358068
Piaggine,SA,Salerno,Campania,40.344808,15.378661
Pian Camuno,BS,Brescia,Lombardia,45.843752,10.157887
Piana Crixia,SV,Savona,Liguria,44.486179,8.306101
Piana degli Albanesi,PA,Palermo,Sicilia,37.994836,13.282689
Piana di Monte Verna,CE,Caserta,Campania,41.167117,14.333728
Piancastagnaio,SI,Siena,Toscana,42.848967,11.692881
Piancogno,BS,Brescia,Lombardia,45.919692,10.225262
Piandimeleto,PU,Pesaro e Urbino,Marche,43.724158,12.411048
Piane Crati,CS,Cosenza,Calabria,39.234093,16.325495
Pianella,PE,Pescara,Abruzzo,42.396011,14.04627
Pianello del Lario,CO,Como,Lombardia,46.102769,9.276633
Pianello Val Tidone,PC,Piacenza,Emilia-Romagna,44.94666,9.405161
Pianengo,CR,Cremona,Lombardia,45.402174,9.694759
Pianezza,TO,Torino,Piemonte,45.105847,7.543418
Pianezze,VI,Vicenza,Veneto,45.739997,11.626747
Pianfei,CN,Cuneo,Piemonte,44.372031,7.711435
Pianico,BG,Bergamo,Lombardia,45.809887,10.04306
Pianiga,VE,Venezia,Veneto,45.456096,12.030173
Piano di Sorrento,NA,Napoli,Campania,40.632645,14.411091
Pianopoli,CZ,Catanzaro,Calabria,38.953917,16.388125
Pianoro,BO,Bologna,Emilia-Romagna,44.392964,11.342314
Piansano,VT,Viterbo,Lazio,42.517932,11.828273
Piantedo,SO,Sondrio,Lombardia,46.13419,9.42934
Piario,BG,Bergamo,Lombardia,45.896488,9.927255
Piasco,CN,Cuneo,Piemonte,44.568001,7.457775
Piateda,SO,Sondrio,Lombardia,46.159595,9.934951
Piatto,BI,Biella,Piemonte,45.589864,8.135322
Piazza al Serchio,LU,Lucca,Toscana,44.183484,10.300924
Piazza Armerina,EN,Enna,Sicilia,37.385946,14.367174
Piazza Brembana,BG,Bergamo,Lombardia,45.947786,9.675623
Piazzatorre,BG,Bergamo,Lombardia,45.989717,9.683798
Piazzola sul Brenta,PD,Padova,Veneto,45.541496,11.784404
Piazzolo,BG,Bergamo,Lombardia,45.979783,9.67197
Picciano,PE,Pescara,Abruzzo,42.475642,13.989302
Picerno,PZ,Potenza,Basilicata,40.638456,15.635874
Picinisco,FR,Frosinone,Lazio,41.646263,13.867783
Pico,FR,Frosinone,Lazio,41.450817,13.559607
Piea,AT,Asti,Piemonte,45.025113,8.071827
Piedicavallo,BI,Biella,Piemonte,45.689803,7.95479
Piedimonte Etneo,CT,Catania,Sicilia,37.806707,15.178193
Piedimonte Matese,CE,Caserta,Campania,41.350819,14.368032
Piedimonte San Germano,FR,Frosinone,Lazio,41.498319,13.752311
Piedimulera,VB,Verbano-Cusio-Ossola,Piemonte,46.024238,8.259263
Piegaro,PG,Perugia,Umbria,42.969772,12.086347
Pienza,SI,Siena,Toscana,43.076546,11.678908
Pieranica,CR,Cremona,Lombardia,45.425794,9.610376
Pietra de' Giorgi,PV,Pavia,Lombardia,45.020704,9.230576
Pietra Ligure,SV,Savona,Liguria,44.152931,8.286552
Pietra Marazzi,AL,Alessandria,Piemonte,44.943799,8.67014
Pietrabbondante,IS,Isernia,Molise,41.747129,14.384421
Pietrabruna,IM,Imperia,Liguria,43.889722,7.902948
Pietracamela,TE,Teramo,Abruzzo,42.52354,13.555392
Pietracatella,CB,Campobasso,Molise,41.58116,14.873732
Pietracupa,CB,Campobasso,Molise,41.682529,14.519325
Pietradefusi,AV,Avellino,Campania,41.044191,14.883407
Pietraferrazzana,CH,Chieti,Abruzzo,41.968745,14.375353
Pietrafitta,CS,Cosenza,Calabria,39.261393,16.338595
Pietragalla,PZ,Potenza,Basilicata,40.747522,15.880648
Pietralunga,PG,Perugia,Umbria,43.442205,12.437194
Pietramelara,CE,Caserta,Campania,41.271728,14.188005
Pietramontecorvino,FG,Foggia,Puglia,41.541631,15.127541
Pietranico,PE,Pescara,Abruzzo,42.276237,13.910403
Pietrapaola,CS,Cosenza,Calabria,39.487501,16.815803
Pietrapertosa,PZ,Potenza,Basilicata,40.518017,16.063207
Pietraperzia,EN,Enna,Sicilia,37.421564,14.137026
Pietraporzio,CN,Cuneo,Piemonte,44.343768,7.033462
Pietraroja,BN,Benevento,Campania,41.347822,14.54963
Pietrarubbia,PU,Pesaro e Urbino,Marche,43.797747,12.382665
Pietrasanta,LU,Lucca,Toscana,43.958903,10.233203
Pietrastornina,AV,Avellino,Campania,40.991741,14.729245
Pietravairano,CE,Caserta,Campania,41.325219,14.165922
Pietrelcina,BN,Benevento,Campania,41.199421,14.844139
Pieve a Nievole,PT,Pistoia,Toscana,43.879112,10.796112
Pieve Albignola,PV,Pavia,Lombardia,45.113111,8.9588
Pieve d'Olmi,CR,Cremona,Lombardia,45.08957,10.123675
Pieve del Cairo,PV,Pavia,Lombardia,45.049957,8.804146
Pieve del Grappa,TV,Treviso,Veneto,45.827223,11.838844
Pieve di Bono-Prezzo,TN,Trento,Trentino-Alto Adige/Südtirol,45.9452,10.673201
Pieve di Cadore,BL,Belluno,Veneto,46.428709,12.375297
Pieve di Cento,BO,Bologna,Emilia-Romagna,44.713209,11.306598
Pieve di Soligo,TV,Treviso,Veneto,45.899761,12.173081
Pieve di Teco,IM,Imperia,Liguria,44.047026,7.914946
Pieve Emanuele,MI,Milano,Lombardia,45.355913,9.202072
Pieve Fissiraga,LO,Lodi,Lombardia,45.263268,9.458357
Pieve Fosciana,LU,Lucca,Toscana,44.13227,10.410797
Pieve Ligure,GE,Genova,Liguria,44.376248,9.086161
Pieve Porto Morone,PV,Pavia,Lombardia,45.109364,9.435759
Pieve San Giacomo,CR,Cremona,Lombardia,45.130272,10.186275
Pieve Santo Stefano,AR,Arezzo,Toscana,43.669357,12.041589
Pieve Tesino,TN,Trento,Trentino-Alto Adige/Südtirol,46.069309,11.608091
Pieve Torina,MC,Macerata,Marche,43.043287,13.048911
Pieve Vergonte,VB,Verbano-Cusio-Ossola,Piemonte,46.012976,8.260816
Pievepelago,MO,Modena,Emilia-Romagna,44.204754,10.616601
Piglio,FR,Frosinone,Lazio,41.83085,13.146399
Pigna,IM,Imperia,Liguria,43.932268,7.662644
Pignataro Interamna,FR,Frosinone,Lazio,41.439218,13.786212
Pignataro Maggiore,CE,Caserta,Campania,41.190816,14.172324
Pignola,PZ,Potenza,Basilicata,40.573637,15.783504
Pignone,SP,La Spezia,Liguria,44.178185,9.723508
Pigra,CO,Como,Lombardia,45.957563,9.127695
Pila,VC,Vercelli,Piemonte,45.769944,8.08108
Pimentel,SU,Sud Sardegna,Sardegna,39.485542,9.06554
Pimonte,NA,Napoli,Campania,40.673608,14.509838
Pinarolo Po,PV,Pavia,Lombardia,45.069861,9.167254
Pinasca,TO,Torino,Piemonte,44.94264,7.229115
Pincara,RO,Rovigo,Veneto,44.991381,11.608809
Pinerolo,TO,Torino,Piemonte,44.887309,7.331945
Pineto,TE,Teramo,Abruzzo,42.607771,14.067103
Pino d'Asti,AT,Asti,Piemonte,45.05745,7.986229
Pino Torinese,TO,Torino,Piemonte,45.039547,7.777125
Pinzano al Tagliamento,PN,Pordenone,Friuli-Venezia Giulia,46.183104,12.945448
Pinzolo,TN,Trento,Trentino-Alto Adige/Südtirol,46.161732,10.765004
Piobbico,PU,Pesaro e Urbino,Marche,43.589272,12.50943
Piobesi d'Alba,CN,Cuneo,Piemonte,44.735019,7.979668
Piobesi Torinese,TO,Torino,Piemonte,44.932943,7.610123
Piode,VC,Vercelli,Piemonte,45.770751,8.051076
Pioltello,MI,Milano,Lombardia,45.501022,9.326335
Piombino,LI,Livorno,Toscana,42.923166,10.526819
Piombino Dese,PD,Padova,Veneto,45.60752,11.999415
Pioraco,MC,Macerata,Marche,43.17905,12.98567
Piossasco,TO,Torino,Piemonte,44.990555,7.463704
Piovà Massaia,AT,Asti,Piemonte,45.054532,8.049276
Piove di Sacco,PD,Padova,Veneto,45.297692,12.036814
Piovene Rocchette,VI,Vicenza,Veneto,45.758826,11.430127
Piozzano,PC,Piacenza,Emilia-Romagna,44.926261,9.496064
Piozzo,CN,Cuneo,Piemonte,44.515655,7.892257
Piraino,ME,Messina,Sicilia,38.161243,14.861943
Pisa,PI,Pisa,Toscana,43.71594,10.401862
Pisano,NO,Novara,Piemonte,45.792298,8.508975
Piscina,TO,Torino,Piemonte,44.919442,7.426212
Piscinas,SU,Sud Sardegna,Sardegna,39.074431,8.665938
Pisciotta,SA,Salerno,Campania,40.108902,15.234561
Pisogne,BS,Brescia,Lombardia,45.805731,10.10819
Pisoniano,RM,Roma,Lazio,41.906052,12.958888
Pisticci,MT,Matera,Basilicata,40.390527,16.556732
Pistoia,PT,Pistoia,Toscana,43.974096,10.868708
Pitigliano,GR,Grosseto,Toscana,42.634827,11.673549
Piubega,MN,Mantova,Lombardia,45.227309,10.534508
Piuro,SO,Sondrio,Lombardia,46.330143,9.420908
Piverone,TO,Torino,Piemonte,45.446259,8.005722
Pizzale,PV,Pavia,Lombardia,45.036505,9.048212
Pizzighettone,CR,Cremona,Lombardia,45.18907,9.789865
Pizzo,VV,Vibo Valentia,Calabria,38.735436,16.162085
Pizzoferrato,CH,Chieti,Abruzzo,41.921432,14.235716
Pizzoli,AQ,L'Aquila,Abruzzo,42.436075,13.301272
Pizzone,IS,Isernia,Molise,41.666936,14.035567
Pizzoni,VV,Vibo Valentia,Calabria,38.623081,16.251901
Placanica,RC,Reggio Calabria,Calabria,38.411878,16.452507
Plataci,CS,Cosenza,Calabria,39.900406,16.43199
Platania,CZ,Catanzaro,Calabria,39.005388,16.320098
Platì,RC,Reggio Calabria,Calabria,38.219972,16.046501
Plaus,BZ,Bolzano/Bozen,Trentino-Alto Adige/Südtirol,46.656575,11.041498
Plesio,CO,Como,Lombardia,46.046392,9.230285
Ploaghe,SS,Sassari,Sardegna,40.664262,8.741817
Plodio,SV,Savona,Liguria,44.351194,8.256452
Pocapaglia,CN,Cuneo,Piemonte,44.715241,7.882933
Pocenia,UD,Udine,Friuli-Venezia Giulia,45.835515,13.100829
Podenzana,MS,Massa-Carrara,Toscana,44.206248,9.941986
Podenzano,PC,Piacenza,Emilia-Romagna,44.956363,9.684967
Pofi,FR,Frosinone,Lazio,41.565274,13.415532
Poggiardo,LE,Lecce,Puglia,40.054223,18.379132
Poggibonsi,SI,Siena,Toscana,43.465028,11.148337
Poggio a Caiano,PO,Prato,Toscana,43.816089,11.05465
Poggio Bustone,RI,Rieti,Lazio,42.501834,12.888178
Poggio Catino,RI,Rieti,Lazio,42.294999,12.691922
Poggio Imperiale,FG,Foggia,Puglia,41.823324,15.365418
Poggio Mirteto,RI,Rieti,Lazio,42.264368,12.684788
Poggio Moiano,RI,Rieti,Lazio,42.202627,12.879382
Poggio Nativo,RI,Rieti,Lazio,42.215427,12.79658
Poggio Picenze,AQ,L'Aquila,Abruzzo,42.320636,13.541087
Poggio Renatico,FE,Ferrara,Emilia-Romagna,44.765974,11.490111
Poggio Rusco,MN,Mantova,Lombardia,44.975558,11.114649
Poggio San Lorenzo,RI,Rieti,Lazio,42.252428,12.84418
Poggio San Marcello,AN,Ancona,Marche,43.511158,13.073667
Poggio San Vicino,MC,Macerata,Marche,43.375155,13.079069
Poggio Sannita,IS,Isernia,Molise,41.778834,14.4142
Poggio Torriana,RN,Rimini,Emilia-Romagna,43.999848,12.39266
Poggiodomo,PG,Perugia,Umbria,42.711239,12.933876
Poggiofiorito,CH,Chieti,Abruzzo,42.25494,14.322313
Poggiomarino,NA,Napoli,Campania,40.803111,14.539037
Poggioreale,TP,Trapani,Sicilia,37.762096,13.034318
Poggiorsini,BA,Bari,Puglia,40.917126,16.254774
Poggiridenti,SO,Sondrio,Lombardia,46.174795,9.92605
Pogliano Milanese,MI,Milano,Lombardia,45.537305,8.991417
Pognana Lario,CO,Como,Lombardia,45.881934,9.164584
Pognano,BG,Bergamo,Lombardia,45.586378,9.639955
Pogno,NO,Novara,Piemonte,45.759039,8.383426
Poirino,TO,Torino,Piemonte,44.920845,7.846928
Pojana Maggiore,VI,Vicenza,Veneto,45.291381,11.501347
Polaveno,BS,Brescia,Lombardia,45.661484,10.123964
Polcenigo,PN,Pordenone,Friuli-Venezia Giulia,46.0307,12.501626
Polesella,RO,Rovigo,Veneto,44.964082,11.750177
Polesine Zibello,PR,Parma,Emilia-Romagna,45.010809,10.098713
Poli,RM,Roma,Lazio,41.887327,12.893126
Polia,VV,Vibo Valentia,Calabria,38.751183,16.3122
Policoro,MT,Matera,Basilicata,40.21046,16.676376
Polignano a Mare,BA,Bari,Puglia,40.996118,17.219586
Polinago,MO,Modena,Emilia-Romagna,44.344758,10.723501
Polino,TR,Terni,Umbria,42.584824,12.842802
Polistena,RC,Reggio Calabria,Calabria,38.406509,16.077455
Polizzi Generosa,PA,Palermo,Sicilia,37.812819,13.999683
Polla,SA,Salerno,Campania,40.517112,15.497962
Pollein,AO,Valle d'Aosta/Vallée d'Aoste,Valle d'Aosta/Vallée d'Aoste,45.727967,7.352221
Pollena Trocchia,NA,Napoli,Campania,40.854635,14.379468
Pollenza,MC,Macerata,Marche,43.267775,13.347792
Pollica,SA,Salerno,Campania,40.190702,15.057156
Pollina,PA,Palermo,Sicilia,37.992894,14.145799
Pollone,BI,Biella,Piemonte,45.579763,8.005919
Pollutri,CH,Chieti,Abruzzo,42.137839,14.591721
Polonghera,CN,Cuneo,Piemonte,44.80234,7.595725
Polpenazze del Garda,BS,Brescia,Lombardia,45.551185,10.504875
Polverara,PD,Padova,Veneto,45.309392,11.956012
Polverigi,AN,Ancona,Marche,43.525561,13.392073
Pomarance,PI,Pisa,Toscana,43.299237,10.872401
Pomaretto,TO,Torino,Piemonte,44.955983,7.182779
Pomarico,MT,Matera,Basilicata,40.517944,16.545945
Pomaro Monferrato,AL,Alessandria,Piemonte,45.062915,8.594743
Pomarolo,TN,Trento,Trentino-Alto Adige/Südtirol,45.928099,11.04308
Pombia,NO,Novara,Piemonte,45.65083,8.632293
Pomezia,RM,Roma,Lazio,41.667529,12.504786
Pomigliano d'Arco,NA,Napoli,Campania,40.907912,14.386233
Pompei,NA,Napoli,Campania,40.749127,14.500642
Pompeiana,IM,Imperia,Liguria,43.853721,7.889848
Pompiano,BS,Brescia,Lombardia,45.431977,9.989265
Pomponesco,MN,Mantova,Lombardia,44.928756,10.591879
Pompu,OR,Oristano,Sardegna,39.724544,8.795432
Poncarale,BS,Brescia,Lombardia,45.460663,10.173909
Ponderano,BI,Biella,Piemonte,45.538462,8.055921
Ponna,CO,Como,Lombardia,45.995654,9.110843
Ponsacco,PI,Pisa,Toscana,43.620713,10.630829
Ponso,PD,Padova,Veneto,45.195057,11.588255
Pont Canavese,TO,Torino,Piemonte,45.420526,7.596855
Pont-Saint-Martin,AO,Valle d'Aosta/Vallée d'Aoste,Valle d'Aosta/Vallée d'Aoste,45.59944,7.799438
Pontassieve,FI,Firenze,Toscana,43.775426,11.439991
Pontboset,AO,Valle d'Aosta/Vallée d'Aoste,Valle d'Aosta/Vallée d'Aoste,45.607614,7.686379
Ponte,BN,Benevento,Campania,41.214732,14.696327
Ponte Buggianese,PT,Pistoia,Toscana,43.840935,10.747548
Ponte dell'Olio,PC,Piacenza,Emilia-Romagna,44.867361,9.642268
Ponte di Legno,BS,Brescia,Lombardia,46.258603,10.508662
Ponte di Piave,TV,Treviso,Veneto,45.716153,12.465227
Ponte Gardena,BZ,Bolzano/Bozen,Trentino-Alto Adige/Südtirol,46.598216,11.53251
Ponte in Valtellina,SO,Sondrio,Lombardia,46.174996,9.977851
Ponte Lambro,CO,Como,Lombardia,45.82658,9.225441
Ponte nelle Alpi,BL,Belluno,Veneto,46.16178,12.298805
Ponte Nizza,PV,Pavia,Lombardia,44.851548,9.097243
Ponte Nossa,BG,Bergamo,Lombardia,45.866062,9.882974
Ponte San Nicolò,PD,Padova,Veneto,45.365239,11.93727
Ponte San Pietro,BG,Bergamo,Lombardia,45.697819,9.587857
Pontebba,UD,Udine,Friuli-Venezia Giulia,46.506531,13.306426
Pontecagnano Faiano,SA,Salerno,Campania,40.640904,14.881882
Pontecchio Polesine,RO,Rovigo,Veneto,45.019111,11.811926
Pontechianale,CN,Cuneo,Piemonte,44.622646,7.02998
Pontecorvo,FR,Frosinone,Lazio,41.461618,13.666709
Pontecurone,AL,Alessandria,Piemonte,44.960475,8.933609
Pontedassio,IM,Imperia,Liguria,43.940324,8.01385
Pontedera,PI,Pisa,Toscana,43.663454,10.635485
Pontelandolfo,BN,Benevento,Campania,41.287114,14.692288
Pontelatone,CE,Caserta,Campania,41.193517,14.251726
Pontelongo,PD,Padova,Veneto,45.245489,12.025183
Pontenure,PC,Piacenza,Emilia-Romagna,44.999165,9.788569
Ponteranica,BG,Bergamo,Lombardia,45.732077,9.651987
Pontestura,AL,Alessandria,Piemonte,45.143284,8.333425
Pontevico,BS,Brescia,Lombardia,45.274374,10.092471
Pontey,AO,Valle d'Aosta/Vallée d'Aoste,Valle d'Aosta/Vallée d'Aoste,45.71744,7.583269
Ponti,AL,Alessandria,Piemonte,44.627476,8.36539
Ponti sul Mincio,MN,Mantova,Lombardia,45.412515,10.687221
Pontida,BG,Bergamo,Lombardia,45.732311,9.498642
Pontinia,LT,Latina,Lazio,41.408456,13.044337
Pontinvrea,SV,Savona,Liguria,44.444626,8.43446
Pontirolo Nuovo,BG,Bergamo,Lombardia,45.569175,9.569345
Pontoglio,BS,Brescia,Lombardia,45.56938,9.85346
Pontremoli,MS,Massa-Carrara,Toscana,44.375151,9.878882
Ponza,LT,Latina,Lazio,40.893237,12.963062
Ponzano di Fermo,FM,Fermo,Marche,43.101077,13.656781
Ponzano Monferrato,AL,Alessandria,Piemonte,45.084853,8.265534
Ponzano Romano,RM,Roma,Lazio,42.257797,12.571627
Ponzano Veneto,TV,Treviso,Veneto,45.723851,12.194218
Ponzone,AL,Alessandria,Piemonte,44.588185,8.458654
Popoli,PE,Pescara,Abruzzo,42.171311,13.832817
Poppi,AR,Arezzo,Toscana,43.72276,11.76607
Porano,TR,Terni,Umbria,42.68171,12.102062
Porcari,LU,Lucca,Toscana,43.840902,10.617621
Porcia,PN,Pordenone,Friuli-Venezia Giulia,45.946555,12.601781
Pordenone,PN,Pordenone,Friuli-Venezia Giulia,45.95625,12.65972
Porlezza,CO,Como,Lombardia,46.036072,9.118392
Pornassio,IM,Imperia,Liguria,44.069878,7.871289
Porpetto,UD,Udine,Friuli-Venezia Giulia,45.858174,13.217853
Portacomaro,AT,Asti,Piemonte,44.957405,8.258145
Portalbera,PV,Pavia,Lombardia,45.097563,9.318857
Porte,TO,Torino,Piemonte,44.887293,7.267971
Porte di Rendena,TN,Trento,Trentino-Alto Adige/Südtirol,46.073237,10.673098
Portici,NA,Napoli,Campania,40.818973,14.338745
Portico di Caserta,CE,Caserta,Campania,41.056514,14.279428
Portico e San Benedetto,FC,Forlì-Cesena,Emilia-Romagna,44.003714,11.720184
Portigliola,RC,Reggio Calabria,Calabria,38.227673,16.202204
Porto Azzurro,LI,Livorno,Toscana,42.766298,10.395753
Porto Ceresio,VA,Varese,Lombardia,45.903067,8.904946
Porto Cesareo,LE,Lecce,Puglia,40.262824,17.898418
Porto Empedocle,AG,Agrigento,Sicilia,37.288313,13.52755
Porto Mantovano,MN,Mantova,Lombardia,45.192526,10.755221
Porto Recanati,MC,Macerata,Marche,43.435082,13.663008
Porto San Giorgio,FM,Fermo,Marche,43.182656,13.793386
Porto Sant'Elpidio,FM,Fermo,Marche,43.258962,13.756983
Porto Tolle,RO,Rovigo,Veneto,44.917713,12.402186
Porto Torres,SS,Sassari,Sardegna,40.83444,8.403146
Porto Valtravaglia,VA,Varese,Lombardia,45.96137,8.681809
Porto Viro,RO,Rovigo,Veneto,45.025311,12.225237
Portobuffolè,TV,Treviso,Veneto,45.853838,12.538337
Portocannone,CB,Campobasso,Molise,41.915141,15.009268
Portoferraio,LI,Livorno,Toscana,42.811582,10.313053
Portofino,GE,Genova,Liguria,44.303665,9.209345
Portogruaro,VE,Venezia,Veneto,45.775598,12.837457
Portomaggiore,FE,Ferrara,Emilia-Romagna,44.699258,11.804078
Portopalo di Capo Passero,SR,Siracusa,Sicilia,36.683845,15.13329
Portoscuso,SU,Sud Sardegna,Sardegna,39.207031,8.380931
Portovenere,SP,La Spezia,Liguria,44.05066,9.834458
Portula,BI,Biella,Piemonte,45.675283,8.179365
Posada,NU,Nuoro,Sardegna,40.631969,9.716437
Posina,VI,Vicenza,Veneto,45.791088,11.262517
Positano,SA,Salerno,Campania,40.628658,14.485495
Possagno,TV,Treviso,Veneto,45.854879,11.88157
Posta,RI,Rieti,Lazio,42.523551,13.096014
Posta Fibreno,FR,Frosinone,Lazio,41.690323,13.697407
Postal,BZ,Bolzano/Bozen,Trentino-Alto Adige/Südtirol,46.607583,11.193324
Postalesio,SO,Sondrio,Lombardia,46.174094,9.775447
Postiglione,SA,Salerno,Campania,40.559011,15.232356
Postua,VC,Vercelli,Piemonte,45.713604,8.23059
Potenza,PZ,Potenza,Basilicata,40.518319,15.82096
Potenza Picena,MC,Macerata,Marche,43.366409,13.620695
Pove del Grappa,VI,Vicenza,Veneto,45.799117,11.729102
Povegliano,TV,Treviso,Veneto,45.759192,12.2085
Povegliano Veronese,VR,Verona,Veneto,45.348398,10.882438
Poviglio,RE,Reggio nell'Emilia,Emilia-Romagna,44.84167,10.541615
Povoletto,UD,Udine,Friuli-Venezia Giulia,46.118179,13.298797
Pozzaglia Sabina,RI,Rieti,Lazio,42.158771,12.964833
Pozzaglio ed Uniti,CR,Cremona,Lombardia,45.211016,10.0462
Pozzallo,RG,Ragusa,Sicilia,36.72633,14.846343
Pozzilli,IS,Isernia,Molise,41.511422,14.062517
Pozzo d'Adda,MI,Milano,Lombardia,45.575666,9.500377
Pozzol Groppo,AL,Alessandria,Piemonte,44.878055,9.029854
Pozzolengo,BS,Brescia,Lombardia,45.40597,10.631373
Pozzoleone,VI,Vicenza,Veneto,45.648956,11.67909
Pozzolo Formigaro,AL,Alessandria,Piemonte,44.795154,8.784849
Pozzomaggiore,SS,Sassari,Sardegna,40.398756,8.660219
Pozzonovo,PD,Padova,Veneto,45.196597,11.79265
Pozzuoli,NA,Napoli,Campania,40.822643,14.121911
Pozzuolo del Friuli,UD,Udine,Friuli-Venezia Giulia,45.986019,13.195029
Pozzuolo Martesana,MI,Milano,Lombardia,45.513975,9.456252
Pradalunga,BG,Bergamo,Lombardia,45.746733,9.783129
Pradamano,UD,Udine,Friuli-Venezia Giulia,46.033822,13.30263
Pradleves,CN,Cuneo,Piemonte,44.418346,7.280699
Pragelato,TO,Torino,Piemonte,44.981486,6.93916
Praia a Mare,CS,Cosenza,Calabria,39.900902,15.779276
Praiano,SA,Salerno,Campania,40.611107,14.53134
Pralboino,BS,Brescia,Lombardia,45.267999,10.217413
Prali,TO,Torino,Piemonte,44.881073,7.052439
Pralormo,TO,Torino,Piemonte,44.859744,7.901431
Pralungo,BI,Biella,Piemonte,45.592148,8.037924
Pramaggiore,VE,Venezia,Veneto,45.814565,12.738813
Pramollo,TO,Torino,Piemonte,44.905039,7.206508
Prarolo,VC,Vercelli,Piemonte,45.282293,8.478118
Prarostino,TO,Torino,Piemonte,44.865792,7.268223
Prasco,AL,Alessandria,Piemonte,44.639245,8.551948
Prascorsano,TO,Torino,Piemonte,45.367754,7.616915
Prata Camportaccio,SO,Sondrio,Lombardia,46.307194,9.395236
Prata d'Ansidonia,AQ,L'Aquila,Abruzzo,42.277818,13.608972
Prata di Pordenone,PN,Pordenone,Friuli-Venezia Giulia,45.893311,12.596294
Prata di Principato Ultra,AV,Avellino,Campania,40.985973,14.837514
Prata Sannita,CE,Caserta,Campania,41.432821,14.202722
Pratella,CE,Caserta,Campania,41.405825,14.178097
Pratiglione,TO,Torino,Piemonte,45.352753,7.596015
Prato,PO,Prato,Toscana,43.935718,11.094147
Prato allo Stelvio,BZ,Bolzano/Bozen,Trentino-Alto Adige/Südtirol,46.603767,10.581909
Prato Carnico,UD,Udine,Friuli-Venezia Giulia,46.520705,12.809361
Prato Sesia,NO,Novara,Piemonte,45.646849,8.372939
Pratola Peligna,AQ,L'Aquila,Abruzzo,42.098314,13.87398
Pratola Serra,AV,Avellino,Campania,40.987017,14.852642
Pratovecchio Stia,AR,Arezzo,Toscana,43.822039,11.699291
Pravisdomini,PN,Pordenone,Friuli-Venezia Giulia,45.818909,12.694425
Pray,BI,Biella,Piemonte,45.676196,8.208714
Prazzo,CN,Cuneo,Piemonte,44.482898,7.055396
Pré-Saint-Didier,AO,Valle d'Aosta/Vallée d'Aoste,Valle d'Aosta/Vallée d'Aoste,45.763942,6.985347
Precenicco,UD,Udine,Friuli-Venezia Giulia,45.788913,13.077429
Preci,PG,Perugia,Umbria,42.878489,13.039082
Predaia,TN,Trento,Trentino-Alto Adige/Südtirol,46.335273,11.0897
Predappio,FC,Forlì-Cesena,Emilia-Romagna,44.102215,11.98162
Predazzo,TN,Trento,Trentino-Alto Adige/Südtirol,46.312361,11.602694
Predoi,BZ,Bolzano/Bozen,Trentino-Alto Adige/Südtirol,47.040741,12.105891
Predore,BG,Bergamo,Lombardia,45.680784,10.014361
Predosa,AL,Alessandria,Piemonte,44.752637,8.658324
Preganziol,TV,Treviso,Veneto,45.60253,12.235314
Pregnana Milanese,MI,Milano,Lombardia,45.515849,9.008012
Prelà,IM,Imperia,Liguria,43.926158,7.936869
Premana,LC,Lecco,Lombardia,46.05173,9.423463
Premariacco,UD,Udine,Friuli-Venezia Giulia,46.060687,13.394778
Premeno,VB,Verbano-Cusio-Ossola,Piemonte,45.978099,8.5961
Premia,VB,Verbano-Cusio-Ossola,Piemonte,46.268144,8339
Premilcuore,FC,Forlì-Cesena,Emilia-Romagna,43.975908,11.777527
Premolo,BG,Bergamo,Lombardia,45.870187,9.874655
Premosello-Chiovenda,VB,Verbano-Cusio-Ossola,Piemonte,46.003956,8.32759
Preone,UD,Udine,Friuli-Venezia Giulia,46.393684,12.866201
Prepotto,UD,Udine,Friuli-Venezia Giulia,46.045723,13.479434
Preseglie,BS,Brescia,Lombardia,45.668287,10.39677
Presenzano,CE,Caserta,Campania,41.376619,14.07642
Presezzo,BG,Bergamo,Lombardia,45.69208,9.570351
Presicce-Acquarica,LE,Lecce,Puglia,39.903241,18.254798
Pressana,VR,Verona,Veneto,45.284749,11.40209
Pretoro,CH,Chieti,Abruzzo,42.217225,14.141552
Prevalle,BS,Brescia,Lombardia,45.551482,10.421857
Prezza,AQ,L'Aquila,Abruzzo,42.058131,13.834474
Priero,CN,Cuneo,Piemonte,44.376035,8.093343
Prignano Cilento,SA,Salerno,Campania,40.330905,15.068655
Prignano sulla Secchia,MO,Modena,Emilia-Romagna,44.43836,10.691899
Primaluna,LC,Lecco,Lombardia,45.986971,9.429608
Primiero San Martino di Castrozza,TN,Trento,Trentino-Alto Adige/Südtirol,46.243723,11.836028
Priocca,CN,Cuneo,Piemonte,44.787185,8.061645
Priola,CN,Cuneo,Piemonte,44.245575,8.022422
Priolo Gargallo,SR,Siracusa,Sicilia,37.15793,15.186028
Priverno,LT,Latina,Lazio,41.472616,13.179839
Prizzi,PA,Palermo,Sicilia,37.721453,13.431265
Proceno,VT,Viterbo,Lazio,42.75716,11.830261
Procida,NA,Napoli,Campania,40.764999,14.023906
Propata,GE,Genova,Liguria,44.56557,9.18594
Proserpio,CO,Como,Lombardia,45.82828,9.245542
Prossedi,LT,Latina,Lazio,41.516216,13.2607
Provaglio d'Iseo,BS,Brescia,Lombardia,45.635971,10.044167
Provaglio Val Sabbia,BS,Brescia,Lombardia,45.684864,10.436601
Proves,BZ,Bolzano/Bozen,Trentino-Alto Adige/Südtirol,46.477426,11.022437
Provvidenti,CB,Campobasso,Molise,41.71878,14.822378
Prunetto,CN,Cuneo,Piemonte,44.488441,8.14375
Puegnago del Garda,BS,Brescia,Lombardia,45.565692,10.51147
Puglianello,BN,Benevento,Campania,41.223419,14.45043
Pula,CA,Cagliari,Sardegna,39.007433,9.001646
Pulfero,UD,Udine,Friuli-Venezia Giulia,46.179275,13.477993
Pulsano,TA,Taranto,Puglia,40.384693,17.35567
Pumenengo,BG,Bergamo,Lombardia,45.479947,9.870128
Pusiano,CO,Como,Lombardia,45.81388,9.281843
Putifigari,SS,Sassari,Sardegna,40.562257,8.461113
Putignano,BA,Bari,Puglia,40.85183,17.121294
Quadrelle,AV,Avellino,Campania,40.946996,14.63826
Quadri,CH,Chieti,Abruzzo,41.924932,14.288217
Quagliuzzo,TO,Torino,Piemonte,45.426757,7.781617
Qualiano,NA,Napoli,Campania,40.918836,14.153611
Quaranti,AT,Asti,Piemonte,44.750947,8.449144
Quaregna Cerreto,BI,Biella,Piemonte,45.575018,8.1614
Quargnento,AL,Alessandria,Piemonte,44.944966,8.487386
Quarna Sopra,VB,Verbano-Cusio-Ossola,Piemonte,45.871379,8.374771
Quarna Sotto,VB,Verbano-Cusio-Ossola,Piemonte,45.868538,8.364781
Quarona,VC,Vercelli,Piemonte,45.757869,8.265721
Quarrata,PT,Pistoia,Toscana,43.8475,10.977701
Quart,AO,Valle d'Aosta/Vallée d'Aoste,Valle d'Aosta/Vallée d'Aoste,45.740958,7.414362
Quarto,NA,Napoli,Campania,40.877194,14.140159
Quarto d'Altino,VE,Venezia,Veneto,45.580451,12.3705
Quartu Sant'Elena,CA,Cagliari,Sardegna,39.239973,9.188097
Quartucciu,CA,Cagliari,Sardegna,39.254139,9.178846
Quassolo,TO,Torino,Piemonte,45.52286,7.832317
Quattordio,AL,Alessandria,Piemonte,44.89635,8.404941
Quattro Castella,RE,Reggio nell'Emilia,Emilia-Romagna,44.635605,10.472425
Quero Vas,BL,Belluno,Veneto,45.954615,11.913206
Quiliano,SV,Savona,Liguria,44.292536,8.412652
Quincinetto,TO,Torino,Piemonte,45.56296,7.807315
Quindici,AV,Avellino,Campania,40.863313,14.647539
Quingentole,MN,Mantova,Lombardia,45.039077,11.045796
Quintano,CR,Cremona,Lombardia,45.420474,9.618557
Quinto di Treviso,TV,Treviso,Veneto,45.64201,12.149845
Quinto Vercellese,VC,Vercelli,Piemonte,45.379661,8.361731
Quinto Vicentino,VI,Vicenza,Veneto,45.573798,11.627719
Quinzano d'Oglio,BS,Brescia,Lombardia,45.310875,10.008568
Quistello,MN,Mantova,Lombardia,45.006579,10.98046
Rabbi,TN,Trento,Trentino-Alto Adige/Südtirol,46.400901,10.824948
Racale,LE,Lecce,Puglia,39.963119,18.093826
Racalmuto,AG,Agrigento,Sicilia,37.40894,13.732402
Racconigi,CN,Cuneo,Piemonte,44.769819,7.678887
Raccuja,ME,Messina,Sicilia,38.055261,14.909578
Racines,BZ,Bolzano/Bozen,Trentino-Alto Adige/Südtirol,46.880128,11.376056
Radda in Chianti,SI,Siena,Toscana,43.487052,11.3747
Raddusa,CT,Catania,Sicilia,37.472556,14.53252
Radicofani,SI,Siena,Toscana,42.896507,11.769706
Radicondoli,SI,Siena,Toscana,43.26125,11.042082
Raffadali,AG,Agrigento,Sicilia,37.404053,13.532076
Ragalna,CT,Catania,Sicilia,37.636958,14.947876
Ragogna,UD,Udine,Friuli-Venezia Giulia,46.173522,12.98242
Ragusa,RG,Ragusa,Sicilia,36.921983,14.721345
Raiano,AQ,L'Aquila,Abruzzo,42.102554,13.814304
Ramacca,CT,Catania,Sicilia,37.388048,14.692681
Rancio Valcuvia,VA,Varese,Lombardia,45.916006,8.771028
Ranco,VA,Varese,Lombardia,45.797591,8.571135
Randazzo,CT,Catania,Sicilia,37.877934,14.946248
Ranica,BG,Bergamo,Lombardia,45.726338,9.714663
Ranzanico,BG,Bergamo,Lombardia,45.789229,9.935725
Ranzo,IM,Imperia,Liguria,44.059627,8.014947
Rapagnano,FM,Fermo,Marche,43.161253,13.592905
Rapallo,GE,Genova,Liguria,44.351147,9.229671
Rapino,CH,Chieti,Abruzzo,42.210738,14.18391
Rapolano Terme,SI,Siena,Toscana,43.287251,11.602927
Rapolla,PZ,Potenza,Basilicata,40.975723,15.67126
Rapone,PZ,Potenza,Basilicata,40.846719,15.501158
Rassa,VC,Vercelli,Piemonte,45.768473,8.013068
Rasun-Anterselva,BZ,Bolzano/Bozen,Trentino-Alto Adige/Südtirol,46.839015,12.111611
Rasura,SO,Sondrio,Lombardia,46.10059,9.552743
Ravanusa,AG,Agrigento,Sicilia,37.267914,13.973255
Ravarino,MO,Modena,Emilia-Romagna,44.72117,11.098403
Ravascletto,UD,Udine,Friuli-Venezia Giulia,46.522936,12.922115
Ravello,SA,Salerno,Campania,40.649664,14.612275
Ravenna,RA,Ravenna,Emilia-Romagna,44.364061,12.059009
Raveo,UD,Udine,Friuli-Venezia Giulia,46.434428,12.871113
Raviscanina,CE,Caserta,Campania,41.379398,14.233533
Re,VB,Verbano-Cusio-Ossola,Piemonte,46.129855,8.54415
Rea,PV,Pavia,Lombardia,45.113365,9.154658
Realmonte,AG,Agrigento,Sicilia,37.308393,13.461567
Reana del Rojale,UD,Udine,Friuli-Venezia Giulia,46.145736,13.23512
Reano,TO,Torino,Piemonte,45.052056,7.430403
Recale,CE,Caserta,Campania,41.055114,14.304029
Recanati,MC,Macerata,Marche,43.403508,13.548602
Recco,GE,Genova,Liguria,44.36524,9.1463
Recetto,NO,Novara,Piemonte,45.460364,8.435731
Recoaro Terme,VI,Vicenza,Veneto,45.705171,11.224935
Redavalle,PV,Pavia,Lombardia,45.037446,9.203918
Redondesco,MN,Mantova,Lombardia,45.166376,10.512282
Refrancore,AT,Asti,Piemonte,44.936297,8.343661
Refrontolo,TV,Treviso,Veneto,45.924858,12.20783
Regalbuto,EN,Enna,Sicilia,37.653547,14.639636
Reggello,FI,Firenze,Toscana,43.683088,11.536896
Reggio di Calabria,RC,Reggio Calabria,Calabria,38.103539,15.639756
Reggio nell'Emilia,RE,Reggio nell'Emilia,Emilia-Romagna,44.608664,10.594797
Reggiolo,RE,Reggio nell'Emilia,Emilia-Romagna,44.918534,10.804211
Reino,BN,Benevento,Campania,41.291903,14.823823
Reitano,ME,Messina,Sicilia,37.97284,14.34429
Remanzacco,UD,Udine,Friuli-Venezia Giulia,46.085584,13.324322
Remedello,BS,Brescia,Lombardia,45.279498,10.371743
Renate,MB,Monza e della Brianza,Lombardia,45.724378,9.279944
Rende,CS,Cosenza,Calabria,39.331993,16.184383
Renon,BZ,Bolzano/Bozen,Trentino-Alto Adige/Südtirol,46.562935,11.441435
Resana,TV,Treviso,Veneto,45.634024,11.955293
Rescaldina,MI,Milano,Lombardia,45.615974,8.948931
Resia,UD,Udine,Friuli-Venezia Giulia,46.347373,13.336066
Resiutta,UD,Udine,Friuli-Venezia Giulia,46.393086,13.218578
Resuttano,CL,Caltanissetta,Sicilia,37.678648,14.029464
Retorbido,PV,Pavia,Lombardia,44.9493,9.036174
Revello,CN,Cuneo,Piemonte,44.654948,7.389914
Revigliasco d'Asti,AT,Asti,Piemonte,44.85854,8.158222
Revine Lago,TV,Treviso,Veneto,46.001033,12.225549
Rezzago,CO,Como,Lombardia,45.866781,9.249741
Rezzato,BS,Brescia,Lombardia,45.514182,10.316671
Rezzo,IM,Imperia,Liguria,44.021425,7.871445
Rezzoaglio,GE,Genova,Liguria,44.525997,9.387267
Rhêmes-Notre-Dame,AO,Valle d'Aosta/Vallée d'Aoste,Valle d'Aosta/Vallée d'Aoste,45.568883,7.118171
Rhêmes-Saint-Georges,AO,Valle d'Aosta/Vallée d'Aoste,Valle d'Aosta/Vallée d'Aoste,45.654901,7.155412
Rho,MI,Milano,Lombardia,45.528532,9.04018
Riace,RC,Reggio Calabria,Calabria,38.418295,16.481189
Rialto,SV,Savona,Liguria,44.225818,8.263108
Riano,RM,Roma,Lazio,42.100122,12.505675
Riardo,CE,Caserta,Campania,41.262717,14.151923
Ribera,AG,Agrigento,Sicilia,37.502787,13.266188
Ribordone,TO,Torino,Piemonte,45.43204,7.50195
Ricadi,VV,Vibo Valentia,Calabria,38.625483,15.86643
Ricaldone,AL,Alessandria,Piemonte,44.731935,8.467775
Riccia,CB,Campobasso,Molise,41.483976,14.835084
Riccione,RN,Rimini,Emilia-Romagna,43.998274,12.647437
Riccò del Golfo di Spezia,SP,La Spezia,Liguria,44.153719,9.763862
Ricengo,CR,Cremona,Lombardia,45.405674,9.72396
Ricigliano,SA,Salerno,Campania,40.668456,15.481459
Riese Pio X,TV,Treviso,Veneto,45.729222,11.917005
Riesi,CL,Caltanissetta,Sicilia,37.281961,14.082414
Rieti,RI,Rieti,Lazio,42.414736,12.885888
Rifiano,BZ,Bolzano/Bozen,Trentino-Alto Adige/Südtirol,46.70364,11.181443
Rifreddo,CN,Cuneo,Piemonte,44.650734,7.346423
Rignano Flaminio,RM,Roma,Lazio,42.210014,12.481122
Rignano Garganico,FG,Foggia,Puglia,41.677013,15.587517
Rignano sull'Arno,FI,Firenze,Toscana,43.72105,11.451427
Rigolato,UD,Udine,Friuli-Venezia Giulia,46.552831,12.85211
Rimella,VC,Vercelli,Piemonte,45.907567,8.182504
Rimini,RN,Rimini,Emilia-Romagna,43.947098,12.630769
Rio,LI,Livorno,Toscana,42.832548,10.411777
Rio di Pusteria,BZ,Bolzano/Bozen,Trentino-Alto Adige/Südtirol,46.795946,11.666827
Rio Saliceto,RE,Reggio nell'Emilia,Emilia-Romagna,44.81001,10.803099
Riofreddo,RM,Roma,Lazio,42.060517,13.000334
Riola Sardo,OR,Oristano,Sardegna,39.994102,8.538673
Riolo Terme,RA,Ravenna,Emilia-Romagna,44.277084,11.72452
Riolunato,MO,Modena,Emilia-Romagna,44.229974,10.651565
Riomaggiore,SP,La Spezia,Liguria,44.098975,9.73867
Rionero in Vulture,PZ,Potenza,Basilicata,40.926188,15.669441
Rionero Sannitico,IS,Isernia,Molise,41.711927,14.138616
Ripa Teatina,CH,Chieti,Abruzzo,42.358641,14.234109
Ripabottoni,CB,Campobasso,Molise,41.689231,14.808331
Ripacandida,PZ,Potenza,Basilicata,40.911781,15.724783
Ripalimosani,CB,Campobasso,Molise,41.611029,14.662729
Ripalta Arpina,CR,Cremona,Lombardia,45.301872,9.728962
Ripalta Cremasca,CR,Cremona,Lombardia,45.32856,9.679244
Ripalta Guerina,CR,Cremona,Lombardia,45.306008,9.70514
Riparbella,PI,Pisa,Toscana,43.364625,10.599529
Ripatransone,AP,Ascoli Piceno,Marche,42.996178,13.761796
Ripe San Ginesio,MC,Macerata,Marche,43.142983,13.367329
Ripi,FR,Frosinone,Lazio,41.612256,13.424749
Riposto,CT,Catania,Sicilia,37.73189,15.204221
Rittana,CN,Cuneo,Piemonte,44.351028,7.398429
Riva del Garda,TN,Trento,Trentino-Alto Adige/Südtirol,45.884771,10.839694
Riva del Po,FE,Ferrara,Emilia-Romagna,44.96047,11.894394
Riva di Solto,BG,Bergamo,Lombardia,45.77357,10.039343
Riva Ligure,IM,Imperia,Liguria,43.837921,7.879649
Riva presso Chieri,TO,Torino,Piemonte,44.984974,7.872319
Rivalba,TO,Torino,Piemonte,45.11835,7.888125
Rivalta Bormida,AL,Alessandria,Piemonte,44.711375,8.550068
Rivalta di Torino,TO,Torino,Piemonte,45.034045,7.518419
Rivamonte Agordino,BL,Belluno,Veneto,46.251887,12.023608
Rivanazzano Terme,PV,Pavia,Lombardia,44.930767,9.014159
Rivara,TO,Torino,Piemonte,45.332553,7.632916
Rivarolo Canavese,TO,Torino,Piemonte,45.331216,7.717134
Rivarolo del Re ed Uniti,CR,Cremona,Lombardia,45.027972,10.469783
Rivarolo Mantovano,MN,Mantova,Lombardia,45.070309,10.432104
Rivarone,AL,Alessandria,Piemonte,44.976855,8.715646
Rivarossa,TO,Torino,Piemonte,45.250965,7.717845
Rive,VC,Vercelli,Piemonte,45.212906,8.417704
Rive d'Arcano,UD,Udine,Friuli-Venezia Giulia,46.126065,13.031579
Rivello,PZ,Potenza,Basilicata,40.078005,15.756073
Rivergaro,PC,Piacenza,Emilia-Romagna,44.910251,9.596521
Rivignano Teor,UD,Udine,Friuli-Venezia Giulia,45.8613,13.047569
Rivisondoli,AQ,L'Aquila,Abruzzo,41.870896,14.06743
Rivodutri,RI,Rieti,Lazio,42.516434,12.854977
Rivoli,TO,Torino,Piemonte,45.069715,7.517676
Rivoli Veronese,VR,Verona,Veneto,45.571982,10.811761
Rivolta d'Adda,CR,Cremona,Lombardia,45.470659,9.512551
Rizziconi,RC,Reggio Calabria,Calabria,38.411996,15.95924
Roana,VI,Vicenza,Veneto,45.875619,11.462687
Roaschia,CN,Cuneo,Piemonte,44.270105,7.455976
Roascio,CN,Cuneo,Piemonte,44.417138,8.022343
Roasio,VC,Vercelli,Piemonte,45.608019,8.288012
Roatto,AT,Asti,Piemonte,44.951609,8.027015
Robassomero,TO,Torino,Piemonte,45.200049,7.568917
Robbiate,LC,Lecco,Lombardia,45.691134,9.441322
Robbio,PV,Pavia,Lombardia,45.289971,8.593278
Robecchetto con Induno,MI,Milano,Lombardia,45.532481,8.764558
Robecco d'Oglio,CR,Cremona,Lombardia,45.259374,10.076571
Robecco Pavese,PV,Pavia,Lombardia,45.048364,9.15016
Robecco sul Naviglio,MI,Milano,Lombardia,45.436507,8.887279
Robella,AT,Asti,Piemonte,45.101652,8.10193
Robilante,CN,Cuneo,Piemonte,44.294182,7.511178
Roburent,CN,Cuneo,Piemonte,44.306331,7.89224
Rocca Canavese,TO,Torino,Piemonte,45.308854,7.575863
Rocca Canterano,RM,Roma,Lazio,41.956523,13.021788
Rocca Cigliè,CN,Cuneo,Piemonte,44.445235,7.950939
Rocca d'Arazzo,AT,Asti,Piemonte,44.873212,8.285806
Rocca d'Arce,FR,Frosinone,Lazio,41.58712,13.585106
Rocca d'Evandro,CE,Caserta,Campania,41.389018,13.908116
Rocca de' Baldi,CN,Cuneo,Piemonte,44.423633,7.761136
Rocca de' Giorgi,PV,Pavia,Lombardia,44.951562,9.253644
Rocca di Botte,AQ,L'Aquila,Abruzzo,42.026225,13.067688
Rocca di Cambio,AQ,L'Aquila,Abruzzo,42.235035,13.489963
Rocca di Cave,RM,Roma,Lazio,41.84642,12.945488
Rocca di Mezzo,AQ,L'Aquila,Abruzzo,42.205131,13.519269
Rocca di Neto,KR,Crotone,Calabria,39.184386,17.009067
Rocca di Papa,RM,Roma,Lazio,41.760761,12.709614
Rocca Grimalda,AL,Alessandria,Piemonte,44.671447,8.64845
Rocca Imperiale,CS,Cosenza,Calabria,40.109711,16.580191
Rocca Massima,LT,Latina,Lazio,41.679415,12.919415
Rocca Pia,AQ,L'Aquila,Abruzzo,41.93343,13.97701
Rocca Pietore,BL,Belluno,Veneto,46.433868,11.977162
Rocca Priora,RM,Roma,Lazio,41.791089,12.761993
Rocca San Casciano,FC,Forlì-Cesena,Emilia-Romagna,44.059096,11.842061
Rocca San Felice,AV,Avellino,Campania,40.95146,15.164394
Rocca San Giovanni,CH,Chieti,Abruzzo,42.25077,14.464841
Rocca Santa Maria,TE,Teramo,Abruzzo,42.686313,13.528171
Rocca Santo Stefano,RM,Roma,Lazio,41.910522,13.023789
Rocca Sinibalda,RI,Rieti,Lazio,42.274429,12.925582
Rocca Susella,PV,Pavia,Lombardia,44.919153,9.094131
Roccabascerana,AV,Avellino,Campania,41.018443,14.716318
Roccabernarda,KR,Crotone,Calabria,39.136087,16.869791
Roccabianca,PR,Parma,Emilia-Romagna,45.009369,10.219378
Roccabruna,CN,Cuneo,Piemonte,44.47453,7.343726
Roccacasale,AQ,L'Aquila,Abruzzo,42.122934,13.888105
Roccadaspide,SA,Salerno,Campania,40.425364,15.191785
Roccafiorita,ME,Messina,Sicilia,37.930197,15.268096
Roccafluvione,AP,Ascoli Piceno,Marche,42.859947,13.476785
Roccaforte del Greco,RC,Reggio Calabria,Calabria,38.047268,15.894699
Roccaforte Ligure,AL,Alessandria,Piemonte,44.677486,9.028695
Roccaforte Mondovì,CN,Cuneo,Piemonte,44.31794,7.744742
Roccaforzata,TA,Taranto,Puglia,40.437424,17.389605
Roccafranca,BS,Brescia,Lombardia,45.4643,9.914056
Roccagiovine,RM,Roma,Lazio,42.049802,12.900257
Roccagloriosa,SA,Salerno,Campania,40.108662,15.433349
Roccagorga,LT,Latina,Lazio,41.525315,13.155925
Roccalbegna,GR,Grosseto,Toscana,42.785975,11.507682
Roccalumera,ME,Messina,Sicilia,37.976263,15.395189
Roccamandolfi,IS,Isernia,Molise,41.497124,14.353824
Roccamena,PA,Palermo,Sicilia,37.836028,13.153858
Roccamonfina,CE,Caserta,Campania,41.288404,13.982838
Roccamontepiano,CH,Chieti,Abruzzo,42.244281,14.12719
Roccamorice,PE,Pescara,Abruzzo,42.213499,14.024589
Roccanova,PZ,Potenza,Basilicata,40.212011,16.203181
Roccantica,RI,Rieti,Lazio,42.320728,12.693976
Roccapalumba,PA,Palermo,Sicilia,37.805948,13.638455
Roccapiemonte,SA,Salerno,Campania,40.762465,14.692375
Roccarainola,NA,Napoli,Campania,40.971255,14.561026
Roccaraso,AQ,L'Aquila,Abruzzo,41.850261,14.078257
Roccaromana,CE,Caserta,Campania,41.273963,14.222289
Roccascalegna,CH,Chieti,Abruzzo,42.062536,14.306815
Roccasecca,FR,Frosinone,Lazio,41.552321,13.667258
Roccasecca dei Volsci,LT,Latina,Lazio,41.479872,13.212363
Roccasicura,IS,Isernia,Molise,41.69682,14.233532
Roccasparvera,CN,Cuneo,Piemonte,44.341583,7.440791
Roccaspinalveti,CH,Chieti,Abruzzo,41.937178,14.469959
Roccastrada,GR,Grosseto,Toscana,43.009931,11.166532
Roccavaldina,ME,Messina,Sicilia,38.181484,15.372556
Roccaverano,AT,Asti,Piemonte,44.592176,8.271898
Roccavignale,SV,Savona,Liguria,44.347172,8.164682
Roccavione,CN,Cuneo,Piemonte,44.314628,7.482432
Roccavivara,CB,Campobasso,Molise,41.834233,14.599925
Roccella Ionica,RC,Reggio Calabria,Calabria,38.321976,16.400907
Roccella Valdemone,ME,Messina,Sicilia,37.932983,15.008455
Rocchetta a Volturno,IS,Isernia,Molise,41.624626,14.086261
Rocchetta Belbo,CN,Cuneo,Piemonte,44.636042,8.17534
Rocchetta di Vara,SP,La Spezia,Liguria,44.251273,9.757284
Rocchetta e Croce,CE,Caserta,Campania,41.234172,14.169838
Rocchetta Ligure,AL,Alessandria,Piemonte,44.706551,9.050458
Rocchetta Nervina,IM,Imperia,Liguria,43.890619,7.599642
Rocchetta Palafea,AT,Asti,Piemonte,44.706723,8.346003
Rocchetta Sant'Antonio,FG,Foggia,Puglia,41.103524,15.461754
Rocchetta Tanaro,AT,Asti,Piemonte,44.858671,8.345706
Rodano,MI,Milano,Lombardia,45.477658,9.353461
Roddi,CN,Cuneo,Piemonte,44.679641,7.975435
Roddino,CN,Cuneo,Piemonte,44.573849,8.019119
Rodello,CN,Cuneo,Piemonte,44.62854,8.056838
Rodengo,BZ,Bolzano/Bozen,Trentino-Alto Adige/Südtirol,46.780775,11.689757
Rodengo Saiano,BS,Brescia,Lombardia,45.597646,10.109468
Rodero,CO,Como,Lombardia,45.823977,8.915234
Rodi Garganico,FG,Foggia,Puglia,41.928745,15.881052
Rodì Milici,ME,Messina,Sicilia,38.068965,15.174781
Rodigo,MN,Mantova,Lombardia,45.199577,10.624984
Roè Volciano,BS,Brescia,Lombardia,45.616764,10.49587
Rofrano,SA,Salerno,Campania,40.211405,15.427864
Rogeno,LC,Lecco,Lombardia,45.782379,9.274043
Roggiano Gravina,CS,Cosenza,Calabria,39.618199,16.159687
Roghudi,RC,Reggio Calabria,Calabria,37.927565,15.765998
Rogliano,CS,Cosenza,Calabria,39.178764,16.323409
Rognano,PV,Pavia,Lombardia,45.288466,9.090248
Rogno,BG,Bergamo,Lombardia,45.857665,10.133545
Rogolo,SO,Sondrio,Lombardia,46.135746,9.487317
Roiate,RM,Roma,Lazio,41.872322,13.067291
Roio del Sangro,CH,Chieti,Abruzzo,41.911533,14.373819
Roisan,AO,Valle d'Aosta/Vallée d'Aoste,Valle d'Aosta/Vallée d'Aoste,45.784571,7.311283
Roletto,TO,Torino,Piemonte,44.924691,7.331324
Rolo,RE,Reggio nell'Emilia,Emilia-Romagna,44.886656,10.858208
Roma,RM,Roma,Lazio,41.89332,12.482932
Romagnano al Monte,SA,Salerno,Campania,40.627188,15.435959
Romagnano Sesia,NO,Novara,Piemonte,45.631067,8.388627
Romagnese,PV,Pavia,Lombardia,44.83948,9.330068
Romana,SS,Sassari,Sardegna,40.484057,8.587417
Romanengo,CR,Cremona,Lombardia,45.377177,9.784985
Romano Canavese,TO,Torino,Piemonte,45.388657,7.86652
Romano d'Ezzelino,VI,Vicenza,Veneto,45.796237,11.758391
Romano di Lombardia,BG,Bergamo,Lombardia,45.518376,9.755087
Romans d'Isonzo,GO,Gorizia,Friuli-Venezia Giulia,45.890606,13.438219
Rombiolo,VV,Vibo Valentia,Calabria,38.591778,16.001696
Romeno,TN,Trento,Trentino-Alto Adige/Südtirol,46.393997,11.120273
Romentino,NO,Novara,Piemonte,45.462553,8.720777
Rometta,ME,Messina,Sicilia,38.171115,15.41455
Ronago,CO,Como,Lombardia,45.832278,8.983636
Roncà,VR,Verona,Veneto,45.478892,11.288918
Roncade,TV,Treviso,Veneto,45.627908,12.37478
Roncadelle,BS,Brescia,Lombardia,45.527608,10.149701
Roncaro,PV,Pavia,Lombardia,45.228166,9.275453
Roncegno Terme,TN,Trento,Trentino-Alto Adige/Südtirol,46.051623,11.410302
Roncello,MB,Monza e della Brianza,Lombardia,45.602443,9.457611
Ronchi dei Legionari,GO,Gorizia,Friuli-Venezia Giulia,45.827808,13.501845
Ronchi Valsugana,TN,Trento,Trentino-Alto Adige/Südtirol,46.068406,11.435186
Ronchis,UD,Udine,Friuli-Venezia Giulia,45.80661,12.997825
Ronciglione,VT,Viterbo,Lazio,42.290242,12.213806
Ronco all'Adige,VR,Verona,Veneto,45.337766,11.242452
Ronco Biellese,BI,Biella,Piemonte,45.581354,8.098778
Ronco Briantino,MB,Monza e della Brianza,Lombardia,45.667563,9.400698
Ronco Canavese,TO,Torino,Piemonte,45.499737,7.546855
Ronco Scrivia,GE,Genova,Liguria,44.613299,8.952368
Roncobello,BG,Bergamo,Lombardia,45.955688,9.75235
Roncoferraro,MN,Mantova,Lombardia,45.135929,10.951354
Roncofreddo,FC,Forlì-Cesena,Emilia-Romagna,44.04224,12.31826
Roncola,BG,Bergamo,Lombardia,45.768007,9.561298
Rondanina,GE,Genova,Liguria,44.563245,9.218071
Rondissone,TO,Torino,Piemonte,45.246854,7.963125
Ronsecco,VC,Vercelli,Piemonte,45.253126,8.27781
Ronzo-Chienis,TN,Trento,Trentino-Alto Adige/Südtirol,45.889597,10.950079
Ronzone,TN,Trento,Trentino-Alto Adige/Südtirol,46.423073,11.148899
Roppolo,BI,Biella,Piemonte,45.420559,8.069724
Rorà,TO,Torino,Piemonte,44.792136,7.199017
Rosà,VI,Vicenza,Veneto,45.724416,11.762686
Rosarno,RC,Reggio Calabria,Calabria,38.487283,15.976495
Rosasco,PV,Pavia,Lombardia,45.25106,8.578938
Rosate,MI,Milano,Lombardia,45.351992,9.017478
Rosazza,BI,Biella,Piemonte,45.675765,7.977117
Rosciano,PE,Pescara,Abruzzo,42.320692,14.042931
Roscigno,SA,Salerno,Campania,40.39903,15.345926
Rose,CS,Cosenza,Calabria,39.398495,16.287193
Rosello,CH,Chieti,Abruzzo,41.900832,14.349818
Roseto Capo Spulico,CS,Cosenza,Calabria,39.987009,16.601693
Roseto degli Abruzzi,TE,Teramo,Abruzzo,42.677577,14.014464
Roseto Valfortore,FG,Foggia,Puglia,41.372427,15.096142
Rosignano Marittimo,LI,Livorno,Toscana,43.406786,10.473366
Rosignano Monferrato,AL,Alessandria,Piemonte,45.079878,8.398478
Rosolina,RO,Rovigo,Veneto,45.075572,12.246084
Rosolini,SR,Siracusa,Sicilia,36.820499,14.952628
Rosora,AN,Ancona,Marche,43.483258,13.068867
Rossa,VC,Vercelli,Piemonte,45.833501,8.125529
Rossana,CN,Cuneo,Piemonte,44.543333,7.433826
Rossano Veneto,VI,Vicenza,Veneto,45.705273,11.799787
Rossiglione,GE,Genova,Liguria,44.563961,8.668513
Rosta,TO,Torino,Piemonte,45.067945,7.465117
Rota d'Imagna,BG,Bergamo,Lombardia,45.830854,9.512792
Rota Greca,CS,Cosenza,Calabria,39.468496,16.112588
Rotella,AP,Ascoli Piceno,Marche,42.954173,13.559359
Rotello,CB,Campobasso,Molise,41.746873,15.00639
Rotonda,PZ,Potenza,Basilicata,39.952786,16.039088
Rotondella,MT,Matera,Basilicata,40.171312,16.525589
Rotondi,AV,Avellino,Campania,41.03118,14.596753
Rottofreno,PC,Piacenza,Emilia-Romagna,45.057464,9.547763
Rotzo,VI,Vicenza,Veneto,45.863467,11.399382
Roure,TO,Torino,Piemonte,45.001413,7.129432
Rovasenda,VC,Vercelli,Piemonte,45.538765,8.317527
Rovato,BS,Brescia,Lombardia,45.567038,9.998601
Rovegno,GE,Genova,Liguria,44.576748,9.279162
Rovellasca,CO,Como,Lombardia,45.669411,9.050151
Rovello Porro,CO,Como,Lombardia,45.654152,9.041161
Roverbella,MN,Mantova,Lombardia,45.26578,10.767527
Roverchiara,VR,Verona,Veneto,45.272316,11.2478
Roverè della Luna,TN,Trento,Trentino-Alto Adige/Südtirol,46.249988,11.169348
Roverè Veronese,VR,Verona,Veneto,45.593326,11.065709
Roveredo di Guà,VR,Verona,Veneto,45.273751,11.444988
Roveredo in Piano,PN,Pordenone,Friuli-Venezia Giulia,46.011058,12.620291
Rovereto,TN,Trento,Trentino-Alto Adige/Südtirol,45.886548,11.045237
Rovescala,PV,Pavia,Lombardia,45.011421,9.348753
Rovetta,BG,Bergamo,Lombardia,45.892989,9.983457
Roviano,RM,Roma,Lazio,42.0259,12.994384
Rovigo,RO,Rovigo,Veneto,44.977206,12.27419
Rovito,CS,Cosenza,Calabria,39.307994,16.321094
Rovolon,PD,Padova,Veneto,45.378027,11.644403
Rozzano,MI,Milano,Lombardia,45.383237,9.154131
Rubano,PD,Padova,Veneto,45.428729,11.788274
Rubiana,TO,Torino,Piemonte,45.137946,7.38483
Rubiera,RE,Reggio nell'Emilia,Emilia-Romagna,44.653201,10.781081
Ruda,UD,Udine,Friuli-Venezia Giulia,45.838231,13.40193
Rudiano,BS,Brescia,Lombardia,45.488578,9.887062
Rueglio,TO,Torino,Piemonte,45.468258,7.754616
Ruffano,LE,Lecce,Puglia,39.984092,18.247476
Ruffia,CN,Cuneo,Piemonte,44.706638,7.604027
Ruffrè-Mendola,TN,Trento,Trentino-Alto Adige/Südtirol,46.42463,11.1941
Rufina,FI,Firenze,Toscana,43.826668,11.490078
Ruinas,OR,Oristano,Sardegna,39.907148,8.897631
Rumo,TN,Trento,Trentino-Alto Adige/Südtirol,46.461057,10.988246
Ruoti,PZ,Potenza,Basilicata,40.718017,15.678963
Russi,RA,Ravenna,Emilia-Romagna,44.370054,12.030417
Rutigliano,BA,Bari,Puglia,41.011159,17.005479
Rutino,SA,Salerno,Campania,40.299704,15.072755
Ruviano,CE,Caserta,Campania,41.210318,14.409229
Ruvo del Monte,PZ,Potenza,Basilicata,40.848819,15.541359
Ruvo di Puglia,BA,Bari,Puglia,41.114087,16.486397
Sabaudia,LT,Latina,Lazio,41.301567,13.025873
Sabbio Chiese,BS,Brescia,Lombardia,45.658587,10.420571
Sabbioneta,MN,Mantova,Lombardia,44.998436,10.488587
Sacco,SA,Salerno,Campania,40.378108,15.377961
Saccolongo,PD,Padova,Veneto,45.403105,11.747553
Sacile,PN,Pordenone,Friuli-Venezia Giulia,45.95386,12.503368
Sacrofano,RM,Roma,Lazio,42.104946,12.44546
Sadali,SU,Sud Sardegna,Sardegna,39.81325,9.27194
Sagama,OR,Oristano,Sardegna,40.261552,8.57752
Sagliano Micca,BI,Biella,Piemonte,45.625764,8.043319
Sagrado,GO,Gorizia,Friuli-Venezia Giulia,45.875843,13.485523
Sagron Mis,TN,Trento,Trentino-Alto Adige/Südtirol,46.191396,11.933561
Saint-Christophe,AO,Valle d'Aosta/Vallée d'Aoste,Valle d'Aosta/Vallée d'Aoste,45.74742,7.356168
Saint-Denis,AO,Valle d'Aosta/Vallée d'Aoste,Valle d'Aosta/Vallée d'Aoste,45.764714,7.571331
Saint-Marcel,AO,Valle d'Aosta/Vallée d'Aoste,Valle d'Aosta/Vallée d'Aoste,45.73456,7.446196
Saint-Nicolas,AO,Valle d'Aosta/Vallée d'Aoste,Valle d'Aosta/Vallée d'Aoste,45.716078,7.167982
Saint-Oyen,AO,Valle d'Aosta/Vallée d'Aoste,Valle d'Aosta/Vallée d'Aoste,45.824644,7.213175
Saint-Pierre,AO,Valle d'Aosta/Vallée d'Aoste,Valle d'Aosta/Vallée d'Aoste,45.709481,7.229142
Saint-Rhémy-en-Bosses,AO,Valle d'Aosta/Vallée d'Aoste,Valle d'Aosta/Vallée d'Aoste,45.823744,7.182189
Saint-Vincent,AO,Valle d'Aosta/Vallée d'Aoste,Valle d'Aosta/Vallée d'Aoste,45.750386,7.647884
Sala Baganza,PR,Parma,Emilia-Romagna,44.71395,10.226334
Sala Biellese,BI,Biella,Piemonte,45.50816,7.95842
Sala Bolognese,BO,Bologna,Emilia-Romagna,44.629603,11.272748
Sala Comacina,CO,Como,Lombardia,45.964424,9.166346
Sala Consilina,SA,Salerno,Campania,40.398221,15.596369
Sala Monferrato,AL,Alessandria,Piemonte,45.075154,8.358736
Salandra,MT,Matera,Basilicata,40.527518,16.31918
Salaparuta,TP,Trapani,Sicilia,37.757942,13.009742
Salara,RO,Rovigo,Veneto,44.982537,11.427149
Salasco,VC,Vercelli,Piemonte,45.325559,8.26423
Salassa,TO,Torino,Piemonte,45.358526,7.689238
Salbertrand,TO,Torino,Piemonte,45.07204,6.883205
Salcedo,VI,Vicenza,Veneto,45.75878,11.564978
Salcito,CB,Campobasso,Molise,41.74753,14.510124
Sale,AL,Alessandria,Piemonte,44.980656,8.809348
Sale delle Langhe,CN,Cuneo,Piemonte,44.395235,8.080143
Sale Marasino,BS,Brescia,Lombardia,45.715453,10.111139
Sale San Giovanni,CN,Cuneo,Piemonte,44.399902,8.078891
Salemi,TP,Trapani,Sicilia,37.817371,12.800945
Salento,SA,Salerno,Campania,40.248604,15.190058
Salerano Canavese,TO,Torino,Piemonte,45.458058,7.851118
Salerano sul Lambro,LO,Lodi,Lombardia,45.296569,9.385155
Salerno,SA,Salerno,Campania,40.419442,15.310756
Salgareda,TV,Treviso,Veneto,45.704123,12.492587
Sali Vercellese,VC,Vercelli,Piemonte,45.309859,8.328931
Salice Salentino,LE,Lecce,Puglia,40.385662,17.963748
Saliceto,CN,Cuneo,Piemonte,44.413336,8.168644
Salisano,RI,Rieti,Lazio,42.257251,12.745518
Salizzole,VR,Verona,Veneto,45.24279,11.084444
Salle,PE,Pescara,Abruzzo,42.176935,13.961206
Salmour,CN,Cuneo,Piemonte,44.578037,7.791833
Salò,BS,Brescia,Lombardia,45.605678,10.520069
Salorno sulla strada del vino,BZ,Bolzano/Bozen,Trentino-Alto Adige/Südtirol,46.239608,11.211075
Salsomaggiore Terme,PR,Parma,Emilia-Romagna,44.814762,9.979576
Saltrio,VA,Varese,Lombardia,45.873908,8.921668
Saludecio,RN,Rimini,Emilia-Romagna,43.872685,12.668507
Saluggia,VC,Vercelli,Piemonte,45.237554,8.011026
Salussola,BI,Biella,Piemonte,45.449324,8.109157
Saluzzo,CN,Cuneo,Piemonte,44.644605,7.492601
Salve,LE,Lecce,Puglia,39.861318,18.293332
Salvirola,CR,Cremona,Lombardia,45.355543,9.780243
Salvitelle,SA,Salerno,Campania,40.590913,15.45876
Salza di Pinerolo,TO,Torino,Piemonte,44.934635,7.034467
Salza Irpina,AV,Avellino,Campania,40.920063,14.88935
Salzano,VE,Venezia,Veneto,45.521344,12.10637
Samarate,VA,Varese,Lombardia,45.628182,8.784305
Samassi,SU,Sud Sardegna,Sardegna,39.481341,8.907637
Samatzai,SU,Sud Sardegna,Sardegna,39.483242,9.03464
Sambuca di Sicilia,AG,Agrigento,Sicilia,37.64774,13.111031
Sambuca Pistoiese,PT,Pistoia,Toscana,44.054873,11.002508
Sambuci,RM,Roma,Lazio,41.986123,12.937986
Sambuco,CN,Cuneo,Piemonte,44.336292,7.079338
Sammichele di Bari,BA,Bari,Puglia,40.887987,16.949456
Samo,RC,Reggio Calabria,Calabria,38.073769,16.058302
Samolaco,SO,Sondrio,Lombardia,46.24616,9.395079
Samone,TN,Trento,Trentino-Alto Adige/Südtirol,46.081607,11.522588
Samone,TO,Torino,Piemonte,45.450554,7.845243
Sampeyre,CN,Cuneo,Piemonte,44.579684,7.188889
Samugheo,OR,Oristano,Sardegna,39.94615,8.940532
San Bartolomeo al Mare,IM,Imperia,Liguria,43.922924,8.101152
San Bartolomeo in Galdo,BN,Benevento,Campania,41.409682,15.015391
San Bartolomeo Val Cavargna,CO,Como,Lombardia,46.083486,9.149127
San Basile,CS,Cosenza,Calabria,39.809603,16.163285
San Basilio,SU,Sud Sardegna,Sardegna,39.537144,9.198242
San Bassano,CR,Cremona,Lombardia,45.243546,9.807876
San Bellino,RO,Rovigo,Veneto,45.029552,11.589812
San Benedetto Belbo,CN,Cuneo,Piemonte,44.490137,8.057841
San Benedetto dei Marsi,AQ,L'Aquila,Abruzzo,42.008229,13.622701
San Benedetto del Tronto,AP,Ascoli Piceno,Marche,42.952533,13.880714
San Benedetto in Perillis,AQ,L'Aquila,Abruzzo,42.183943,13.770532
San Benedetto Po,MN,Mantova,Lombardia,45.041924,10.928295
San Benedetto Ullano,CS,Cosenza,Calabria,39.427095,16.123789
San Benedetto Val di Sambro,BO,Bologna,Emilia-Romagna,44.215259,11.232914
San Benigno Canavese,TO,Torino,Piemonte,45.227052,7.785021
San Bernardino Verbano,VB,Verbano-Cusio-Ossola,Piemonte,45.995222,8.456146
San Biagio della Cima,IM,Imperia,Liguria,43.818242,7.64882
San Biagio di Callalta,TV,Treviso,Veneto,45.684872,12.377347
San Biagio Platani,AG,Agrigento,Sicilia,37.509014,13.524282
San Biagio Saracinisco,FR,Frosinone,Lazio,41.613272,13.927877
San Biase,CB,Campobasso,Molise,41.715511,14.588776
San Bonifacio,VR,Verona,Veneto,45.395642,11.270082
San Buono,CH,Chieti,Abruzzo,41.980836,14.569922
San Calogero,VV,Vibo Valentia,Calabria,38.575578,16.020296
San Candido,BZ,Bolzano/Bozen,Trentino-Alto Adige/Südtirol,46.732863,12.282416
San Canzian d'Isonzo,GO,Gorizia,Friuli-Venezia Giulia,45.798617,13.466138
San Carlo Canavese,TO,Torino,Piemonte,45.247826,7.610843
San Casciano dei Bagni,SI,Siena,Toscana,42.871756,11.874953
San Casciano in Val di Pesa,FI,Firenze,Toscana,43.65696,11.185668
San Cassiano,LE,Lecce,Puglia,40.056287,18.333936
San Cataldo,CL,Caltanissetta,Sicilia,37.491446,13.993516
San Cesareo,RM,Roma,Lazio,41.819196,12.800334
San Cesario di Lecce,LE,Lecce,Puglia,40.302961,18.159865
San Cesario sul Panaro,MO,Modena,Emilia-Romagna,44.561136,11.033218
San Chirico Nuovo,PZ,Potenza,Basilicata,40.676747,16.078534
San Chirico Raparo,PZ,Potenza,Basilicata,40.190715,16.076348
San Cipirello,PA,Palermo,Sicilia,37.96296,13.17538
San Cipriano d'Aversa,CE,Caserta,Campania,40.998812,14.131726
San Cipriano Picentino,SA,Salerno,Campania,40.720003,14.870013
San Cipriano Po,PV,Pavia,Lombardia,45.108679,9.282905
San Clemente,RN,Rimini,Emilia-Romagna,43.932205,12.625693
San Colombano al Lambro,MI,Milano,Lombardia,45.181716,9.488578
San Colombano Belmonte,TO,Torino,Piemonte,45.382254,7.621015
San Colombano Certenoli,GE,Genova,Liguria,44.399253,9.328805
San Cono,CT,Catania,Sicilia,37.289942,14.364986
San Cosmo Albanese,CS,Cosenza,Calabria,39.5831,16.420193
San Costantino Albanese,PZ,Potenza,Basilicata,40.035808,16.304686
San Costantino Calabro,VV,Vibo Valentia,Calabria,38.632279,16.073897
San Costanzo,PU,Pesaro e Urbino,Marche,43.766164,13.072763
San Cristoforo,AL,Alessandria,Piemonte,44.692248,8.750152
San Damiano al Colle,PV,Pavia,Lombardia,45.024862,9.346559
San Damiano d'Asti,AT,Asti,Piemonte,44.833445,8.063534
San Damiano Macra,CN,Cuneo,Piemonte,44.48873,7.258424
San Daniele del Friuli,UD,Udine,Friuli-Venezia Giulia,46.153241,13.009034
San Daniele Po,CR,Cremona,Lombardia,45.06377,10.182276
San Demetrio Corone,CS,Cosenza,Calabria,39.569899,16.361492
San Demetrio ne' Vestini,AQ,L'Aquila,Abruzzo,42.288377,13.558641
San Didero,TO,Torino,Piemonte,45.135444,7.213011
San Donà di Piave,VE,Venezia,Veneto,45.629481,12.564106
San Donaci,BR,Brindisi,Puglia,40.44938,17.922606
San Donato di Lecce,LE,Lecce,Puglia,40.268126,18.184225
San Donato di Ninea,CS,Cosenza,Calabria,39.7116,16.048491
San Donato Milanese,MI,Milano,Lombardia,45.41807,9.27165
San Donato Val di Comino,FR,Frosinone,Lazio,41.708124,13.812609
San Dorligo della Valle,TS,Trieste,Friuli-Venezia Giulia,45.612602,13.853506
San Fele,PZ,Potenza,Basilicata,40.819326,15.538428
San Felice a Cancello,CE,Caserta,Campania,41.012394,14.482993
San Felice Circeo,LT,Latina,Lazio,41.232617,13.089398
San Felice del Benaco,BS,Brescia,Lombardia,45.589546,10.551733
San Felice del Molise,CB,Campobasso,Molise,41.891035,14.700526
San Felice sul Panaro,MO,Modena,Emilia-Romagna,44.839415,11.143165
San Ferdinando,RC,Reggio Calabria,Calabria,38.48317,15.916271
San Ferdinando di Puglia,BT,Barletta-Andria-Trani,Puglia,41.302632,16.070465
San Fermo della Battaglia,CO,Como,Lombardia,45.808678,9.047438
San Fili,CS,Cosenza,Calabria,39.338893,16.14349
San Filippo del Mela,ME,Messina,Sicilia,38.169727,15.272527
San Fior,TV,Treviso,Veneto,45.920753,12.358151
San Fiorano,LO,Lodi,Lombardia,45.136368,9.722165
San Floriano del Collio,GO,Gorizia,Friuli-Venezia Giulia,45.983108,13.587083
San Floro,CZ,Catanzaro,Calabria,38.837986,16.518704
San Francesco al Campo,TO,Torino,Piemonte,45.226467,7.657164
San Fratello,ME,Messina,Sicilia,38.013442,14.597392
San Gavino Monreale,SU,Sud Sardegna,Sardegna,39.550941,8.791934
San Gemini,TR,Terni,Umbria,42.612701,12.546505
San Genesio Atesino,BZ,Bolzano/Bozen,Trentino-Alto Adige/Südtirol,46.535035,11.331384
San Genesio ed Uniti,PV,Pavia,Lombardia,45.234765,9.178551
San Gennaro Vesuviano,NA,Napoli,Campania,40.8604,14.529168
San Germano Chisone,TO,Torino,Piemonte,44.89855,7.241175
San Germano Vercellese,VC,Vercelli,Piemonte,45.350031,8.248779
San Gervasio Bresciano,BS,Brescia,Lombardia,45.307376,10.148671
San Giacomo degli Schiavoni,CB,Campobasso,Molise,41.963238,14.946431
San Giacomo delle Segnate,MN,Mantova,Lombardia,44.972575,11.033097
San Giacomo Filippo,SO,Sondrio,Lombardia,46.337694,9.371235
San Giacomo Vercellese,VC,Vercelli,Piemonte,45.497859,8.326139
San Gillio,TO,Torino,Piemonte,45.142748,7.535817
San Gimignano,SI,Siena,Toscana,43.467799,11.043212
San Ginesio,MC,Macerata,Marche,43.53009,12.961252
San Giorgio a Cremano,NA,Napoli,Campania,40.829296,14.334168
San Giorgio a Liri,FR,Frosinone,Lazio,41.404117,13.761312
San Giorgio Albanese,CS,Cosenza,Calabria,39.581818,16.454187
San Giorgio Bigarello,MN,Mantova,Lombardia,45.18053,10.871789
San Giorgio Canavese,TO,Torino,Piemonte,45.334155,7.796819
San Giorgio del Sannio,BN,Benevento,Campania,41.069327,14.852458
San Giorgio della Richinvelda,PN,Pordenone,Friuli-Venezia Giulia,46.039508,12.882333
San Giorgio delle Pertiche,PD,Padova,Veneto,45.54167,11.911237
San Giorgio di Lomellina,PV,Pavia,Lombardia,45.174413,8.790098
San Giorgio di Nogaro,UD,Udine,Friuli-Venezia Giulia,45.832024,13.211145
San Giorgio di Piano,BO,Bologna,Emilia-Romagna,44.646793,11.375449
San Giorgio in Bosco,PD,Padova,Veneto,45.591851,11.805959
San Giorgio Ionico,TA,Taranto,Puglia,40.456624,17.378704
San Giorgio La Molara,BN,Benevento,Campania,41.270908,14.920083
San Giorgio Lucano,MT,Matera,Basilicata,40.11191,16.387986
San Giorgio Monferrato,AL,Alessandria,Piemonte,45.107685,8.413055
San Giorgio Morgeto,RC,Reggio Calabria,Calabria,38.386958,16.108164
San Giorgio Piacentino,PC,Piacenza,Emilia-Romagna,44.954163,9.736869
San Giorgio Scarampi,AT,Asti,Piemonte,44.611329,8.242425
San Giorgio su Legnano,MI,Milano,Lombardia,45.573771,8.913739
San Giorio di Susa,TO,Torino,Piemonte,45.127982,7.177985
San Giovanni a Piro,SA,Salerno,Campania,40.050302,15.450967
San Giovanni al Natisone,UD,Udine,Friuli-Venezia Giulia,45.97792,13.401081
San Giovanni Bianco,BG,Bergamo,Lombardia,45.874075,9.653022
San Giovanni del Dosso,MN,Mantova,Lombardia,44.966893,11.081617
San Giovanni di Fassa,TN,Trento,Trentino-Alto Adige/Südtirol,46.422876,11.72076
San Giovanni di Gerace,RC,Reggio Calabria,Calabria,38.365076,16.277704
San Giovanni Gemini,AG,Agrigento,Sicilia,37.629936,13.641375
San Giovanni Ilarione,VR,Verona,Veneto,45.524054,11.234894
San Giovanni in Croce,CR,Cremona,Lombardia,45.078872,10.37518
San Giovanni in Fiore,CS,Cosenza,Calabria,39.252976,16.697377
San Giovanni in Galdo,CB,Campobasso,Molise,41.590029,14.750332
San Giovanni in Marignano,RN,Rimini,Emilia-Romagna,43.938668,12.712494
San Giovanni in Persiceto,BO,Bologna,Emilia-Romagna,44.638978,11.187131
San Giovanni Incarico,FR,Frosinone,Lazio,41.501718,13.557906
San Giovanni la Punta,CT,Catania,Sicilia,37.577407,15.094215
San Giovanni Lipioni,CH,Chieti,Abruzzo,41.842854,14.561734
San Giovanni Lupatoto,VR,Verona,Veneto,45.381968,11.044886
San Giovanni Rotondo,FG,Foggia,Puglia,41.705055,15.730646
San Giovanni Suergiu,SU,Sud Sardegna,Sardegna,39.110404,8.521999
San Giovanni Teatino,CH,Chieti,Abruzzo,42.410541,14.20103
San Giovanni Valdarno,AR,Arezzo,Toscana,43.56493,11.530595
San Giuliano del Sannio,CB,Campobasso,Molise,41.456409,14.641194
San Giuliano di Puglia,CB,Campobasso,Molise,41.684524,14.964406
San Giuliano Milanese,MI,Milano,Lombardia,45.39427,9.291851
San Giuliano Terme,PI,Pisa,Toscana,43.762996,10.44104
San Giuseppe Jato,PA,Palermo,Sicilia,37.970486,13.182489
San Giuseppe Vesuviano,NA,Napoli,Campania,40.829811,14.504436
San Giustino,PG,Perugia,Umbria,43.54898,12.17583
San Giusto Canavese,TO,Torino,Piemonte,45.315154,7.80912
San Godenzo,FI,Firenze,Toscana,43.925556,11.618428
San Gregorio d'Ippona,VV,Vibo Valentia,Calabria,38.642334,16.101976
San Gregorio da Sassola,RM,Roma,Lazio,41.917121,12.870786
San Gregorio di Catania,CT,Catania,Sicilia,37.565254,15.111788
San Gregorio Magno,SA,Salerno,Campania,40.656523,15.403609
San Gregorio Matese,CE,Caserta,Campania,41.385228,14.37505
San Gregorio nelle Alpi,BL,Belluno,Veneto,46.103065,12.025584
San Lazzaro di Savena,BO,Bologna,Emilia-Romagna,44.471567,11.404859
San Leo,RN,Rimini,Emilia-Romagna,43.896961,12.343644
San Leonardo,UD,Udine,Friuli-Venezia Giulia,46.127459,13.538374
San Leonardo in Passiria,BZ,Bolzano/Bozen,Trentino-Alto Adige/Südtirol,46.811893,11.247136
San Leucio del Sannio,BN,Benevento,Campania,41.074418,14.757438
San Lorenzello,BN,Benevento,Campania,41.277366,14.542832
San Lorenzo,RC,Reggio Calabria,Calabria,38.010967,15.834398
San Lorenzo al Mare,IM,Imperia,Liguria,43.854711,7.963708
San Lorenzo Bellizzi,CS,Cosenza,Calabria,39.889205,16.330288
San Lorenzo del Vallo,CS,Cosenza,Calabria,39.668201,16.29739
San Lorenzo di Sebato,BZ,Bolzano/Bozen,Trentino-Alto Adige/Südtirol,46.783424,11.90264
San Lorenzo Dorsino,TN,Trento,Trentino-Alto Adige/Südtirol,46.112129,10.900078
San Lorenzo in Campo,PU,Pesaro e Urbino,Marche,43.604117,12.945724
San Lorenzo Isontino,GO,Gorizia,Friuli-Venezia Giulia,45.931217,13.528549
San Lorenzo Maggiore,BN,Benevento,Campania,41.251227,14.626944
San Lorenzo Nuovo,VT,Viterbo,Lazio,42.68673,11.906653
San Luca,RC,Reggio Calabria,Calabria,38.148371,16.066002
San Lucido,CS,Cosenza,Calabria,39.308892,16.050788
San Lupo,BN,Benevento,Campania,41.260105,14.635629
San Mango d'Aquino,CZ,Catanzaro,Calabria,39.060284,16.193707
San Mango Piemonte,SA,Salerno,Campania,40.701911,14.833745
San Mango sul Calore,AV,Avellino,Campania,40.958117,14.972745
San Marcellino,CE,Caserta,Campania,40.986454,14.175332
San Marcello,AN,Ancona,Marche,43.576061,13.206068
San Marcello Piteglio,PT,Pistoia,Toscana,44.067673,10.812002
San Marco Argentano,CS,Cosenza,Calabria,39.557408,16.119089
San Marco d'Alunzio,ME,Messina,Sicilia,38.073514,14.699355
San Marco dei Cavoti,BN,Benevento,Campania,41.310603,14.878952
San Marco Evangelista,CE,Caserta,Campania,41.037018,14.336294
San Marco in Lamis,FG,Foggia,Puglia,41.713138,15.63985
San Marco la Catola,FG,Foggia,Puglia,41.524829,15.005938
San Martino al Tagliamento,PN,Pordenone,Friuli-Venezia Giulia,46.020829,12.863761
San Martino Alfieri,AT,Asti,Piemonte,44.818627,8.109185
San Martino Buon Albergo,VR,Verona,Veneto,45.421687,11.09689
San Martino Canavese,TO,Torino,Piemonte,45.39435,7.816559
San Martino d'Agri,PZ,Potenza,Basilicata,40.23971,16.053078
San Martino dall'Argine,MN,Mantova,Lombardia,45.099056,10.518348
San Martino del Lago,CR,Cremona,Lombardia,45.073248,10.31686
San Martino di Finita,CS,Cosenza,Calabria,39.490596,16.109788
San Martino di Lupari,PD,Padova,Veneto,45.648659,11.85698
San Martino di Venezze,RO,Rovigo,Veneto,45.131203,11.868523
San Martino in Badia,BZ,Bolzano/Bozen,Trentino-Alto Adige/Südtirol,46.650928,11.841677
San Martino in Passiria,BZ,Bolzano/Bozen,Trentino-Alto Adige/Südtirol,46.783939,11.226799
San Martino in Pensilis,CB,Campobasso,Molise,41.870437,15.011151
San Martino in Rio,RE,Reggio nell'Emilia,Emilia-Romagna,44.732802,10.783988
San Martino in Strada,LO,Lodi,Lombardia,45.271532,9.528032
San Martino Sannita,BN,Benevento,Campania,41.066218,14.83584
San Martino Siccomario,PV,Pavia,Lombardia,45.160963,9.135952
San Martino sulla Marrucina,CH,Chieti,Abruzzo,42.223373,14.21481
San Martino Valle Caudina,AV,Avellino,Campania,41.023025,14.662237
San Marzano di San Giuseppe,TA,Taranto,Puglia,40.454425,17.505607
San Marzano Oliveto,AT,Asti,Piemonte,44.754021,8.295757
San Marzano sul Sarno,SA,Salerno,Campania,40.775215,14.587362
San Massimo,CB,Campobasso,Molise,41.492924,14.410225
San Maurizio Canavese,TO,Torino,Piemonte,45.216676,7.631241
San Maurizio d'Opaglio,NO,Novara,Piemonte,45.773453,8.390395
San Mauro Castelverde,PA,Palermo,Sicilia,37.914628,14.190378
San Mauro Cilento,SA,Salerno,Campania,40.226355,15.044077
San Mauro di Saline,VR,Verona,Veneto,45.565796,11.114376
San Mauro Forte,MT,Matera,Basilicata,40.487117,16.248079
San Mauro la Bruca,SA,Salerno,Campania,40.122937,15.28975
San Mauro Marchesato,KR,Crotone,Calabria,39.104406,16.924439
San Mauro Pascoli,FC,Forlì-Cesena,Emilia-Romagna,44.106463,12.414898
San Mauro Torinese,TO,Torino,Piemonte,45.104412,7.761996
San Michele al Tagliamento,VE,Venezia,Veneto,45.763918,12.995425
San Michele all'Adige,TN,Trento,Trentino-Alto Adige/Südtirol,46.192907,11.133577
San Michele di Ganzaria,CT,Catania,Sicilia,37.279563,14.42602
San Michele di Serino,AV,Avellino,Campania,40.877296,14.856309
San Michele Mondovì,CN,Cuneo,Piemonte,44.377031,7.911036
San Michele Salentino,BR,Brindisi,Puglia,40.630386,17.633576
San Miniato,PI,Pisa,Toscana,43.67975,10.850095
San Nazzaro,BN,Benevento,Campania,41.05239,14.856356
San Nazzaro Sesia,NO,Novara,Piemonte,45.438273,8.424073
San Nazzaro Val Cavargna,CO,Como,Lombardia,46.089386,9.127434
San Nicandro Garganico,FG,Foggia,Puglia,41.838446,15.565338
San Nicola Arcella,CS,Cosenza,Calabria,39.848174,15.794971
San Nicola Baronia,AV,Avellino,Campania,41.058521,15.199148
San Nicola da Crissa,VV,Vibo Valentia,Calabria,38.663636,16.284679
San Nicola dell'Alto,KR,Crotone,Calabria,39.291348,16.972244
San Nicola la Strada,CE,Caserta,Campania,41.051814,14.331329
San Nicola Manfredi,BN,Benevento,Campania,41.071768,14.824534
San Nicolò d'Arcidano,OR,Oristano,Sardegna,39.683392,8.646875
San Nicolò di Comelico,BL,Belluno,Veneto,46.582529,12.527302
San Nicolò Gerrei,SU,Sud Sardegna,Sardegna,39.497444,9.307145
San Pancrazio,BZ,Bolzano/Bozen,Trentino-Alto Adige/Südtirol,46.586514,11.086361
San Pancrazio Salentino,BR,Brindisi,Puglia,40.419133,17.839385
San Paolo,BS,Brescia,Lombardia,45.370576,10.026767
San Paolo Albanese,PZ,Potenza,Basilicata,40.036708,16.334586
San Paolo Bel Sito,NA,Napoli,Campania,40.914813,14.546736
San Paolo d'Argon,BG,Bergamo,Lombardia,45.688557,9.804066
San Paolo di Civitate,FG,Foggia,Puglia,41.738336,15.260241
San Paolo di Jesi,AN,Ancona,Marche,43.454558,13.17277
San Paolo Solbrito,AT,Asti,Piemonte,44.950565,7.970582
San Pellegrino Terme,BG,Bergamo,Lombardia,45.838631,9.664731
San Pier d'Isonzo,GO,Gorizia,Friuli-Venezia Giulia,45.846918,13.460137
San Pier Niceto,ME,Messina,Sicilia,38.158918,15.351874
San Piero Patti,ME,Messina,Sicilia,38.05215,14.967069
San Pietro a Maida,CZ,Catanzaro,Calabria,38.846804,16.343454
San Pietro al Natisone,UD,Udine,Friuli-Venezia Giulia,46.126725,13.485233
San Pietro al Tanagro,SA,Salerno,Campania,40.456811,15.480662
San Pietro Apostolo,CZ,Catanzaro,Calabria,39.004389,16.468401
San Pietro Avellana,IS,Isernia,Molise,41.790629,14.182216
San Pietro Clarenza,CT,Catania,Sicilia,37.568853,15.022886
San Pietro di Cadore,BL,Belluno,Veneto,46.571176,12.586118
San Pietro di Caridà,RC,Reggio Calabria,Calabria,38.523678,16.135299
San Pietro di Feletto,TV,Treviso,Veneto,45.908889,12.240595
San Pietro di Morubio,VR,Verona,Veneto,45.242986,11.228187
San Pietro in Amantea,CS,Cosenza,Calabria,39.136389,16.111592
San Pietro in Cariano,VR,Verona,Veneto,45.520913,10.886377
San Pietro in Casale,BO,Bologna,Emilia-Romagna,44.699052,11.402926
San Pietro in Cerro,PC,Piacenza,Emilia-Romagna,45.021367,9.949872
San Pietro in Gu,PD,Padova,Veneto,45.614086,11.669394
San Pietro in Guarano,CS,Cosenza,Calabria,39.342094,16.311247
San Pietro in Lama,LE,Lecce,Puglia,40.308426,18.128623
San Pietro Infine,CE,Caserta,Campania,41.44592,13.961516
San Pietro Mosezzo,NO,Novara,Piemonte,45.455881,8.54419
San Pietro Mussolino,VI,Vicenza,Veneto,45.586304,11.256077
San Pietro Val Lemina,TO,Torino,Piemonte,44.90654,7.310917
San Pietro Vernotico,BR,Brindisi,Puglia,40.491529,17.998918
San Pietro Viminario,PD,Padova,Veneto,45.245244,11.818641
San Pio delle Camere,AQ,L'Aquila,Abruzzo,42.286172,13.657972
San Polo d'Enza,RE,Reggio nell'Emilia,Emilia-Romagna,44.625862,10.422287
San Polo dei Cavalieri,RM,Roma,Lazio,42.009533,12.838404
San Polo di Piave,TV,Treviso,Veneto,45.790108,12.394775
San Polo Matese,CB,Campobasso,Molise,41.459324,14.493428
San Ponso,TO,Torino,Piemonte,45.350754,7.670316
San Possidonio,MO,Modena,Emilia-Romagna,44.892089,10.996136
San Potito Sannitico,CE,Caserta,Campania,41.337736,14.392902
San Potito Ultra,AV,Avellino,Campania,40.928116,14.873051
San Prisco,CE,Caserta,Campania,41.087115,14.278228
San Procopio,RC,Reggio Calabria,Calabria,38.281172,15.890397
San Prospero,MO,Modena,Emilia-Romagna,44.789671,11.0221
San Quirico d'Orcia,SI,Siena,Toscana,43.059335,11.604409
San Quirino,PN,Pordenone,Friuli-Venezia Giulia,46.036167,12.68004
San Raffaele Cimena,TO,Torino,Piemonte,45.146651,7.849324
San Roberto,RC,Reggio Calabria,Calabria,38.211269,15.736594
San Rocco al Porto,LO,Lodi,Lombardia,45.081966,9.697165
San Romano in Garfagnana,LU,Lucca,Toscana,44.169669,10.347051
San Rufo,SA,Salerno,Campania,40.43451,15.463662
San Salvatore di Fitalia,ME,Messina,Sicilia,38.071713,14.777616
San Salvatore Monferrato,AL,Alessandria,Piemonte,44.994154,8.565942
San Salvatore Telesino,BN,Benevento,Campania,41.236019,14.499131
San Salvo,CH,Chieti,Abruzzo,42.043326,14.72723
San Sebastiano al Vesuvio,NA,Napoli,Campania,40.843565,14.36995
San Sebastiano Curone,AL,Alessandria,Piemonte,44.785816,9.064654
San Sebastiano da Po,TO,Torino,Piemonte,45.167552,7.957226
San Secondo di Pinerolo,TO,Torino,Piemonte,44.867222,7.298167
San Secondo Parmense,PR,Parma,Emilia-Romagna,44.92016,10.229558
San Severino Lucano,PZ,Potenza,Basilicata,40.020607,16.137882
San Severino Marche,MC,Macerata,Marche,43.229021,13.177966
San Severo,FG,Foggia,Puglia,41.689776,15.377621
San Siro,CO,Como,Lombardia,45.4782,9.123964
San Sossio Baronia,AV,Avellino,Campania,41.071221,15.200548
San Sostene,CZ,Catanzaro,Calabria,38.637882,16.487106
San Sosti,CS,Cosenza,Calabria,39.660948,16.028228
San Sperate,SU,Sud Sardegna,Sardegna,39.358739,9.006741
San Stino di Livenza,VE,Venezia,Veneto,45.731078,12.680008
San Tammaro,CE,Caserta,Campania,41.075902,14.231671
San Teodoro,ME,Messina,Sicilia,37.847208,14.7001
San Teodoro,SS,Sassari,Sardegna,40.770511,9.673923
San Tomaso Agordino,BL,Belluno,Veneto,46.388481,11.972806
San Valentino in Abruzzo Citeriore,PE,Pescara,Abruzzo,42.233037,13.985606
San Valentino Torio,SA,Salerno,Campania,40.793011,14.598039
San Venanzo,TR,Terni,Umbria,42.869337,12.269859
San Vendemiano,TV,Treviso,Veneto,45.890746,12.333844
San Vero Milis,OR,Oristano,Sardegna,40.014548,8.598224
San Vincenzo,LI,Livorno,Toscana,43.100695,10.538791
San Vincenzo La Costa,CS,Cosenza,Calabria,39.365194,16.15169
San Vincenzo Valle Roveto,AQ,L'Aquila,Abruzzo,41.828184,13.527427
San Vitaliano,NA,Napoli,Campania,40.927213,14.480134
San Vito,SU,Sud Sardegna,Sardegna,39.443245,9.540751
San Vito al Tagliamento,PN,Pordenone,Friuli-Venezia Giulia,45.914504,12.856596
San Vito al Torre,UD,Udine,Friuli-Venezia Giulia,45.895798,13.370587
San Vito Chietino,CH,Chieti,Abruzzo,42.296042,14.444515
San Vito dei Normanni,BR,Brindisi,Puglia,40.656248,17.703752
San Vito di Cadore,BL,Belluno,Veneto,46.458966,12.205742
San Vito di Fagagna,UD,Udine,Friuli-Venezia Giulia,46.090621,13.067024
San Vito di Leguzzano,VI,Vicenza,Veneto,45.681552,11.37629
San Vito Lo Capo,TP,Trapani,Sicilia,38.172347,12.734932
San Vito Romano,RM,Roma,Lazio,41.879821,12.979389
San Vito sullo Ionio,CZ,Catanzaro,Calabria,38.711783,16.409703
San Vittore del Lazio,FR,Frosinone,Lazio,41.461148,13.931401
San Vittore Olona,MI,Milano,Lombardia,45.586091,8.942696
San Zeno di Montagna,VR,Verona,Veneto,45.631445,10.725449
San Zeno Naviglio,BS,Brescia,Lombardia,45.491572,10.217058
San Zenone al Lambro,MI,Milano,Lombardia,45.327269,9.355253
San Zenone al Po,PV,Pavia,Lombardia,45.108564,9.361758
San Zenone degli Ezzelini,TV,Treviso,Veneto,45.778944,11.840513
Sanarica,LE,Lecce,Puglia,40.089123,18.348731
Sandigliano,BI,Biella,Piemonte,45.518562,8.077522
Sandrigo,VI,Vicenza,Veneto,45.660608,11.602928
Sanfrè,CN,Cuneo,Piemonte,44.749384,7.803374
Sanfront,CN,Cuneo,Piemonte,44.647034,7.321022
Sangano,TO,Torino,Piemonte,45.026144,7.448118
Sangiano,VA,Varese,Lombardia,45.875076,8.633327
Sangineto,CS,Cosenza,Calabria,39.604797,15.914882
Sanguinetto,VR,Verona,Veneto,45.184501,11.151136
Sanluri,SU,Sud Sardegna,Sardegna,39.562642,8.898636
Sannazzaro de' Burgondi,PV,Pavia,Lombardia,45.102259,8.906348
Sannicandro di Bari,BA,Bari,Puglia,41.00052,16.797697
Sannicola,LE,Lecce,Puglia,40.091921,18.066124
Sanremo,IM,Imperia,Liguria,43.819825,7.774883
Sansepolcro,AR,Arezzo,Toscana,43.570078,12.140377
Sant'Agapito,IS,Isernia,Molise,41.544597,14.222944
Sant'Agata Bolognese,BO,Bologna,Emilia-Romagna,44.664169,11.134004
Sant'Agata de' Goti,BN,Benevento,Campania,41.088538,14.503793
Sant'Agata del Bianco,RC,Reggio Calabria,Calabria,38.092788,16.083088
Sant'Agata di Esaro,CS,Cosenza,Calabria,39.622798,15.983783
Sant'Agata di Militello,ME,Messina,Sicilia,38.068062,14.633334
Sant'Agata di Puglia,FG,Foggia,Puglia,41.151824,15.380251
Sant'Agata Feltria,RN,Rimini,Emilia-Romagna,43.864302,12.207999
Sant'Agata Fossili,AL,Alessandria,Piemonte,44.784752,8.921154
Sant'Agata li Battiati,CT,Catania,Sicilia,37.558273,15.080813
Sant'Agata sul Santerno,RA,Ravenna,Emilia-Romagna,44.44217,11.860124
Sant'Agnello,NA,Napoli,Campania,40.630006,14.397136
Sant'Albano Stura,CN,Cuneo,Piemonte,44.508934,7.722333
Sant'Alessio con Vialone,PV,Pavia,Lombardia,45.224687,9.229855
Sant'Alessio in Aspromonte,RC,Reggio Calabria,Calabria,38.172569,15.757795
Sant'Alessio Siculo,ME,Messina,Sicilia,37.924494,15.349288
Sant'Alfio,CT,Catania,Sicilia,37.74158,15.142905
Sant'Ambrogio di Torino,TO,Torino,Piemonte,45.099445,7.362315
Sant'Ambrogio di Valpolicella,VR,Verona,Veneto,45.522113,10.834443
Sant'Ambrogio sul Garigliano,FR,Frosinone,Lazio,41.389018,13.871515
Sant'Anastasia,NA,Napoli,Campania,40.866911,14.404833
Sant'Anatolia di Narco,PG,Perugia,Umbria,42.733758,12.835586
Sant'Andrea Apostolo dello Ionio,CZ,Catanzaro,Calabria,38.622582,16.528307
Sant'Andrea del Garigliano,FR,Frosinone,Lazio,41.367217,13.840915
Sant'Andrea di Conza,AV,Avellino,Campania,40.844818,15.369655
Sant'Andrea Frius,SU,Sud Sardegna,Sardegna,39.477858,9.170254
Sant'Angelo a Cupolo,BN,Benevento,Campania,41.069118,14.80374
Sant'Angelo a Fasanella,SA,Salerno,Campania,40.45681,15.341459
Sant'Angelo a Scala,AV,Avellino,Campania,40.974575,14.740186
Sant'Angelo all'Esca,AV,Avellino,Campania,41.006618,14.993045
Sant'Angelo d'Alife,CE,Caserta,Campania,41.3592,14.263586
Sant'Angelo dei Lombardi,AV,Avellino,Campania,40.92703,15.177524
Sant'Angelo del Pesco,IS,Isernia,Molise,41.882631,14.254917
Sant'Angelo di Brolo,ME,Messina,Sicilia,38.113879,14.882663
Sant'Angelo di Piove di Sacco,PD,Padova,Veneto,45.345315,12.007022
Sant'Angelo in Pontano,MC,Macerata,Marche,43.098644,13.396756
Sant'Angelo in Vado,PU,Pesaro e Urbino,Marche,43.663161,12.405361
Sant'Angelo Le Fratte,PZ,Potenza,Basilicata,40.545913,15.558963
Sant'Angelo Limosano,CB,Campobasso,Molise,41.69333,14.603427
Sant'Angelo Lodigiano,LO,Lodi,Lombardia,45.238067,9.408656
Sant'Angelo Lomellina,PV,Pavia,Lombardia,45.247061,8.644439
Sant'Angelo Muxaro,AG,Agrigento,Sicilia,37.479015,13.544316
Sant'Angelo Romano,RM,Roma,Lazio,42.035122,12.712681
Sant'Anna Arresi,SU,Sud Sardegna,Sardegna,39.00183,8.646339
Sant'Anna d'Alfaedo,VR,Verona,Veneto,45.627457,10.95155
Sant'Antimo,NA,Napoli,Campania,40.945711,14.231429
Sant'Antioco,SU,Sud Sardegna,Sardegna,39.064829,8.456296
Sant'Antonino di Susa,TO,Torino,Piemonte,45.107044,7.273613
Sant'Antonio Abate,NA,Napoli,Campania,40.723709,14.546538
Sant'Antonio di Gallura,SS,Sassari,Sardegna,40.991772,9.301041
Sant'Apollinare,FR,Frosinone,Lazio,41.402718,13.831614
Sant'Arcangelo,PZ,Potenza,Basilicata,40.247312,16.271182
Sant'Arcangelo Trimonte,BN,Benevento,Campania,41.165512,14.939038
Sant'Arpino,CE,Caserta,Campania,40.959512,14.248929
Sant'Arsenio,SA,Salerno,Campania,40.472911,15.484562
Sant'Egidio alla Vibrata,TE,Teramo,Abruzzo,42.821048,13.717891
Sant'Egidio del Monte Albino,SA,Salerno,Campania,40.733842,14.597044
Sant'Elena,PD,Padova,Veneto,45.187341,11.71205
Sant'Elena Sannita,IS,Isernia,Molise,41.575842,14.469593
Sant'Elia a Pianisi,CB,Campobasso,Molise,41.62043,14.875234
Sant'Elia Fiumerapido,FR,Frosinone,Lazio,41.539107,13.866147
Sant'Elpidio a Mare,FM,Fermo,Marche,43.23474,13.687852
Sant'Eufemia a Maiella,PE,Pescara,Abruzzo,42.126135,14.026508
Sant'Eufemia d'Aspromonte,RC,Reggio Calabria,Calabria,38.263471,15.854796
Sant'Eusanio del Sangro,CH,Chieti,Abruzzo,42.168938,14.327114
Sant'Eusanio Forconese,AQ,L'Aquila,Abruzzo,42.288218,13.524417
Sant'Ilario d'Enza,RE,Reggio nell'Emilia,Emilia-Romagna,44.760505,10.449892
Sant'Ilario dello Ionio,RC,Reggio Calabria,Calabria,38.218773,16.195604
Sant'Ippolito,PU,Pesaro e Urbino,Marche,43.685715,12.871689
Sant'Olcese,GE,Genova,Liguria,44.490864,8.97054
Sant'Omero,TE,Teramo,Abruzzo,42.786672,13.801764
Sant'Omobono Terme,BG,Bergamo,Lombardia,45.811687,9.535963
Sant'Onofrio,VV,Vibo Valentia,Calabria,38.694981,16.144097
Sant'Oreste,RM,Roma,Lazio,42.234792,12.518905
Sant'Orsola Terme,TN,Trento,Trentino-Alto Adige/Südtirol,46.108138,11.302706
Sant'Urbano,PD,Padova,Veneto,45.13305,11.635956
Santa Brigida,BG,Bergamo,Lombardia,45.984547,9.621791
Santa Caterina Albanese,CS,Cosenza,Calabria,39.586119,16.070479
Santa Caterina dello Ionio,CZ,Catanzaro,Calabria,38.532681,16.522007
Santa Caterina Villarmosa,CL,Caltanissetta,Sicilia,37.591147,14.036265
Santa Cesarea Terme,LE,Lecce,Puglia,40.036323,18.456834
Santa Cristina d'Aspromonte,RC,Reggio Calabria,Calabria,38.255372,15.970499
Santa Cristina e Bissone,PV,Pavia,Lombardia,45.154392,9.418996
Santa Cristina Gela,PA,Palermo,Sicilia,37.984932,13.328096
Santa Cristina Valgardena,BZ,Bolzano/Bozen,Trentino-Alto Adige/Südtirol,46.558875,11.720036
Santa Croce Camerina,RG,Ragusa,Sicilia,36.827897,14.525538
Santa Croce del Sannio,BN,Benevento,Campania,41.387456,14.732203
Santa Croce di Magliano,CB,Campobasso,Molise,41.71241,14.993378
Santa Croce sull'Arno,PI,Pisa,Toscana,43.710108,10.781941
Santa Domenica Talao,CS,Cosenza,Calabria,39.819501,15.854578
Santa Domenica Vittoria,ME,Messina,Sicilia,37.916744,14.962592
Santa Elisabetta,AG,Agrigento,Sicilia,37.43246,13.556235
Santa Fiora,GR,Grosseto,Toscana,42.831581,11.585866
Santa Flavia,PA,Palermo,Sicilia,38.081331,13.52544
Santa Giuletta,PV,Pavia,Lombardia,45.033836,9.181503
Santa Giusta,OR,Oristano,Sardegna,39.878178,8.609973
Santa Giustina,BL,Belluno,Veneto,46.083884,12.043238
Santa Giustina in Colle,PD,Padova,Veneto,45.563698,11.906406
Santa Luce,PI,Pisa,Toscana,43.472336,10.563512
Santa Lucia del Mela,ME,Messina,Sicilia,38.143461,15.280676
Santa Lucia di Piave,TV,Treviso,Veneto,45.849186,12.284264
Santa Lucia di Serino,AV,Avellino,Campania,40.870415,14.875944
Santa Margherita di Belice,AG,Agrigento,Sicilia,37.691841,13.020143
Santa Margherita di Staffora,PV,Pavia,Lombardia,44.76484,9.254617
Santa Margherita Ligure,GE,Genova,Liguria,44.333976,9.211127
Santa Maria a Monte,PI,Pisa,Toscana,43.698064,10.692998
Santa Maria a Vico,CE,Caserta,Campania,41.026857,14.465186
Santa Maria Capua Vetere,CE,Caserta,Campania,41.079922,14.256397
Santa Maria Coghinas,SS,Sassari,Sardegna,40.904267,8.868616
Santa Maria del Cedro,CS,Cosenza,Calabria,39.746199,15.836379
Santa Maria del Molise,IS,Isernia,Molise,41.552725,14.368224
Santa Maria della Versa,PV,Pavia,Lombardia,44.986177,9.300198
Santa Maria di Licodia,CT,Catania,Sicilia,37.61642,14.887493
Santa Maria di Sala,VE,Venezia,Veneto,45.505036,12.033868
Santa Maria Hoè,LC,Lecco,Lombardia,45.744389,9.375011
Santa Maria Imbaro,CH,Chieti,Abruzzo,42.21774,14.449216
Santa Maria la Carità,NA,Napoli,Campania,40.721003,14.51282
Santa Maria la Fossa,CE,Caserta,Campania,41.091714,14.128224
Santa Maria la Longa,UD,Udine,Friuli-Venezia Giulia,45.933052,13.288023
Santa Maria Maggiore,VB,Verbano-Cusio-Ossola,Piemonte,46.134955,8.467278
Santa Maria Nuova,AN,Ancona,Marche,43.49406,13.311672
Santa Marina,SA,Salerno,Campania,40.104304,15.540468
Santa Marina Salina,ME,Messina,Sicilia,38.56117,14.870772
Santa Marinella,RM,Roma,Lazio,42.03534,11.868308
Santa Ninfa,TP,Trapani,Sicilia,37.771342,12.877639
Santa Paolina,AV,Avellino,Campania,41.021718,14.847241
Santa Severina,KR,Crotone,Calabria,39.147901,16.912776
Santa Sofia,FC,Forlì-Cesena,Emilia-Romagna,43.947267,11.908451
Santa Sofia d'Epiro,CS,Cosenza,Calabria,39.54709,16.329117
Santa Teresa di Riva,ME,Messina,Sicilia,37.946962,15.367689
Santa Teresa Gallura,SS,Sassari,Sardegna,41.241377,9.188518
Santa Venerina,CT,Catania,Sicilia,37.688971,15.142661
Santa Vittoria d'Alba,CN,Cuneo,Piemonte,44.698641,7.937334
Santa Vittoria in Matenano,FM,Fermo,Marche,43.019379,13.496035
Santadi,SU,Sud Sardegna,Sardegna,39.091832,8.716439
Santarcangelo di Romagna,RN,Rimini,Emilia-Romagna,44.063382,12.446702
Sante Marie,AQ,L'Aquila,Abruzzo,42.102278,13.204774
Santena,TO,Torino,Piemonte,44.949111,7.771811
Santeramo in Colle,BA,Bari,Puglia,40.793027,16.755286
Santhià,VC,Vercelli,Piemonte,45.366259,8.172627
Santi Cosma e Damiano,LT,Latina,Lazio,41.892085,12.48748
Santo Stefano al Mare,IM,Imperia,Liguria,43.838321,7.893249
Santo Stefano Belbo,CN,Cuneo,Piemonte,44.70774,8.230731
Santo Stefano d'Aveto,GE,Genova,Liguria,44.54733,9.450177
Santo Stefano del Sole,AV,Avellino,Campania,40.893915,14.868543
Santo Stefano di Cadore,BL,Belluno,Veneto,46.557938,12.549142
Santo Stefano di Camastra,ME,Messina,Sicilia,38.015444,14.349027
Santo Stefano di Magra,SP,La Spezia,Liguria,44.165099,9.91733
Santo Stefano di Rogliano,CS,Cosenza,Calabria,39.192492,16.318196
Santo Stefano di Sessanio,AQ,L'Aquila,Abruzzo,42.343876,13.644177
Santo Stefano in Aspromonte,RC,Reggio Calabria,Calabria,38.169169,15.789196
Santo Stefano Lodigiano,LO,Lodi,Lombardia,45.120066,9.735614
Santo Stefano Quisquina,AG,Agrigento,Sicilia,37.625027,13.49076
Santo Stefano Roero,CN,Cuneo,Piemonte,44.788443,7.940933
Santo Stefano Ticino,MI,Milano,Lombardia,45.487263,8.918626
Santomenna,SA,Salerno,Campania,40.808317,15.321454
Santopadre,FR,Frosinone,Lazio,41.603066,13.63496
Santorso,VI,Vicenza,Veneto,45.737299,11.390321
Santu Lussurgiu,OR,Oristano,Sardegna,40.141686,8.651038
Sanza,SA,Salerno,Campania,40.244607,15.552666
Sanzeno,TN,Trento,Trentino-Alto Adige/Südtirol,46.379233,11.071511
Saonara,PD,Padova,Veneto,45.370221,11.984066
Saponara,ME,Messina,Sicilia,38.19382,15.434458
Sappada,UD,Udine,Friuli-Venezia Giulia,46.567794,12.68638
Sapri,SA,Salerno,Campania,40.075078,15.629775
Saracena,CS,Cosenza,Calabria,39.776837,16.156472
Saracinesco,RM,Roma,Lazio,42.003863,12.95287
Sarcedo,VI,Vicenza,Veneto,45.707921,11.526038
Sarconi,PZ,Potenza,Basilicata,40.247891,15.890397
Sardara,SU,Sud Sardegna,Sardegna,39.616442,8.820634
Sardigliano,AL,Alessandria,Piemonte,44.752885,8.896325
Sarego,VI,Vicenza,Veneto,45.408121,11.405559
Sarentino,BZ,Bolzano/Bozen,Trentino-Alto Adige/Südtirol,46.695259,11.387379
Sarezzano,AL,Alessandria,Piemonte,44.867612,8.912663
Sarezzo,BS,Brescia,Lombardia,45.66187,10.195876
Sarmato,PC,Piacenza,Emilia-Romagna,45.059814,9.491398
Sarmede,TV,Treviso,Veneto,45.978878,12.386088
Sarnano,MC,Macerata,Marche,43.03538,13.29831
Sarnico,BG,Bergamo,Lombardia,45.670143,9.963513
Sarno,SA,Salerno,Campania,40.810811,14.619839
Sarnonico,TN,Trento,Trentino-Alto Adige/Südtirol,46.418728,11.140792
Saronno,VA,Varese,Lombardia,45.625676,9.037328
Sarre,AO,Valle d'Aosta/Vallée d'Aoste,Valle d'Aosta/Vallée d'Aoste,45.716798,7.259154
Sarroch,CA,Cagliari,Sardegna,39.067234,9.009445
Sarsina,FC,Forlì-Cesena,Emilia-Romagna,43.918758,12.143258
Sarteano,SI,Siena,Toscana,42.989911,11.868732
Sartirana Lomellina,PV,Pavia,Lombardia,45.113845,8.664244
Sarule,NU,Nuoro,Sardegna,40.22912,9.167342
Sarzana,SP,La Spezia,Liguria,44.111872,9.958746
Sassano,SA,Salerno,Campania,40.337709,15.563066
Sassari,SS,Sassari,Sardegna,40.7778,8.921997
Sassello,SV,Savona,Liguria,44.47897,8.490171
Sassetta,LI,Livorno,Toscana,43.128991,10.643908
Sassinoro,BN,Benevento,Campania,41.374724,14.664532
Sasso di Castalda,PZ,Potenza,Basilicata,40.488266,15.677963
Sasso Marconi,BO,Bologna,Emilia-Romagna,44.399632,11.247554
Sassocorvaro Auditore,PU,Pesaro e Urbino,Marche,43.810262,12.540175
Sassofeltrio,RN,Rimini,Emilia-Romagna,,
Sassoferrato,AN,Ancona,Marche,43.432655,12.857263
Sassuolo,MO,Modena,Emilia-Romagna,44.540977,10.782902
Satriano,CZ,Catanzaro,Calabria,38.666883,16.481205
Satriano di Lucania,PZ,Potenza,Basilicata,40.543914,15.638265
Sauris,UD,Udine,Friuli-Venezia Giulia,46.465366,12.708717
Sauze d'Oulx,TO,Torino,Piemonte,45.027027,6.858346
Sauze di Cesana,TO,Torino,Piemonte,44.940736,6.859007
Sava,TA,Taranto,Puglia,40.403424,17.558409
Savelli,KR,Crotone,Calabria,39.310837,16.778523
Saviano,NA,Napoli,Campania,40.905613,14.505035
Savigliano,CN,Cuneo,Piemonte,44.644037,7.655929
Savignano Irpino,AV,Avellino,Campania,41.228524,15.179246
Savignano sul Panaro,MO,Modena,Emilia-Romagna,44.480538,11.035109
Savignano sul Rubicone,FC,Forlì-Cesena,Emilia-Romagna,44.092512,12.399131
Savignone,GE,Genova,Liguria,44.564143,8.989596
Saviore dell'Adamello,BS,Brescia,Lombardia,46.080497,10.399663
Savoca,ME,Messina,Sicilia,37.955859,15.339322
Savogna,UD,Udine,Friuli-Venezia Giulia,46.180223,13.552163
Savogna d'Isonzo,GO,Gorizia,Friuli-Venezia Giulia,45.905882,13.574864
Savoia di Lucania,PZ,Potenza,Basilicata,40.569813,15.552562
Savona,SV,Savona,Liguria,44.233424,8.252573
Scafa,PE,Pescara,Abruzzo,42.267138,13.999806
Scafati,SA,Salerno,Campania,40.749989,14.526949
Scagnello,CN,Cuneo,Piemonte,44.333333,7.986442
Scala,SA,Salerno,Campania,40.653614,14.607792
Scala Coeli,CS,Cosenza,Calabria,39.449801,16.885405
Scaldasole,PV,Pavia,Lombardia,45.124984,8.909653
Scalea,CS,Cosenza,Calabria,39.81666,15.790547
Scalenghe,TO,Torino,Piemonte,44.891741,7.492521
Scaletta Zanclea,ME,Messina,Sicilia,38.045591,15.462916
Scampitella,AV,Avellino,Campania,41.092522,15.29995
Scandale,KR,Crotone,Calabria,39.122213,16.964123
Scandiano,RE,Reggio nell'Emilia,Emilia-Romagna,44.599345,10.687838
Scandicci,FI,Firenze,Toscana,43.75671,11.184762
Scandolara Ravara,CR,Cremona,Lombardia,45.05312,10.3017
Scandolara Ripa d'Oglio,CR,Cremona,Lombardia,45.221074,10.159773
Scandriglia,RI,Rieti,Lazio,42.165533,12.841925
Scanno,AQ,L'Aquila,Abruzzo,41.903861,13.880213
Scano di Montiferro,OR,Oristano,Sardegna,40.21633,8.584092
Scansano,GR,Grosseto,Toscana,42.688369,11.335453
Scanzano Jonico,MT,Matera,Basilicata,40.249792,16.69804
Scanzorosciate,BG,Bergamo,Lombardia,45.710782,9.735055
Scapoli,IS,Isernia,Molise,41.615524,14.058716
Scarlino,GR,Grosseto,Toscana,42.907402,10.851975
Scarmagno,TO,Torino,Piemonte,45.384456,7.841119
Scarnafigi,CN,Cuneo,Piemonte,44.67881,7.56595
Scarperia e San Piero,FI,Firenze,Toscana,44.010965,11.33135
Scena,BZ,Bolzano/Bozen,Trentino-Alto Adige/Südtirol,46.690046,11.186563
Scerni,CH,Chieti,Abruzzo,42.111798,14.570095
Scheggia e Pascelupo,PG,Perugia,Umbria,43.418266,12.712678
Scheggino,PG,Perugia,Umbria,42.712556,12.831366
Schiavi di Abruzzo,CH,Chieti,Abruzzo,41.815132,14.485823
Schiavon,VI,Vicenza,Veneto,45.697709,11.644283
Schignano,CO,Como,Lombardia,45.926245,9.103091
Schilpario,BG,Bergamo,Lombardia,46.008793,10.157759
Schio,VI,Vicenza,Veneto,45.711351,11.355359
Schivenoglia,MN,Mantova,Lombardia,44.995094,11.072981
Sciacca,AG,Agrigento,Sicilia,37.506479,13.082332
Sciara,PA,Palermo,Sicilia,37.914892,13.762343
Scicli,RG,Ragusa,Sicilia,36.79357,14.706964
Scido,RC,Reggio Calabria,Calabria,38.243571,15.932698
Scigliano,CS,Cosenza,Calabria,39.128688,16.308213
Scilla,RC,Reggio Calabria,Calabria,38.25067,15.718993
Scillato,PA,Palermo,Sicilia,37.856724,13.906854
Sciolze,TO,Torino,Piemonte,45.09325,7.880426
Scisciano,NA,Napoli,Campania,40.916013,14.485735
Sclafani Bagni,PA,Palermo,Sicilia,37.821589,13.85478
Scontrone,AQ,L'Aquila,Abruzzo,41.746078,14.038684
Scopa,VC,Vercelli,Piemonte,45.792678,8.113367
Scopello,VC,Vercelli,Piemonte,45.772756,8.094058
Scoppito,AQ,L'Aquila,Abruzzo,42.372612,13.255359
Scordia,CT,Catania,Sicilia,37.296429,14.846239
Scorrano,LE,Lecce,Puglia,40.091623,18.299629
Scorzè,VE,Venezia,Veneto,45.571354,12.108383
Scurcola Marsicana,AQ,L'Aquila,Abruzzo,42.063128,13.339194
Scurelle,TN,Trento,Trentino-Alto Adige/Südtirol,46.064466,11.505931
Scurzolengo,AT,Asti,Piemonte,44.965799,8.278499
Seborga,IM,Imperia,Liguria,43.826419,7.694545
Secinaro,AQ,L'Aquila,Abruzzo,42.152933,13.6807
Seclì,LE,Lecce,Puglia,40.130126,18.100507
Secugnago,LO,Lodi,Lombardia,45.232869,9.59346
Sedegliano,UD,Udine,Friuli-Venezia Giulia,46.014371,12.97743
Sedico,BL,Belluno,Veneto,46.11098,12.097154
Sedilo,OR,Oristano,Sardegna,40.173151,8.919122
Sedini,SS,Sassari,Sardegna,40.852266,8.815716
Sedriano,MI,Milano,Lombardia,45.488333,8.968731
Sedrina,BG,Bergamo,Lombardia,45.781783,9.624051
Sefro,MC,Macerata,Marche,43.147246,12.94863
Segariu,SU,Sud Sardegna,Sardegna,39.564443,8.981638
Seggiano,GR,Grosseto,Toscana,42.928832,11.558242
Segni,RM,Roma,Lazio,41.692025,13.023349
Segonzano,TN,Trento,Trentino-Alto Adige/Südtirol,46.192637,11.281873
Segrate,MI,Milano,Lombardia,45.490735,9.29482
Segusino,TV,Treviso,Veneto,45.916678,11.953895
Selargius,CA,Cagliari,Sardegna,39.25695,9.167554
Selci,RI,Rieti,Lazio,42.320677,12.621188
Selegas,SU,Sud Sardegna,Sardegna,39.567844,9.10414
Sella Giudicarie,TN,Trento,Trentino-Alto Adige/Südtirol,46.022676,10.633704
Sellano,PG,Perugia,Umbria,42.888409,12.926329
Sellero,BS,Brescia,Lombardia,46.055989,10.34399
Sellia,CZ,Catanzaro,Calabria,38.982284,16.629684
Sellia Marina,CZ,Catanzaro,Calabria,38.899625,16.74433
Selva dei Molini,BZ,Bolzano/Bozen,Trentino-Alto Adige/Südtirol,46.890747,11.85666
Selva di Cadore,BL,Belluno,Veneto,46.451386,12.034525
Selva di Progno,VR,Verona,Veneto,45.61139,11.138603
Selva di Val Gardena,BZ,Bolzano/Bozen,Trentino-Alto Adige/Südtirol,46.552588,11.766541
Selvazzano Dentro,PD,Padova,Veneto,45.38979,11.785892
Selvino,BG,Bergamo,Lombardia,45.781144,9.751675
Semestene,SS,Sassari,Sardegna,40.398456,8.725421
Semiana,PV,Pavia,Lombardia,45.137475,8.729267
Seminara,RC,Reggio Calabria,Calabria,38.335093,15.871255
Semproniano,GR,Grosseto,Toscana,42.730658,11.540346
Senago,MI,Milano,Lombardia,45.576272,9.124548
Senale-San Felice,BZ,Bolzano/Bozen,Trentino-Alto Adige/Südtirol,46.509531,11.137327
Senales,BZ,Bolzano/Bozen,Trentino-Alto Adige/Südtirol,46.727724,10.862756
Seneghe,OR,Oristano,Sardegna,40.082249,8.615723
Senerchia,AV,Avellino,Campania,40.74039,15.200979
Seniga,BS,Brescia,Lombardia,45.242674,10.177973
Senigallia,AN,Ancona,Marche,43.714906,13.217742
Senis,OR,Oristano,Sardegna,39.824147,8.940033
Senise,PZ,Potenza,Basilicata,40.147158,16.289501
Senna Comasco,CO,Como,Lombardia,45.762977,9.11104
Senna Lodigiana,LO,Lodi,Lombardia,45.151667,9.593862
Sennariolo,OR,Oristano,Sardegna,40.212673,8.555178
Sennori,SS,Sassari,Sardegna,40.789446,8.591659
Senorbì,SU,Sud Sardegna,Sardegna,39.535044,9.130141
Sepino,CB,Campobasso,Molise,41.408024,14.618331
Sequals,PN,Pordenone,Friuli-Venezia Giulia,46.165522,12.828776
Seravezza,LU,Lucca,Toscana,43.994721,10.225772
Serdiana,SU,Sud Sardegna,Sardegna,39.374241,9.158944
Seregno,MB,Monza e della Brianza,Lombardia,45.649723,9.205392
Seren del Grappa,BL,Belluno,Veneto,45.989755,11.8449
Sergnano,CR,Cremona,Lombardia,45.428875,9.701659
Seriate,BG,Bergamo,Lombardia,45.684371,9.717998
Serina,BG,Bergamo,Lombardia,45.871941,9.729336
Serino,AV,Avellino,Campania,40.856714,14.870566
Serle,BS,Brescia,Lombardia,45.570284,10.366071
Sermide e Felonica,MN,Mantova,Lombardia,44.97833,11.29043
Sermoneta,LT,Latina,Lazio,41.549314,12.984893
Sernaglia della Battaglia,TV,Treviso,Veneto,45.874731,12.133162
Sernio,SO,Sondrio,Lombardia,46.224535,10.204097
Serole,AT,Asti,Piemonte,44.553887,8.259555
Serra d'Aiello,CS,Cosenza,Calabria,39.090288,16.127493
Serra de' Conti,AN,Ancona,Marche,43.54331,13.037191
Serra Riccò,GE,Genova,Liguria,44.518713,8.951623
Serra San Bruno,VV,Vibo Valentia,Calabria,38.574608,16.326074
Serra San Quirico,AN,Ancona,Marche,43.447683,13.01386
Serra Sant'Abbondio,PU,Pesaro e Urbino,Marche,43.491387,12.772197
Serracapriola,FG,Foggia,Puglia,41.811937,15.160238
Serradifalco,CL,Caltanissetta,Sicilia,37.453843,13.880463
Serralunga d'Alba,CN,Cuneo,Piemonte,44.610686,8.000556
Serralunga di Crea,AL,Alessandria,Piemonte,45.100254,8.282034
Serramanna,SU,Sud Sardegna,Sardegna,39.42404,8.923138
Serramazzoni,MO,Modena,Emilia-Romagna,44.422462,10.789147
Serramezzana,SA,Salerno,Campania,40.243948,15.032059
Serramonacesca,PE,Pescara,Abruzzo,42.249033,14.093233
Serrapetrona,MC,Macerata,Marche,43.17743,13.189752
Serrara Fontana,NA,Napoli,Campania,40.717945,13.893526
Serrastretta,CZ,Catanzaro,Calabria,39.013189,16.4163
Serrata,RC,Reggio Calabria,Calabria,38.512877,16.100699
Serravalle a Po,MN,Mantova,Lombardia,45.072885,11.100535
Serravalle di Chienti,MC,Macerata,Marche,43.071675,12.952386
Serravalle Langhe,CN,Cuneo,Piemonte,44.559239,8.058639
Serravalle Pistoiese,PT,Pistoia,Toscana,43.90585,10.83302
Serravalle Scrivia,AL,Alessandria,Piemonte,44.72558,8.8547
Serravalle Sesia,VC,Vercelli,Piemonte,45.685568,8.310924
Serre,SA,Salerno,Campania,40.582511,15.185554
Serrenti,SU,Sud Sardegna,Sardegna,39.492771,8.975228
Serri,SU,Sud Sardegna,Sardegna,39.701747,9.144139
Serrone,FR,Frosinone,Lazio,41.842121,13.095192
Sersale,CZ,Catanzaro,Calabria,39.010891,16.726907
Servigliano,FM,Fermo,Marche,43.081621,13.493764
Sessa Aurunca,CE,Caserta,Campania,41.236934,13.93473
Sessa Cilento,SA,Salerno,Campania,40.259204,15.075756
Sessame,AT,Asti,Piemonte,44.6695,8.337265
Sessano del Molise,IS,Isernia,Molise,41.638162,14.331565
Sesta Godano,SP,La Spezia,Liguria,44.293966,9.675716
Sestino,AR,Arezzo,Toscana,43.70835,12.296534
Sesto,BZ,Bolzano/Bozen,Trentino-Alto Adige/Südtirol,46.702743,12.350544
Sesto al Reghena,PN,Pordenone,Friuli-Venezia Giulia,45.847642,12.815531
Sesto Calende,VA,Varese,Lombardia,45.723955,8.634362
Sesto Campano,IS,Isernia,Molise,41.42042,14.077819
Sesto ed Uniti,CR,Cremona,Lombardia,45.186436,9.935128
Sesto Fiorentino,FI,Firenze,Toscana,43.831721,11.199224
Sesto San Giovanni,MI,Milano,Lombardia,45.535722,9.237655
Sestola,MO,Modena,Emilia-Romagna,44.230455,10.771404
Sestri Levante,GE,Genova,Liguria,44.271453,9.395863
Sestriere,TO,Torino,Piemonte,44.958453,6.878686
Sestu,CA,Cagliari,Sardegna,39.294248,9.092972
Settala,MI,Milano,Lombardia,45.454413,9.386766
Settefrati,FR,Frosinone,Lazio,41.669624,13.850011
Settime,AT,Asti,Piemonte,44.962466,8.11397
Settimo Milanese,MI,Milano,Lombardia,45.480309,9.055356
Settimo Rottaro,TO,Torino,Piemonte,45.407758,7.993522
Settimo San Pietro,CA,Cagliari,Sardegna,39.29174,9.185145
Settimo Torinese,TO,Torino,Piemonte,45.137335,7.771015
Settimo Vittone,TO,Torino,Piemonte,45.54976,7.832216
Settingiano,CZ,Catanzaro,Calabria,38.911388,16.513903
Setzu,SU,Sud Sardegna,Sardegna,39.722945,8.939235
Seui,SU,Sud Sardegna,Sardegna,39.840564,9.32123
Seulo,SU,Sud Sardegna,Sardegna,39.870412,9.235736
Seveso,MB,Monza e della Brianza,Lombardia,45.643466,9.137379
Sezzadio,AL,Alessandria,Piemonte,44.784849,8.572546
Sezze,LT,Latina,Lazio,41.498414,13.059217
Sfruz,TN,Trento,Trentino-Alto Adige/Südtirol,46.337155,11.115757
Sgonico,TS,Trieste,Friuli-Venezia Giulia,45.736024,13.748245
Sgurgola,FR,Frosinone,Lazio,41.670948,13.148909
Siamaggiore,OR,Oristano,Sardegna,39.950147,8.636025
Siamanna,OR,Oristano,Sardegna,39.920748,8.761028
Siano,SA,Salerno,Campania,40.804026,14.688432
Siapiccia,OR,Oristano,Sardegna,39.927948,8.762128
Sicignano degli Alburni,SA,Salerno,Campania,40.581042,15.300396
Siculiana,AG,Agrigento,Sicilia,37.338086,13.421996
Siddi,SU,Sud Sardegna,Sardegna,39.672198,8.888371
Siderno,RC,Reggio Calabria,Calabria,38.276163,16.29816
Siena,SI,Siena,Toscana,43.167225,11.467181
Sigillo,PG,Perugia,Umbria,43.33135,12.742284
Signa,FI,Firenze,Toscana,43.780693,11.096453
Silandro,BZ,Bolzano/Bozen,Trentino-Alto Adige/Südtirol,46.628069,10.773476
Silanus,NU,Nuoro,Sardegna,40.288864,8.890493
Silea,TV,Treviso,Veneto,45.65335,12.296098
Siligo,SS,Sassari,Sardegna,40.57648,8.727273
Siliqua,SU,Sud Sardegna,Sardegna,39.300237,8.808738
Silius,SU,Sud Sardegna,Sardegna,39.516745,9.293545
Sillano Giuncugnano,LU,Lucca,Toscana,44.254506,10.315717
Sillavengo,NO,Novara,Piemonte,45.520665,8.44103
Silvano d'Orba,AL,Alessandria,Piemonte,44.686915,8.67496
Silvano Pietra,PV,Pavia,Lombardia,45.04037,8.947606
Silvi,TE,Teramo,Abruzzo,42.548792,14.118769
Simala,OR,Oristano,Sardegna,39.721644,8.826732
Simaxis,OR,Oristano,Sardegna,39.930347,8.692127
Simbario,VV,Vibo Valentia,Calabria,38.612109,16.334919
Simeri Crichi,CZ,Catanzaro,Calabria,38.909644,16.656018
Sinagra,ME,Messina,Sicilia,38.083051,14.849338
Sinalunga,SI,Siena,Toscana,43.212124,11.736483
Sindia,NU,Nuoro,Sardegna,40.296216,8.656256
Sini,OR,Oristano,Sardegna,39.754146,8.904334
Sinio,CN,Cuneo,Piemonte,44.600339,8.019938
Siniscola,NU,Nuoro,Sardegna,40.571868,9.692238
Sinnai,CA,Cagliari,Sardegna,39.30424,9.203538
Sinopoli,RC,Reggio Calabria,Calabria,38.263771,15.878497
Siracusa,SR,Siracusa,Sicilia,37.064614,15.29072
Sirignano,AV,Avellino,Campania,40.951014,14.631594
Siris,OR,Oristano,Sardegna,39.712644,8.774832
Sirmione,BS,Brescia,Lombardia,45.468849,10.607824
Sirolo,AN,Ancona,Marche,43.524689,13.617846
Sirone,LC,Lecco,Lombardia,45.77268,9.322144
Sirtori,LC,Lecco,Lombardia,45.736579,9.330845
Sissa Trecasali,PR,Parma,Emilia-Romagna,44.945594,10.279947
Siurgus Donigala,SU,Sud Sardegna,Sardegna,39.600345,9.189041
Siziano,PV,Pavia,Lombardia,45.314367,9.20315
Sizzano,NO,Novara,Piemonte,45.577467,8.437329
Sluderno,BZ,Bolzano/Bozen,Trentino-Alto Adige/Südtirol,46.664538,10.584817
Smerillo,FM,Fermo,Marche,43.00515,13.444982
Soave,VR,Verona,Veneto,45.42023,11.247722
Socchieve,UD,Udine,Friuli-Venezia Giulia,46.39707,12.848054
Soddì,OR,Oristano,Sardegna,40.130453,8.878428
Sogliano al Rubicone,FC,Forlì-Cesena,Emilia-Romagna,44.004663,12.300541
Sogliano Cavour,LE,Lecce,Puglia,40.148823,18.195226
Soglio,AT,Asti,Piemonte,44.996298,8.078514
Soiano del Lago,BS,Brescia,Lombardia,45.527784,10.512675
Solagna,VI,Vicenza,Veneto,45.816721,11.71817
Solarino,SR,Siracusa,Sicilia,37.101214,15.119039
Solaro,MI,Milano,Lombardia,45.617526,9.081021
Solarolo,RA,Ravenna,Emilia-Romagna,44.360368,11.844525
Solarolo Rainerio,CR,Cremona,Lombardia,45.081572,10.35628
Solarussa,OR,Oristano,Sardegna,39.955747,8.671526
Solbiate Arno,VA,Varese,Lombardia,45.719056,8.814344
Solbiate con Cagno,CO,Como,Lombardia,45.800442,8.915405
Solbiate Olona,VA,Varese,Lombardia,45.651379,8.887751
Soldano,IM,Imperia,Liguria,43.829118,7.654844
Soleminis,SU,Sud Sardegna,Sardegna,39.347963,9.181708
Solero,AL,Alessandria,Piemonte,44.918498,8.511902
Solesino,PD,Padova,Veneto,45.177332,11.743372
Soleto,LE,Lecce,Puglia,40.187708,18.207372
Solferino,MN,Mantova,Lombardia,45.368581,10.566679
Soliera,MO,Modena,Emilia-Romagna,44.738103,10.924393
Solignano,PR,Parma,Emilia-Romagna,44.613057,9.97548
Solofra,AV,Avellino,Campania,40.829131,14.845652
Solonghello,AL,Alessandria,Piemonte,45.129054,8.283234
Solopaca,BN,Benevento,Campania,41.194566,14.553363
Solto Collina,BG,Bergamo,Lombardia,45.781784,10.025203
Solza,BG,Bergamo,Lombardia,45.677143,9.488937
Somaglia,LO,Lodi,Lombardia,45.14672,9.637931
Somano,CN,Cuneo,Piemonte,44.535338,8.007839
Somma Lombardo,VA,Varese,Lombardia,45.683621,8.707087
Somma Vesuviana,NA,Napoli,Campania,40.871615,14.436142
Sommacampagna,VR,Verona,Veneto,45.407784,10.840853
Sommariva del Bosco,CN,Cuneo,Piemonte,44.768741,7.78533
Sommariva Perno,CN,Cuneo,Piemonte,44.745642,7.900633
Sommatino,CL,Caltanissetta,Sicilia,37.334022,13.992959
Sommo,PV,Pavia,Lombardia,45.13065,9.083384
Sona,VR,Verona,Veneto,45.433438,10.832737
Soncino,CR,Cremona,Lombardia,45.398975,9.874424
Sondalo,SO,Sondrio,Lombardia,46.331392,10.324863
Sondrio,SO,Sondrio,Lombardia,46.323362,10.258414
Songavazzo,BG,Bergamo,Lombardia,45.879525,9.989516
Sonico,BS,Brescia,Lombardia,46.165499,10.35286
Sonnino,LT,Latina,Lazio,41.414272,13.24153
Sora,FR,Frosinone,Lazio,41.720336,13.613958
Soraga di Fassa,TN,Trento,Trentino-Alto Adige/Südtirol,46.394607,11.666168
Soragna,PR,Parma,Emilia-Romagna,44.926266,10.124178
Sorano,GR,Grosseto,Toscana,42.681466,11.713572
Sorbo San Basile,CZ,Catanzaro,Calabria,39.01939,16.569103
Sorbo Serpico,AV,Avellino,Campania,40.916928,14.887097
Sorbolo Mezzani,PR,Parma,Emilia-Romagna,44.900097,10.44216
Sordevolo,BI,Biella,Piemonte,45.573638,7.974245
Sordio,LO,Lodi,Lombardia,45.341143,9.365693
Soresina,CR,Cremona,Lombardia,45.286473,9.856965
Sorgà,VR,Verona,Veneto,45.2134,10.979362
Sorgono,NU,Nuoro,Sardegna,40.025952,9.102034
Sori,GE,Genova,Liguria,44.373374,9.104447
Sorianello,VV,Vibo Valentia,Calabria,38.59328,16.231901
Soriano Calabro,VV,Vibo Valentia,Calabria,38.596934,16.230355
Soriano nel Cimino,VT,Viterbo,Lazio,42.418761,12.234308
Sorico,CO,Como,Lombardia,46.172005,9.379666
Soriso,NO,Novara,Piemonte,45.741737,8.409703
Sorisole,BG,Bergamo,Lombardia,45.744579,9.661195
Sormano,CO,Como,Lombardia,45.877782,9.248741
Sorradile,OR,Oristano,Sardegna,40.106453,8.933029
Sorrento,NA,Napoli,Campania,40.624906,14.374836
Sorso,SS,Sassari,Sardegna,40.796595,8.57785
Sortino,SR,Siracusa,Sicilia,37.156854,15.027716
Sospiro,CR,Cremona,Lombardia,45.108571,10.157675
Sospirolo,BL,Belluno,Veneto,46.142372,12.074176
Sossano,VI,Vicenza,Veneto,45.358777,11.510029
Sostegno,BI,Biella,Piemonte,45.652854,8.269701
Sotto il Monte Giovanni XXIII,BG,Bergamo,Lombardia,45.705467,9.503737
Sover,TN,Trento,Trentino-Alto Adige/Südtirol,46.221709,11.315681
Soverato,CZ,Catanzaro,Calabria,38.687717,16.550044
Sovere,BG,Bergamo,Lombardia,45.820724,10.023098
Soveria Mannelli,CZ,Catanzaro,Calabria,39.08289,16.371898
Soveria Simeri,CZ,Catanzaro,Calabria,38.946589,16.680106
Soverzene,BL,Belluno,Veneto,46.203575,12.303055
Sovicille,SI,Siena,Toscana,43.280602,11.228176
Sovico,MB,Monza e della Brianza,Lombardia,45.648556,9.264837
Sovizzo,VI,Vicenza,Veneto,45.528028,11.445634
Sovramonte,BL,Belluno,Veneto,46.056824,11.788162
Sozzago,NO,Novara,Piemonte,45.398565,8.720338
Spadafora,ME,Messina,Sicilia,38.223767,15.379286
Spadola,VV,Vibo Valentia,Calabria,38.603802,16.337075
Sparanise,CE,Caserta,Campania,41.186815,14.093722
Sparone,TO,Torino,Piemonte,45.413854,7.543412
Specchia,LE,Lecce,Puglia,39.93712,18.297631
Spello,PG,Perugia,Umbria,42.990945,12.671775
Sperlinga,EN,Enna,Sicilia,37.765519,14.351626
Sperlonga,LT,Latina,Lazio,41.260212,13.433107
Sperone,AV,Avellino,Campania,40.952359,14.60328
Spessa,PV,Pavia,Lombardia,45.112728,9.34943
Spezzano Albanese,CS,Cosenza,Calabria,39.668801,16.31049
Spezzano della Sila,CS,Cosenza,Calabria,39.299411,16.33945
Spiazzo,TN,Trento,Trentino-Alto Adige/Südtirol,46.103601,10.73937
Spigno Monferrato,AL,Alessandria,Piemonte,44.543141,8.333946
Spigno Saturnia,LT,Latina,Lazio,41.311515,13.735713
Spilamberto,MO,Modena,Emilia-Romagna,44.533413,11.024083
Spilimbergo,PN,Pordenone,Friuli-Venezia Giulia,46.111335,12.901629
Spilinga,VV,Vibo Valentia,Calabria,38.628412,15.906178
Spinadesco,CR,Cremona,Lombardia,45.148751,9.929672
Spinazzola,BT,Barletta-Andria-Trani,Puglia,40.969168,16.088007
Spinea,VE,Venezia,Veneto,45.49116,12.165018
Spineda,CR,Cremona,Lombardia,45.060301,10.513381
Spinete,CB,Campobasso,Molise,41.544926,14.486226
Spineto Scrivia,AL,Alessandria,Piemonte,44.837353,8.873752
Spinetoli,AP,Ascoli Piceno,Marche,42.889126,13.772983
Spino d'Adda,CR,Cremona,Lombardia,45.398872,9.492255
Spinone al Lago,BG,Bergamo,Lombardia,45.767485,9.924158
Spinoso,PZ,Potenza,Basilicata,40.269694,15.966769
Spirano,BG,Bergamo,Lombardia,45.582078,9.668856
Spoleto,PG,Perugia,Umbria,42.735512,12.736336
Spoltore,PE,Pescara,Abruzzo,42.453456,14.140982
Spongano,LE,Lecce,Puglia,40.017822,18.365632
Spormaggiore,TN,Trento,Trentino-Alto Adige/Südtirol,46.217752,11.048268
Sporminore,TN,Trento,Trentino-Alto Adige/Südtirol,46.236807,11.030274
Spotorno,SV,Savona,Liguria,44.227257,8.419177
Spresiano,TV,Treviso,Veneto,45.780391,12.259346
Spriana,SO,Sondrio,Lombardia,46.220302,9.864005
Squillace,CZ,Catanzaro,Calabria,38.779485,16.512205
Squinzano,LE,Lecce,Puglia,40.436528,18.04182
Staffolo,AN,Ancona,Marche,43.433074,13.1862
Stagno Lombardo,CR,Cremona,Lombardia,45.073157,10.089205
Staiti,RC,Reggio Calabria,Calabria,38.000068,16.032803
Stalettì,CZ,Catanzaro,Calabria,38.765485,16.537605
Stanghella,PD,Padova,Veneto,45.134624,11.756048
Staranzano,GO,Gorizia,Friuli-Venezia Giulia,45.805821,13.50026
Statte,TA,Taranto,Puglia,40.563225,17.209799
Stazzano,AL,Alessandria,Piemonte,44.727394,8.867728
Stazzema,LU,Lucca,Toscana,44.011555,10.313534
Stazzona,CO,Como,Lombardia,46.138485,9.274682
Stefanaconi,VV,Vibo Valentia,Calabria,38.677881,16.124197
Stella,SV,Savona,Liguria,44.404721,8.501565
Stella Cilento,SA,Salerno,Campania,40.231803,15.092857
Stellanello,SV,Savona,Liguria,44.00042,8.058039
Stelvio,BZ,Bolzano/Bozen,Trentino-Alto Adige/Südtirol,46.542439,10.557829
Stenico,TN,Trento,Trentino-Alto Adige/Südtirol,46.052168,10.854089
Sternatia,LE,Lecce,Puglia,40.222125,18.225226
Stezzano,BG,Bergamo,Lombardia,45.65138,9.65351
Stienta,RO,Rovigo,Veneto,44.937837,11.544413
Stigliano,MT,Matera,Basilicata,40.401238,16.231594
Stignano,RC,Reggio Calabria,Calabria,38.416078,16.470308
Stilo,RC,Reggio Calabria,Calabria,38.476612,16.467263
Stimigliano,RI,Rieti,Lazio,42.29933,12.565727
Stintino,SS,Sassari,Sardegna,40.939162,8.225503
Stio,SA,Salerno,Campania,40.310006,15.252679
Stornara,FG,Foggia,Puglia,41.288625,15.768058
Stornarella,FG,Foggia,Puglia,41.25638,15.729788
Storo,TN,Trento,Trentino-Alto Adige/Südtirol,45.849075,10.579914
Stra,VE,Venezia,Veneto,45.416845,12.002304
Stradella,PV,Pavia,Lombardia,45.077356,9.295017
Strambinello,TO,Torino,Piemonte,45.422696,7.768436
Strambino,TO,Torino,Piemonte,45.381457,7.88572
Strangolagalli,FR,Frosinone,Lazio,41.600719,13.493904
Stregna,UD,Udine,Friuli-Venezia Giulia,46.131549,13.603598
Strembo,TN,Trento,Trentino-Alto Adige/Südtirol,46.119912,10.751452
Stresa,VB,Verbano-Cusio-Ossola,Piemonte,45.883728,8.539027
Strevi,AL,Alessandria,Piemonte,44.698146,8.521847
Striano,NA,Napoli,Campania,40.815855,14.576468
Strona,BI,Biella,Piemonte,45.616565,8.169122
Stroncone,TR,Terni,Umbria,42.502332,12.659973
Strongoli,KR,Crotone,Calabria,39.263959,17.052026
Stroppiana,VC,Vercelli,Piemonte,45.230246,8.453732
Stroppo,CN,Cuneo,Piemonte,44.506858,7.125828
Strozza,BG,Bergamo,Lombardia,45.773082,9.57745
Sturno,AV,Avellino,Campania,41.019827,15.111318
Suardi,PV,Pavia,Lombardia,45.034656,8.742945
Subbiano,AR,Arezzo,Toscana,43.574848,11.870369
Subiaco,RM,Roma,Lazio,41.926715,13.094432
Succivo,CE,Caserta,Campania,40.968012,14.255629
Sueglio,LC,Lecco,Lombardia,46.086061,9.33236
Suelli,SU,Sud Sardegna,Sardegna,39.562744,9.132141
Suello,LC,Lecco,Lombardia,45.816781,9.311543
Suisio,BG,Bergamo,Lombardia,45.655902,9.500154
Sulbiate,MB,Monza e della Brianza,Lombardia,45.633999,9.420684
Sulmona,AQ,L'Aquila,Abruzzo,42.047423,13.927011
Sulzano,BS,Brescia,Lombardia,45.690385,10.100963
Sumirago,VA,Varese,Lombardia,45.739225,8.781004
Summonte,AV,Avellino,Campania,40.949488,14.744804
Suni,OR,Oristano,Sardegna,40.280853,8.549419
Suno,NO,Novara,Piemonte,45.633369,8.54283
Supersano,LE,Lecce,Puglia,40.017721,18.243229
Supino,FR,Frosinone,Lazio,41.610209,13.224731
Surano,LE,Lecce,Puglia,40.028322,18.345131
Surbo,LE,Lecce,Puglia,40.396028,18.133422
Susa,TO,Torino,Piemonte,45.137212,7.053979
Susegana,TV,Treviso,Veneto,45.850913,12.250013
Sustinente,MN,Mantova,Lombardia,45.069272,11.019604
Sutera,CL,Caltanissetta,Sicilia,37.525228,13.731316
Sutri,VT,Viterbo,Lazio,42.247023,12.215067
Sutrio,UD,Udine,Friuli-Venezia Giulia,46.512002,12.990757
Suvereto,LI,Livorno,Toscana,43.079015,10.678681
Suzzara,MN,Mantova,Lombardia,44.991873,10.74309
Taceno,LC,Lecco,Lombardia,46.024486,9.36394
Tadasuni,OR,Oristano,Sardegna,40.110458,8.883744
Taggia,IM,Imperia,Liguria,43.869607,7.836458
Tagliacozzo,AQ,L'Aquila,Abruzzo,42.069327,13.254692
Taglio di Po,RO,Rovigo,Veneto,45.005777,12.210798
Tagliolo Monferrato,AL,Alessandria,Piemonte,44.638346,8.665851
Taibon Agordino,BL,Belluno,Veneto,46.298782,12.012654
Taino,VA,Varese,Lombardia,45.764344,8.615061
Taipana,UD,Udine,Friuli-Venezia Giulia,46.258683,13.345916
Talamello,RN,Rimini,Emilia-Romagna,43.90499,12.285898
Talamona,SO,Sondrio,Lombardia,46.138492,9.612944
Talana,NU,Nuoro,Sardegna,40.042056,9.496541
Taleggio,BG,Bergamo,Lombardia,45.894385,9.562672
Talla,AR,Arezzo,Toscana,43.601541,11.78802
Talmassons,UD,Udine,Friuli-Venezia Giulia,45.929558,13.117064
Tambre,BL,Belluno,Veneto,46.129473,12.422713
Taormina,ME,Messina,Sicilia,37.851792,15.285652
Tarano,RI,Rieti,Lazio,42.355928,12.594973
Taranta Peligna,CH,Chieti,Abruzzo,42.020834,14.170513
Tarantasca,CN,Cuneo,Piemonte,44.493679,7.543677
Taranto,TA,Taranto,Puglia,40.548816,17.08058
Tarcento,UD,Udine,Friuli-Venezia Giulia,46.215273,13.221658
Tarquinia,VT,Viterbo,Lazio,42.253239,11.759175
Tarsia,CS,Cosenza,Calabria,39.6209,16.27169
Tartano,SO,Sondrio,Lombardia,46.105891,9.678646
Tarvisio,UD,Udine,Friuli-Venezia Giulia,46.505262,13.578373
Tarzo,TV,Treviso,Veneto,45.973522,12.23161
Tassarolo,AL,Alessandria,Piemonte,44.728549,8.771552
Taurano,AV,Avellino,Campania,40.884069,14.634006
Taurasi,AV,Avellino,Campania,41.008718,14.958644
Taurianova,RC,Reggio Calabria,Calabria,38.355054,16.014778
Taurisano,LE,Lecce,Puglia,39.956619,18.214129
Tavagnacco,UD,Udine,Friuli-Venezia Giulia,46.127394,13.2141
Tavagnasco,TO,Torino,Piemonte,45.543965,7.822041
Tavazzano con Villavesco,LO,Lodi,Lombardia,45.334092,9.403652
Tavenna,CB,Campobasso,Molise,41.908636,14.762527
Taverna,CZ,Catanzaro,Calabria,39.02179,16.581803
Tavernerio,CO,Como,Lombardia,45.802426,9.146436
Tavernola Bergamasca,BG,Bergamo,Lombardia,45.709385,10.046262
Tavernole sul Mella,BS,Brescia,Lombardia,45.746987,10.240565
Taviano,LE,Lecce,Puglia,39.983519,18.086826
Tavigliano,BI,Biella,Piemonte,45.623258,8.052881
Tavoleto,PU,Pesaro e Urbino,Marche,43.84385,12.593924
Tavullia,PU,Pesaro e Urbino,Marche,43.897756,12.75479
Teana,PZ,Potenza,Basilicata,40.124809,16.151781
Teano,CE,Caserta,Campania,41.251084,14.067151
Teggiano,SA,Salerno,Campania,40.379209,15.540465
Teglio,SO,Sondrio,Lombardia,46.172675,10.064126
Teglio Veneto,VE,Venezia,Veneto,45.817512,12.885024
Telese Terme,BN,Benevento,Campania,41.216414,14527
Telgate,BG,Bergamo,Lombardia,45.628881,9.851659
Telti,SS,Sassari,Sardegna,40.876371,9.352827
Telve,TN,Trento,Trentino-Alto Adige/Südtirol,46.071328,11.479592
Telve di Sopra,TN,Trento,Trentino-Alto Adige/Südtirol,46.071352,11.471672
Tempio Pausania,SS,Sassari,Sardegna,40.897382,9.103516
Temù,BS,Brescia,Lombardia,46.249214,10.46805
Tenna,TN,Trento,Trentino-Alto Adige/Südtirol,46.015703,11.264283
Tenno,TN,Trento,Trentino-Alto Adige/Südtirol,45.918797,10.832775
Teolo,PD,Padova,Veneto,45.365421,11.688606
Teora,AV,Avellino,Campania,40.852817,15.253352
Teramo,TE,Teramo,Abruzzo,42.658118,13.699625
Terdobbiate,NO,Novara,Piemonte,45.376564,8.695238
Terelle,FR,Frosinone,Lazio,41.552121,13.778411
Terento,BZ,Bolzano/Bozen,Trentino-Alto Adige/Südtirol,46.8288,11.776016
Terenzo,PR,Parma,Emilia-Romagna,44.609958,10.089682
Tergu,SS,Sassari,Sardegna,40.867465,8.716714
Terlano,BZ,Bolzano/Bozen,Trentino-Alto Adige/Südtirol,46.529301,11.248678
Terlizzi,BA,Bari,Puglia,41.130234,16.542471
Terme Vigliatore,ME,Messina,Sicilia,38.136764,15.162675
Termeno sulla strada del vino,BZ,Bolzano/Bozen,Trentino-Alto Adige/Südtirol,46.341512,11.242272
Termini Imerese,PA,Palermo,Sicilia,37.983651,13.695554
Termoli,CB,Campobasso,Molise,41.998327,14.993937
Ternate,VA,Varese,Lombardia,45.782286,8.690318
Ternengo,BI,Biella,Piemonte,45.589748,8.116028
Terni,TR,Terni,Umbria,42.653752,12.439812
Terno d'Isola,BG,Bergamo,Lombardia,45.685479,9.530951
Terracina,LT,Latina,Lazio,41.28712,13.249201
Terragnolo,TN,Trento,Trentino-Alto Adige/Südtirol,45.865249,11.177422
Terralba,OR,Oristano,Sardegna,39.720301,8.636125
Terranova da Sibari,CS,Cosenza,Calabria,39.656901,16.339491
Terranova dei Passerini,LO,Lodi,Lombardia,45.19832,9.677121
Terranova di Pollino,PZ,Potenza,Basilicata,39.978107,16.296286
Terranova Sappo Minulio,RC,Reggio Calabria,Calabria,38.322673,16.007499
Terranuova Bracciolini,AR,Arezzo,Toscana,43.551208,11.585827
Terrasini,PA,Palermo,Sicilia,38.152822,13.082122
Terrassa Padovana,PD,Padova,Veneto,45.245268,11.903381
Terravecchia,CS,Cosenza,Calabria,39.464901,16.946006
Terrazzo,VR,Verona,Veneto,45.173309,11.398613
Terre d'Adige,TN,Trento,Trentino-Alto Adige/Südtirol,46.163901,11.06924
Terre del Reno,FE,Ferrara,Emilia-Romagna,44.812155,11.404388
Terre Roveresche,PU,Pesaro e Urbino,Marche,43.700587,12.957708
Terricciola,PI,Pisa,Toscana,43.524738,10.680114
Terruggia,AL,Alessandria,Piemonte,45.082255,8.443238
Tertenia,NU,Nuoro,Sardegna,39.696757,9.577684
Terzigno,NA,Napoli,Campania,40.812442,14.496484
Terzo,AL,Alessandria,Piemonte,44.670445,8.421645
Terzo d'Aquileia,UD,Udine,Friuli-Venezia Giulia,45.800855,13.345754
Terzolas,TN,Trento,Trentino-Alto Adige/Südtirol,46.361605,10.926088
Terzorio,IM,Imperia,Liguria,43.852321,7.898349
Tesero,TN,Trento,Trentino-Alto Adige/Südtirol,46.290416,11.511977
Tesimo,BZ,Bolzano/Bozen,Trentino-Alto Adige/Südtirol,46.563898,11.169497
Tessennano,VT,Viterbo,Lazio,42.478206,11.790486
Testico,SV,Savona,Liguria,44.005626,8.029249
Teti,NU,Nuoro,Sardegna,40.095754,9.118133
Teulada,SU,Sud Sardegna,Sardegna,38.96743,8.772242
Teverola,CE,Caserta,Campania,40.995572,14.207373
Tezze sul Brenta,VI,Vicenza,Veneto,45.686178,11.704184
Thiene,VI,Vicenza,Veneto,45.705767,11.480256
Thiesi,SS,Sassari,Sardegna,40.524859,8.716419
Tiana,NU,Nuoro,Sardegna,40.068454,9.147334
Ticengo,CR,Cremona,Lombardia,45.369274,9.827663
Ticineto,AL,Alessandria,Piemonte,45.098026,8.555658
Tiggiano,LE,Lecce,Puglia,39.905819,18.364433
Tiglieto,GE,Genova,Liguria,44.524558,8.619257
Tigliole,AT,Asti,Piemonte,44.886952,8.075355
Tignale,BS,Brescia,Lombardia,45.739781,10.721765
Tinnura,OR,Oristano,Sardegna,40.269052,8.54822
Tione degli Abruzzi,AQ,L'Aquila,Abruzzo,42.204066,13.635396
Tione di Trento,TN,Trento,Trentino-Alto Adige/Südtirol,46.036304,10.726909
Tirano,SO,Sondrio,Lombardia,46.215672,10.173178
Tires,BZ,Bolzano/Bozen,Trentino-Alto Adige/Südtirol,46.467348,11.52748
Tiriolo,CZ,Catanzaro,Calabria,38.943288,16.508303
Tirolo,BZ,Bolzano/Bozen,Trentino-Alto Adige/Südtirol,46.708518,11.142386
Tissi,SS,Sassari,Sardegna,40.677673,8.5627
Tito,PZ,Potenza,Basilicata,40.583615,15.675465
Tivoli,RM,Roma,Lazio,41.960922,12.798884
Tizzano Val Parma,PR,Parma,Emilia-Romagna,44.520544,10.199199
Toano,RE,Reggio nell'Emilia,Emilia-Romagna,44.376357,10.561197
Tocco Caudio,BN,Benevento,Campania,41.125159,14.634268
Tocco da Casauria,PE,Pescara,Abruzzo,42.213694,13.913472
Toceno,VB,Verbano-Cusio-Ossola,Piemonte,46.144097,8.468442
Todi,PG,Perugia,Umbria,42.782443,12.406255
Toffia,RI,Rieti,Lazio,42.212404,12.751474
Toirano,SV,Savona,Liguria,44.12753,8.20485
Tolentino,MC,Macerata,Marche,43.208755,13.28441
Tolfa,RM,Roma,Lazio,42.149613,11.938195
Tollegno,BI,Biella,Piemonte,45.593049,8.051676
Tollo,CH,Chieti,Abruzzo,42.347997,14.318084
Tolmezzo,UD,Udine,Friuli-Venezia Giulia,46.429503,13.056167
Tolve,PZ,Potenza,Basilicata,40.694219,16.016271
Tombolo,PD,Padova,Veneto,45.647028,11.830422
Ton,TN,Trento,Trentino-Alto Adige/Südtirol,46.259156,11.101655
Tonara,NU,Nuoro,Sardegna,40.025134,9.173144
Tonco,AT,Asti,Piemonte,45.024451,8.190036
Tonengo,AT,Asti,Piemonte,45.117473,8.00196
Tonezza del Cimone,VI,Vicenza,Veneto,45.85719,11.346038
Tora e Piccilli,CE,Caserta,Campania,41.338609,14.022498
Torano Castello,CS,Cosenza,Calabria,39.506296,16.145588
Torano Nuovo,TE,Teramo,Abruzzo,42.823048,13.777293
Torbole Casaglia,BS,Brescia,Lombardia,45.50531,10.102464
Torcegno,TN,Trento,Trentino-Alto Adige/Südtirol,46.074307,11.449787
Torchiara,SA,Salerno,Campania,40.322967,15.052395
Torchiarolo,BR,Brindisi,Puglia,40.484029,18.051619
Torella dei Lombardi,AV,Avellino,Campania,40.939718,15.115048
Torella del Sannio,CB,Campobasso,Molise,41.639828,14.519526
Torgiano,PG,Perugia,Umbria,43.028542,12.44136
Torgnon,AO,Valle d'Aosta/Vallée d'Aoste,Valle d'Aosta/Vallée d'Aoste,45.82396,7.565728
Torino,TO,Torino,Piemonte,45.067755,7.682489
Torino di Sangro,CH,Chieti,Abruzzo,42.18814,14.540819
Toritto,BA,Bari,Puglia,40.99823,16.679779
Torlino Vimercati,CR,Cremona,Lombardia,45.417962,9.594702
Tornaco,NO,Novara,Piemonte,45.357564,8.715939
Tornareccio,CH,Chieti,Abruzzo,42.038136,14.416118
Tornata,CR,Cremona,Lombardia,45.104373,10.430781
Tornimparte,AQ,L'Aquila,Abruzzo,42.29054,13.266619
Torno,CO,Como,Lombardia,45.857591,9.116294
Tornolo,PR,Parma,Emilia-Romagna,44.485251,9.625274
Toro,CB,Campobasso,Molise,41.572428,14.764932
Torpè,NU,Nuoro,Sardegna,40.627969,9.677337
Torraca,SA,Salerno,Campania,40.112532,15.635237
Torralba,SS,Sassari,Sardegna,40.512959,8.76532
Torrazza Coste,PV,Pavia,Lombardia,44.975948,9.087823
Torrazza Piemonte,TO,Torino,Piemonte,45.215422,7.974503
Torrazzo,BI,Biella,Piemonte,45.49838,7.953648
Torre Annunziata,NA,Napoli,Campania,40.752524,14.455004
Torre Beretti e Castellaro,PV,Pavia,Lombardia,45.075614,8.690528
Torre Boldone,BG,Bergamo,Lombardia,45.716272,9.708189
Torre Bormida,CN,Cuneo,Piemonte,44.56274,8.154441
Torre Cajetani,FR,Frosinone,Lazio,41.78772,13.267297
Torre Canavese,TO,Torino,Piemonte,45.392056,7.759818
Torre d'Arese,PV,Pavia,Lombardia,45.242767,9.317354
Torre d'Isola,PV,Pavia,Lombardia,45.217464,9.076149
Torre de' Busi,BG,Bergamo,Lombardia,45.774566,9.480377
Torre de' Negri,PV,Pavia,Lombardia,45.149665,9.334556
Torre de' Passeri,PE,Pescara,Abruzzo,42.241891,13.930967
Torre de' Picenardi,CR,Cremona,Lombardia,45.143573,10.286877
Torre de' Roveri,BG,Bergamo,Lombardia,45.700822,9.773514
Torre del Greco,NA,Napoli,Campania,40.787921,14.368281
Torre di Mosto,VE,Venezia,Veneto,45.690543,12.71042
Torre di Ruggiero,CZ,Catanzaro,Calabria,38.653382,16.372803
Torre di Santa Maria,SO,Sondrio,Lombardia,46.233529,9.851604
Torre Le Nocelle,AV,Avellino,Campania,41.023118,14.909343
Torre Mondovì,CN,Cuneo,Piemonte,44.352832,7.89964
Torre Orsaia,SA,Salerno,Campania,40.133304,15.473266
Torre Pallavicina,BG,Bergamo,Lombardia,45.446377,9.877063
Torre Pellice,TO,Torino,Piemonte,44.820768,7.223715
Torre San Giorgio,CN,Cuneo,Piemonte,44.735739,7.528128
Torre San Patrizio,FM,Fermo,Marche,43.182855,13.612784
Torre Santa Susanna,BR,Brindisi,Puglia,40.465627,17.735612
Torreano,UD,Udine,Friuli-Venezia Giulia,46.128525,13.431132
Torrebelvicino,VI,Vicenza,Veneto,45.718939,11.308834
Torrebruna,CH,Chieti,Abruzzo,41.868133,14.540823
Torrecuso,BN,Benevento,Campania,41.18974,14.680055
Torreglia,PD,Padova,Veneto,45.335667,11.73364
Torregrotta,ME,Messina,Sicilia,38.191637,15.352439
Torremaggiore,FG,Foggia,Puglia,41.687477,15.292956
Torrenova,ME,Messina,Sicilia,38.089846,14.678879
Torresina,CN,Cuneo,Piemonte,44.433639,8.036745
Torretta,PA,Palermo,Sicilia,38.130061,13.233501
Torrevecchia Pia,PV,Pavia,Lombardia,45.283242,9.29665
Torrevecchia Teatina,CH,Chieti,Abruzzo,42.381764,14.209267
Torri del Benaco,VR,Verona,Veneto,45.609449,10.687387
Torri di Quartesolo,VI,Vicenza,Veneto,45.519266,11.61712
Torri in Sabina,RI,Rieti,Lazio,42.353029,12.638574
Torrice,FR,Frosinone,Lazio,41.629719,13.398401
Torricella,TA,Taranto,Puglia,40.354062,17.499392
Torricella del Pizzo,CR,Cremona,Lombardia,45.019602,10.292653
Torricella in Sabina,RI,Rieti,Lazio,42.263329,12.870081
Torricella Peligna,CH,Chieti,Abruzzo,42.024534,14.259115
Torricella Sicura,TE,Teramo,Abruzzo,42.657567,13.65552
Torricella Verzate,PV,Pavia,Lombardia,45.017926,9.175582
Torriglia,GE,Genova,Liguria,44.519395,9.158352
Torrile,PR,Parma,Emilia-Romagna,44.89885,10.339497
Torrioni,AV,Avellino,Campania,41.033453,14.813023
Torrita di Siena,SI,Siena,Toscana,43.16676,11.771647
Torrita Tiberina,RM,Roma,Lazio,42.23591,12.618977
Tortolì,NU,Nuoro,Sardegna,39.926604,9.659155
Tortona,AL,Alessandria,Piemonte,44.89666,8.864128
Tortora,CS,Cosenza,Calabria,39.941303,15.805176
Tortorella,SA,Salerno,Campania,40.142205,15.605669
Tortoreto,TE,Teramo,Abruzzo,42.803984,13.912405
Tortorici,ME,Messina,Sicilia,38.030103,14.82419
Torviscosa,UD,Udine,Friuli-Venezia Giulia,45.822216,13.276933
Toscolano-Maderno,BS,Brescia,Lombardia,45.63453,10.609521
Tossicia,TE,Teramo,Abruzzo,42.544941,13.647494
Tovo di Sant'Agata,SO,Sondrio,Lombardia,46.244779,10.246453
Tovo San Giacomo,SV,Savona,Liguria,44.175932,8.270451
Trabia,PA,Palermo,Sicilia,37.994386,13.65651
Tradate,VA,Varese,Lombardia,45.714293,8.904146
Tramatza,OR,Oristano,Sardegna,40.003748,8.649537
Trambileno,TN,Trento,Trentino-Alto Adige/Südtirol,45.834845,11.139211
Tramonti,SA,Salerno,Campania,40.699733,14.641537
Tramonti di Sopra,PN,Pordenone,Friuli-Venezia Giulia,46.308862,12.788497
Tramonti di Sotto,PN,Pordenone,Friuli-Venezia Giulia,46.28493,12.795646
Tramutola,PZ,Potenza,Basilicata,40.31661,15.791071
Trana,TO,Torino,Piemonte,45.039044,7.421817
Trani,BT,Barletta-Andria-Trani,Puglia,41.275088,16.416258
Traona,SO,Sondrio,Lombardia,46.14962,9.525796
Trapani,TP,Trapani,Sicilia,38.017432,12.515992
Trappeto,PA,Palermo,Sicilia,38.067008,13.03655
Trarego Viggiona,VB,Verbano-Cusio-Ossola,Piemonte,46.038692,8.646128
Trasacco,AQ,L'Aquila,Abruzzo,41.958441,13.536102
Trasaghis,UD,Udine,Friuli-Venezia Giulia,46.28218,13.075445
Trasquera,VB,Verbano-Cusio-Ossola,Piemonte,46.21338,8.212711
Tratalias,SU,Sud Sardegna,Sardegna,39.10353,8.57896
Travacò Siccomario,PV,Pavia,Lombardia,45.149067,9.159647
Travagliato,BS,Brescia,Lombardia,45.523906,10.079783
Travedona-Monate,VA,Varese,Lombardia,45.805066,8.674199
Traversella,TO,Torino,Piemonte,45.508458,7.749415
Traversetolo,PR,Parma,Emilia-Romagna,44.639212,10.381795
Traves,TO,Torino,Piemonte,45.270612,7.428858
Travesio,PN,Pordenone,Friuli-Venezia Giulia,46.196536,12.870994
Travo,PC,Piacenza,Emilia-Romagna,44.86246,9.545366
Tre Ville,TN,Trento,Trentino-Alto Adige/Südtirol,46.074324,10.7711
Trebaseleghe,PD,Padova,Veneto,45.591812,12.050999
Trebisacce,CS,Cosenza,Calabria,39.870107,16.530667
Trecase,NA,Napoli,Campania,40.770891,14.439651
Trecastagni,CT,Catania,Sicilia,37.616116,15.079231
Trecastelli,AN,Ancona,Marche,43.686813,13.109822
Trecate,NO,Novara,Piemonte,45.431965,8.735293
Trecchina,PZ,Potenza,Basilicata,40.025658,15.776787
Trecenta,RO,Rovigo,Veneto,45.030944,11.460521
Tredozio,FC,Forlì-Cesena,Emilia-Romagna,44.081042,11.744208
Treglio,CH,Chieti,Abruzzo,42.267741,14.425515
Tregnago,VR,Verona,Veneto,45.513977,11.165641
Treia,MC,Macerata,Marche,43.310556,13.311475
Treiso,CN,Cuneo,Piemonte,44.689151,8.086845
Tremestieri Etneo,CT,Catania,Sicilia,37.576488,15.07322
Tremezzina,CO,Como,Lombardia,45.983524,9.191491
Tremosine sul Garda,BS,Brescia,Lombardia,45.771079,10.760773
Trentinara,SA,Salerno,Campania,40.400395,15.107466
Trento,TN,Trento,Trentino-Alto Adige/Südtirol,46.066423,11.12576
Trentola Ducenta,CE,Caserta,Campania,40.97623,14.177166
Trenzano,BS,Brescia,Lombardia,45.477279,10.010665
Treppo Grande,UD,Udine,Friuli-Venezia Giulia,46.190624,13.158124
Treppo Ligosullo,UD,Udine,Friuli-Venezia Giulia,46.544332,13.058904
Trepuzzi,LE,Lecce,Puglia,40.405472,18.07062
Trequanda,SI,Siena,Toscana,43.188939,11.667385
Tresana,MS,Massa-Carrara,Toscana,44.254248,9.912885
Trescore Balneario,BG,Bergamo,Lombardia,45.696483,9.842557
Trescore Cremasco,CR,Cremona,Lombardia,45.401573,9.624958
Tresignana,FE,Ferrara,Emilia-Romagna,44.828937,11.878917
Tresivio,SO,Sondrio,Lombardia,46.175695,9.942551
Tresnuraghes,OR,Oristano,Sardegna,40.252104,8.51996
Trevenzuolo,VR,Verona,Veneto,45.268649,10.932184
Trevi,PG,Perugia,Umbria,42.877497,12.747455
Trevi nel Lazio,FR,Frosinone,Lazio,41.862959,13.246313
Trevico,AV,Avellino,Campania,41.048421,15.233449
Treviglio,BG,Bergamo,Lombardia,45.521724,9.593148
Trevignano,TV,Treviso,Veneto,45.733501,12.094016
Trevignano Romano,RM,Roma,Lazio,42.155917,12.246177
Treville,AL,Alessandria,Piemonte,45.096854,8.359536
Treviolo,BG,Bergamo,Lombardia,45.671543,9.611742
Treviso,TV,Treviso,Veneto,45.806691,12.206316
Treviso Bresciano,BS,Brescia,Lombardia,45.713126,10.463664
Trezzano Rosa,MI,Milano,Lombardia,45.582777,9.486652
Trezzano sul Naviglio,MI,Milano,Lombardia,45.417988,9.069116
Trezzo sull'Adda,MI,Milano,Lombardia,45.608718,9.519844
Trezzo Tinella,CN,Cuneo,Piemonte,44.677049,8.107468
Trezzone,CO,Como,Lombardia,46.171143,9.351494
Tribano,PD,Padova,Veneto,45.21001,11.832142
Tribiano,MI,Milano,Lombardia,45.413371,9.378952
Tribogna,GE,Genova,Liguria,44.416146,9.195587
Tricarico,MT,Matera,Basilicata,40.620076,16.143617
Tricase,LE,Lecce,Puglia,39.93042,18.355332
Tricerro,VC,Vercelli,Piemonte,45.235757,8.325333
Tricesimo,UD,Udine,Friuli-Venezia Giulia,46.160562,13.212536
Triei,NU,Nuoro,Sardegna,40.037127,9.640503
Trieste,TS,Trieste,Friuli-Venezia Giulia,45.650481,13.793126
Triggiano,BA,Bari,Puglia,41.063448,16.921698
Trigolo,CR,Cremona,Lombardia,45.329394,9.816401
Trinità,CN,Cuneo,Piemonte,44.508277,7.757897
Trinità d'Agultu e Vignola,SS,Sassari,Sardegna,40.983769,8.915616
Trinitapoli,BT,Barletta-Andria-Trani,Puglia,41.358853,16.087436
Trino,VC,Vercelli,Piemonte,45.19394,8.296987
Triora,IM,Imperia,Liguria,43.992523,7.766243
Tripi,ME,Messina,Sicilia,38.048625,15.098804
Trisobbio,AL,Alessandria,Piemonte,44.661646,8.586149
Trissino,VI,Vicenza,Veneto,45.564041,11.374852
Triuggio,MB,Monza e della Brianza,Lombardia,45.661364,9.267441
Trivento,CB,Campobasso,Molise,41.781407,14.551125
Trivigliano,FR,Frosinone,Lazio,41.775721,13.272296
Trivignano Udinese,UD,Udine,Friuli-Venezia Giulia,45.943415,13.340641
Trivigno,PZ,Potenza,Basilicata,40.581017,15.989872
Trivolzio,PV,Pavia,Lombardia,45.258464,9.042748
Trodena nel parco naturale,BZ,Bolzano/Bozen,Trentino-Alto Adige/Südtirol,46.322143,11.349812
Trofarello,TO,Torino,Piemonte,44.983646,7.745225
Troia,FG,Foggia,Puglia,41.363128,15.312347
Troina,EN,Enna,Sicilia,37.785354,14.598475
Tromello,PV,Pavia,Lombardia,45.20913,8.871731
Trontano,VB,Verbano-Cusio-Ossola,Piemonte,46.122479,8.333216
Tronzano Lago Maggiore,VA,Varese,Lombardia,46.088991,8.733941
Tronzano Vercellese,VC,Vercelli,Piemonte,45.341258,8.173027
Tropea,VV,Vibo Valentia,Calabria,38.675379,15.894792
Trovo,PV,Pavia,Lombardia,45.282965,9.035447
Truccazzano,MI,Milano,Lombardia,45.483874,9.468553
Tubre,BZ,Bolzano/Bozen,Trentino-Alto Adige/Südtirol,46.645612,10.464153
Tufara,CB,Campobasso,Molise,41.481675,14.94645
Tufillo,CH,Chieti,Abruzzo,41.916463,14.626006
Tufino,NA,Napoli,Campania,40.954114,14.565936
Tufo,AV,Avellino,Campania,41.010298,14.823317
Tuglie,LE,Lecce,Puglia,40.073821,18.098125
Tuili,SU,Sud Sardegna,Sardegna,39.713988,8.960342
Tula,SS,Sassari,Sardegna,40.732465,8.983921
Tuoro sul Trasimeno,PG,Perugia,Umbria,43.206848,12.074615
Turania,RI,Rieti,Lazio,42.138027,13.009286
Turano Lodigiano,LO,Lodi,Lombardia,45.24887,9.621461
Turate,CO,Como,Lombardia,45.654802,9.002287
Turbigo,MI,Milano,Lombardia,45.52915,8.736666
Turi,BA,Bari,Puglia,40.917331,17.021191
Turri,SU,Sud Sardegna,Sardegna,39.704845,8.916534
Turriaco,GO,Gorizia,Friuli-Venezia Giulia,45.819981,13.446686
Turrivalignani,PE,Pescara,Abruzzo,42.261938,14.026706
Tursi,MT,Matera,Basilicata,40.245213,16.469687
Tusa,ME,Messina,Sicilia,37.983855,14.236065
Tuscania,VT,Viterbo,Lazio,42.420214,11.870261
Ubiale Clanezzo,BG,Bergamo,Lombardia,45.780936,9.605822
Uboldo,VA,Varese,Lombardia,45.610905,9.003388
Ucria,ME,Messina,Sicilia,38.045919,14.881112
Udine,UD,Udine,Friuli-Venezia Giulia,46.063463,13.235838
Ugento,LE,Lecce,Puglia,39.926319,18.157428
Uggiano la Chiesa,LE,Lecce,Puglia,40.101724,18.449333
Uggiate-Trevano,CO,Como,Lombardia,45.823859,8.964901
Ulà Tirso,OR,Oristano,Sardegna,40.045951,8.904029
Ulassai,NU,Nuoro,Sardegna,39.810552,9.499045
Ultimo,BZ,Bolzano/Bozen,Trentino-Alto Adige/Südtirol,46.511994,10.899493
Umbertide,PG,Perugia,Umbria,43.305636,12.336622
Umbriatico,KR,Crotone,Calabria,39.354501,16.91871
Urago d'Oglio,BS,Brescia,Lombardia,45.515978,9.869661
Uras,OR,Oristano,Sardegna,39.700643,8.70003
Urbana,PD,Padova,Veneto,45.194131,11.445349
Urbania,PU,Pesaro e Urbino,Marche,43.668257,12.524113
Urbe,SV,Savona,Liguria,44.477256,8.631393
Urbino,PU,Pesaro e Urbino,Marche,43.726261,12.636314
Urbisaglia,MC,Macerata,Marche,43.196608,13.376571
Urgnano,BG,Bergamo,Lombardia,45.597197,9.694856
Uri,SS,Sassari,Sardegna,40.639459,8.485412
Ururi,CB,Campobasso,Molise,41.816536,15.016134
Urzulei,NU,Nuoro,Sardegna,40.093338,9.508049
Uscio,GE,Genova,Liguria,44.413343,9.162563
Usellus,OR,Oristano,Sardegna,39.809646,8.850732
Usini,SS,Sassari,Sardegna,40.66406,8.540513
Usmate Velate,MB,Monza e della Brianza,Lombardia,45.652458,9.354342
Ussana,SU,Sud Sardegna,Sardegna,39.394641,9.073242
Ussaramanna,SU,Sud Sardegna,Sardegna,39.692845,8.907634
Ussassai,NU,Nuoro,Sardegna,39.810827,9.394786
Usseaux,TO,Torino,Piemonte,45.048941,7.028508
Usseglio,TO,Torino,Piemonte,45.233197,7.217735
Ussita,MC,Macerata,Marche,42.94376,13.137908
Ustica,PA,Palermo,Sicilia,38.710381,13.191874
Uta,CA,Cagliari,Sardegna,39.290979,8.95426
Uzzano,PT,Pistoia,Toscana,43.892628,10.706057
Vaccarizzo Albanese,CS,Cosenza,Calabria,39.5854,16.432894
Vacone,RI,Rieti,Lazio,42.384836,12.644458
Vacri,CH,Chieti,Abruzzo,42.29624,14.23031
Vadena,BZ,Bolzano/Bozen,Trentino-Alto Adige/Südtirol,46.413995,11.305077
Vado Ligure,SV,Savona,Liguria,44.27144,8.43822
Vagli Sotto,LU,Lucca,Toscana,44.109248,10.288795
Vaglia,FI,Firenze,Toscana,43.907149,11.281814
Vaglio Basilicata,PZ,Potenza,Basilicata,40.665873,15.92007
Vaglio Serra,AT,Asti,Piemonte,44.796406,8.339014
Vaiano,PO,Prato,Toscana,43.969012,11.124072
Vaiano Cremasco,CR,Cremona,Lombardia,45.371972,9.587158
Vaie,TO,Torino,Piemonte,45.102344,7.289413
Vailate,CR,Cremona,Lombardia,45.46331,9.602816
Vairano Patenora,CE,Caserta,Campania,41.337019,14.131121
Vajont,PN,Pordenone,Friuli-Venezia Giulia,46.146136,12.697447
Val Brembilla,BG,Bergamo,Lombardia,45.824643,9.601566
Val della Torre,TO,Torino,Piemonte,45.155147,7.445015
Val di Chy,TO,Torino,Piemonte,45.461125,7.79283
Val di Nizza,PV,Pavia,Lombardia,44.870977,9.175823
Val di Vizze,BZ,Bolzano/Bozen,Trentino-Alto Adige/Südtirol,46.948993,11.577499
Val di Zoldo,BL,Belluno,Veneto,46.342294,12.156312
Val Liona,VI,Vicenza,Veneto,45.410202,11.472079
Val Masino,SO,Sondrio,Lombardia,46.245866,9.637997
Val Rezzo,CO,Como,Lombardia,46.070258,9.100887
Valbondione,BG,Bergamo,Lombardia,46.034193,10.005855
Valbrembo,BG,Bergamo,Lombardia,45.717833,9.607536
Valbrenta,VI,Vicenza,Veneto,45.881372,11.701764
Valbrevenna,GE,Genova,Liguria,44.560577,9.091603
Valbrona,CO,Como,Lombardia,45.881055,9.301631
Valchiusa,TO,Torino,Piemonte,45.497263,7.741327
Valdagno,VI,Vicenza,Veneto,45.641321,11.30406
Valdaone,TN,Trento,Trentino-Alto Adige/Südtirol,46.024913,10.52513
Valdaora,BZ,Bolzano/Bozen,Trentino-Alto Adige/Südtirol,46.759829,12.030987
Valdastico,VI,Vicenza,Veneto,45.882447,11.344561
Valdengo,BI,Biella,Piemonte,45.567322,8.136866
Valderice,TP,Trapani,Sicilia,38.038984,12.616979
Valdidentro,SO,Sondrio,Lombardia,46.489037,10.292304
Valdieri,CN,Cuneo,Piemonte,44.277626,7.397631
Valdilana,BI,Biella,Piemonte,45.666126,8.144302
Valdina,ME,Messina,Sicilia,38.193739,15.370704
Valdisotto,SO,Sondrio,Lombardia,46.425215,10.357418
Valdobbiadene,TV,Treviso,Veneto,45.901413,11.995512
Valduggia,VC,Vercelli,Piemonte,45.728369,8.329923
Valeggio,PV,Pavia,Lombardia,45.15066,8.859946
Valeggio sul Mincio,VR,Verona,Veneto,45.353751,10.734546
Valentano,VT,Viterbo,Lazio,42.569098,11.81833
Valenza,AL,Alessandria,Piemonte,45.014025,8.645821
Valenzano,BA,Bari,Puglia,41.045333,16.885086
Valera Fratta,LO,Lodi,Lombardia,45.256932,9.336008
Valfabbrica,PG,Perugia,Umbria,43.158897,12.600896
Valfenera,AT,Asti,Piemonte,44.901746,7.964331
Valfloriana,TN,Trento,Trentino-Alto Adige/Südtirol,46.246883,11.348673
Valfornace,MC,Macerata,Marche,43.066925,13.114974
Valfurva,SO,Sondrio,Lombardia,46.416517,10.512516
Valganna,VA,Varese,Lombardia,45.900037,8.820143
Valgioie,TO,Torino,Piemonte,45.076144,7.340715
Valgoglio,BG,Bergamo,Lombardia,45.97489,9.913554
Valgrana,CN,Cuneo,Piemonte,44.411229,7.380128
Valgreghentino,LC,Lecco,Lombardia,45.769871,9.412168
Valgrisenche,AO,Valle d'Aosta/Vallée d'Aoste,Valle d'Aosta/Vallée d'Aoste,45.631169,7.064741
Valguarnera Caropepe,EN,Enna,Sicilia,37.49542,14.390791
Vallada Agordina,BL,Belluno,Veneto,46.375603,11.936955
Vallanzengo,BI,Biella,Piemonte,45.603265,8.150422
Vallarsa,TN,Trento,Trentino-Alto Adige/Südtirol,45.803355,11.10511
Vallata,AV,Avellino,Campania,41.037221,15.25215
Valle Agricola,CE,Caserta,Campania,41.425021,14.255023
Valle Aurina,BZ,Bolzano/Bozen,Trentino-Alto Adige/Südtirol,46.988356,11.942898
Valle Cannobina,VB,Verbano-Cusio-Ossola,Piemonte,46.103002,8.599741
Valle Castellana,TE,Teramo,Abruzzo,42.736176,13.4971
Valle dell'Angelo,SA,Salerno,Campania,40.343808,15.368461
Valle di Cadore,BL,Belluno,Veneto,46.417356,12.331983
Valle di Casies,BZ,Bolzano/Bozen,Trentino-Alto Adige/Südtirol,46.824096,12.232504
Valle di Maddaloni,CE,Caserta,Campania,41.079515,14.415631
Valle Lomellina,PV,Pavia,Lombardia,45.153058,8.668542
Valle Salimbene,PV,Pavia,Lombardia,45.171612,9.234493
Valle San Nicolao,BI,Biella,Piemonte,45.606969,8.141182
Vallebona,IM,Imperia,Liguria,43.812718,7.666544
Vallecorsa,FR,Frosinone,Lazio,41.444615,13.405204
Vallecrosia,IM,Imperia,Liguria,43.788827,7.643411
Valledolmo,PA,Palermo,Sicilia,37.747448,13.827859
Valledoria,SS,Sassari,Sardegna,40.928283,8.824584
Vallefiorita,CZ,Catanzaro,Calabria,38.776385,16.461003
Vallefoglia,PU,Pesaro e Urbino,Marche,43.828405,12.7247
Vallelaghi,TN,Trento,Trentino-Alto Adige/Südtirol,46.099827,11.016219
Vallelonga,VV,Vibo Valentia,Calabria,38.647281,16.294901
Vallelunga Pratameno,CL,Caltanissetta,Sicilia,37.682047,13.83156
Vallemaio,FR,Frosinone,Lazio,41.366239,13.811748
Vallepietra,RM,Roma,Lazio,41.926989,13.230667
Vallerano,VT,Viterbo,Lazio,42.38397,12.26279
Vallermosa,SU,Sud Sardegna,Sardegna,39.364438,8.796337
Vallerotonda,FR,Frosinone,Lazio,41.549691,13.914585
Vallesaccarda,AV,Avellino,Campania,41.06276,15.251783
Valleve,BG,Bergamo,Lombardia,46.02819,9.743749
Valli del Pasubio,VI,Vicenza,Veneto,45.740774,11.262167
Vallinfreda,RM,Roma,Lazio,42.084282,12.996612
Vallio Terme,BS,Brescia,Lombardia,45.610193,10.390175
Vallo della Lucania,SA,Salerno,Campania,40.229704,15.26576
Vallo di Nera,PG,Perugia,Umbria,42.754621,12.86376
Vallo Torinese,TO,Torino,Piemonte,45.224745,7.495566
Valloriate,CN,Cuneo,Piemonte,44.338067,7.374371
Valmacca,AL,Alessandria,Piemonte,45.100786,8.582789
Valmadrera,LC,Lecco,Lombardia,45.846282,9.358244
Valmontone,RM,Roma,Lazio,41.778819,12.917489
Valmorea,CO,Como,Lombardia,45.817455,8.932232
Valmozzola,PR,Parma,Emilia-Romagna,44.585508,9.869151
Valnegra,BG,Bergamo,Lombardia,45.94941,9.690018
Valpelline,AO,Valle d'Aosta/Vallée d'Aoste,Valle d'Aosta/Vallée d'Aoste,45.82446,7.324153
Valperga,TO,Torino,Piemonte,45.370616,7.656916
Valprato Soana,TO,Torino,Piemonte,45.521481,7.549355
Valsamoggia,BO,Bologna,Emilia-Romagna,44.439824,11.059275
Valsavarenche,AO,Valle d'Aosta/Vallée d'Aoste,Valle d'Aosta/Vallée d'Aoste,45.562003,7.226291
Valsinni,MT,Matera,Basilicata,40.169912,16.443487
Valsolda,CO,Como,Lombardia,46.029095,9.043912
Valstrona,VB,Verbano-Cusio-Ossola,Piemonte,45.922954,8.256255
Valtopina,PG,Perugia,Umbria,43.058283,12.754656
Valtorta,BG,Bergamo,Lombardia,45.977787,9.534945
Valtournenche,AO,Valle d'Aosta/Vallée d'Aoste,Valle d'Aosta/Vallée d'Aoste,45.911551,7.619255
Valva,SA,Salerno,Campania,40.738215,15.269454
Valvarrone,LC,Lecco,Lombardia,46.08489,9.361448
Valvasone Arzene,PN,Pordenone,Friuli-Venezia Giulia,45.995211,12.86631
Valverde,CT,Catania,Sicilia,37.576954,15.124188
Valvestino,BS,Brescia,Lombardia,45.762092,10.594646
Vandoies,BZ,Bolzano/Bozen,Trentino-Alto Adige/Südtirol,46.876036,11.720904
Vanzaghello,MI,Milano,Lombardia,45.579253,8.782372
Vanzago,MI,Milano,Lombardia,45.526826,8.994955
Vanzone con San Carlo,VB,Verbano-Cusio-Ossola,Piemonte,45.983239,8.110339
Vaprio d'Adda,MI,Milano,Lombardia,45.576576,9.529174
Vaprio d'Agogna,NO,Novara,Piemonte,45.603513,8.553431
Varallo,VC,Vercelli,Piemonte,45.813731,8.259211
Varallo Pombia,NO,Novara,Piemonte,45.665904,8.632693
Varano Borghi,VA,Varese,Lombardia,45.77463,8.703666
Varano de' Melegari,PR,Parma,Emilia-Romagna,44.68806,10.011479
Varapodio,RC,Reggio Calabria,Calabria,38.317073,15.984398
Varazze,SV,Savona,Liguria,44.3593,8.575327
Varco Sabino,RI,Rieti,Lazio,42.239829,13.019884
Varedo,MB,Monza e della Brianza,Lombardia,45.597444,9.156293
Varenna,LC,Lecco,Lombardia,46.009978,9.283159
Varese,VA,Varese,Lombardia,45.839713,8.754158
Varese Ligure,SP,La Spezia,Liguria,44.376053,9.592699
Varisella,TO,Torino,Piemonte,45.209941,7.488606
Varmo,UD,Udine,Friuli-Venezia Giulia,45.887015,12.987726
Varna,BZ,Bolzano/Bozen,Trentino-Alto Adige/Südtirol,46.740386,11.634569
Varsi,PR,Parma,Emilia-Romagna,44.662157,9.846676
Varzi,PV,Pavia,Lombardia,44.82354,9.196904
Varzo,VB,Verbano-Cusio-Ossola,Piemonte,46.20668,8.252412
Vasanello,VT,Viterbo,Lazio,42.413728,12.346567
Vasia,IM,Imperia,Liguria,43.932023,7.952948
Vasto,CH,Chieti,Abruzzo,42.12434,14.705923
Vastogirardi,IS,Isernia,Molise,41.774129,14.260418
Vauda Canavese,TO,Torino,Piemonte,45.279952,7.620217
Vazzano,VV,Vibo Valentia,Calabria,38.632881,16248
Vazzola,TV,Treviso,Veneto,45.837767,12.384064
Vecchiano,PI,Pisa,Toscana,43.783342,10.384403
Vedano al Lambro,MB,Monza e della Brianza,Lombardia,45.611508,9.275072
Vedano Olona,VA,Varese,Lombardia,45.776916,8.885596
Vedelago,TV,Treviso,Veneto,45.686695,12.018037
Vedeseta,BG,Bergamo,Lombardia,45.89087,9.540057
Veduggio con Colzano,MB,Monza e della Brianza,Lombardia,45.73363,9.262513
Veggiano,PD,Padova,Veneto,45.448322,11.710822
Veglie,LE,Lecce,Puglia,40.335126,17.965219
Veglio,BI,Biella,Piemonte,45.640565,8.11412
Vejano,VT,Viterbo,Lazio,42.216757,12.095202
Veleso,CO,Como,Lombardia,45.908382,9.182139
Velezzo Lomellina,PV,Pavia,Lombardia,45.163359,8.737243
Velletri,RM,Roma,Lazio,41.686702,12.777043
Vellezzo Bellini,PV,Pavia,Lombardia,45.270665,9.099249
Velo d'Astico,VI,Vicenza,Veneto,45.788399,11.36769
Velo Veronese,VR,Verona,Veneto,45.60515,11.095691
Velturno,BZ,Bolzano/Bozen,Trentino-Alto Adige/Südtirol,46.668674,11.598439
Venafro,IS,Isernia,Molise,41.483425,14.045112
Venaria Reale,TO,Torino,Piemonte,45.134811,7.626866
Venarotta,AP,Ascoli Piceno,Marche,42.882947,13.492285
Venasca,CN,Cuneo,Piemonte,44.562163,7.396865
Venaus,TO,Torino,Piemonte,45.15491,7.01257
Vendone,SV,Savona,Liguria,44.074706,8.07393
Venegono Inferiore,VA,Varese,Lombardia,45.738376,8.901107
Venegono Superiore,VA,Varese,Lombardia,45.751383,8.90476
Venetico,ME,Messina,Sicilia,38.219944,15.366707
Venezia,VE,Venezia,Veneto,45.437191,12.33459
Veniano,CO,Como,Lombardia,45.71558,8.983074
Venosa,PZ,Potenza,Basilicata,40.961323,15.814863
Ventasso,RE,Reggio nell'Emilia,Emilia-Romagna,44.36883,10.26931
Venticano,AV,Avellino,Campania,41.049124,14.917637
Ventimiglia,IM,Imperia,Liguria,43.791762,7.603313
Ventimiglia di Sicilia,PA,Palermo,Sicilia,37.923341,13.569255
Ventotene,LT,Latina,Lazio,40.796002,13.431213
Venzone,UD,Udine,Friuli-Venezia Giulia,46.333676,13.1394
Verano,BZ,Bolzano/Bozen,Trentino-Alto Adige/Südtirol,46.605366,11.226271
Verano Brianza,MB,Monza e della Brianza,Lombardia,45.688186,9.230477
Verbania,VB,Verbano-Cusio-Ossola,Piemonte,45.937663,8.52653
Verbicaro,CS,Cosenza,Calabria,39.7556,15.91358
Vercana,CO,Como,Lombardia,46.159489,9.335137
Verceia,SO,Sondrio,Lombardia,46.198692,9.454739
Vercelli,VC,Vercelli,Piemonte,45.555383,8.346284
Vercurago,LC,Lecco,Lombardia,45.812946,9.424433
Verdellino,BG,Bergamo,Lombardia,45.603136,9.61561
Verdello,BG,Bergamo,Lombardia,45.604778,9.628954
Verderio,LC,Lecco,Lombardia,45.665698,9.43761
Verduno,CN,Cuneo,Piemonte,44.66614,7.930735
Vergato,BO,Bologna,Emilia-Romagna,44.28266,11.10731
Verghereto,FC,Forlì-Cesena,Emilia-Romagna,43.792956,12.003938
Vergiate,VA,Varese,Lombardia,45.724847,8.694023
Vermezzo con Zelo,MI,Milano,Lombardia,45.390781,8.982192
Vermiglio,TN,Trento,Trentino-Alto Adige/Südtirol,46.296905,10.691365
Vernante,CN,Cuneo,Piemonte,44.245027,7.533834
Vernasca,PC,Piacenza,Emilia-Romagna,44.799438,9.830668
Vernate,MI,Milano,Lombardia,45.316147,9.060968
Vernazza,SP,La Spezia,Liguria,44.134941,9.682776
Vernio,PO,Prato,Toscana,44.044051,11.14988
Vernole,LE,Lecce,Puglia,40.289527,18.303527
Verolanuova,BS,Brescia,Lombardia,45.328581,10.076086
Verolavecchia,BS,Brescia,Lombardia,45.327012,10.057256
Verolengo,TO,Torino,Piemonte,45.190053,7.968226
Veroli,FR,Frosinone,Lazio,41.691272,13.417632
Verona,VR,Verona,Veneto,45.438496,10.992412
Veronella,VR,Verona,Veneto,45.324969,11.322261
Verrayes,AO,Valle d'Aosta/Vallée d'Aoste,Valle d'Aosta/Vallée d'Aoste,45.769282,7.523777
Verrès,AO,Valle d'Aosta/Vallée d'Aoste,Valle d'Aosta/Vallée d'Aoste,45.668718,7.690758
Verretto,PV,Pavia,Lombardia,45.039234,9.108476
Verrone,BI,Biella,Piemonte,45.503662,8.119023
Verrua Po,PV,Pavia,Lombardia,45.109649,9.17556
Verrua Savoia,TO,Torino,Piemonte,45.156707,8.092761
Vertemate con Minoprio,CO,Como,Lombardia,45.728215,9.078415
Vertova,BG,Bergamo,Lombardia,45.810219,9.853507
Verucchio,RN,Rimini,Emilia-Romagna,43.983611,12.421163
Vervio,SO,Sondrio,Lombardia,46.252835,10.240226
Verzegnis,UD,Udine,Friuli-Venezia Giulia,46.385147,12.987202
Verzino,KR,Crotone,Calabria,39.311098,16.860406
Verzuolo,CN,Cuneo,Piemonte,44.602899,7.474941
Vescovana,PD,Padova,Veneto,45.134514,11.708435
Vescovato,CR,Cremona,Lombardia,45.175073,10.164574
Vesime,AT,Asti,Piemonte,44.636851,8.22817
Vespolate,NO,Novara,Piemonte,45.350871,8.668921
Vessalico,IM,Imperia,Liguria,44.045937,7.960853
Vestenanova,VR,Verona,Veneto,45.573467,11.227722
Vestignè,TO,Torino,Piemonte,45.385757,7.954822
Vestone,BS,Brescia,Lombardia,45.710641,10.403471
Vetralla,VT,Viterbo,Lazio,42.320534,12.0575
Vetto,RE,Reggio nell'Emilia,Emilia-Romagna,44.484158,10.33749
Vezza d'Alba,CN,Cuneo,Piemonte,44.76364,7.996134
Vezza d'Oglio,BS,Brescia,Lombardia,46.240213,10.399732
Vezzano Ligure,SP,La Spezia,Liguria,44.146775,9.876327
Vezzano sul Crostolo,RE,Reggio nell'Emilia,Emilia-Romagna,44.602584,10.546853
Vezzi Portio,SV,Savona,Liguria,44.229643,8.365219
Viadana,MN,Mantova,Lombardia,44.926786,10.520223
Viadanica,BG,Bergamo,Lombardia,45.684342,9.962284
Viagrande,CT,Catania,Sicilia,37.610166,15.096759
Viale,AT,Asti,Piemonte,45.000745,8.05012
Vialfrè,TO,Torino,Piemonte,45.381019,7.817828
Viano,RE,Reggio nell'Emilia,Emilia-Romagna,44.543729,10.62162
Viareggio,LU,Lucca,Toscana,43.867239,10.250605
Viarigi,AT,Asti,Piemonte,44.980508,8.358455
Vibo Valentia,VV,Vibo Valentia,Calabria,38.626656,16.098693
Vibonati,SA,Salerno,Campania,40.100248,15.583115
Vicalvi,FR,Frosinone,Lazio,41.676723,13.706407
Vicari,PA,Palermo,Sicilia,37.825092,13.571302
Vicchio,FI,Firenze,Toscana,43.933235,11.46529
Vicenza,VI,Vicenza,Veneto,45.634859,11.406354
Vico del Gargano,FG,Foggia,Puglia,41.898344,15.957554
Vico Equense,NA,Napoli,Campania,40.662296,14.426382
Vico nel Lazio,FR,Frosinone,Lazio,41.77715,13.341924
Vicoforte,CN,Cuneo,Piemonte,44.374442,7.872552
Vicoli,PE,Pescara,Abruzzo,42.341438,13.897102
Vicolungo,NO,Novara,Piemonte,45.477564,8.462731
Vicopisano,PI,Pisa,Toscana,43.699832,10.584695
Vicovaro,RM,Roma,Lazio,42.017941,12.89723
Viddalba,SS,Sassari,Sardegna,40.916777,8.894363
Vidigulfo,PV,Pavia,Lombardia,45.292267,9.236651
Vidor,TV,Treviso,Veneto,45.861641,12.038749
Vidracco,TO,Torino,Piemonte,45.430657,7.757417
Vieste,FG,Foggia,Puglia,41.88276,16.179179
Vietri di Potenza,PZ,Potenza,Basilicata,40.598647,15.507246
Vietri sul Mare,SA,Salerno,Campania,40.671548,14.7286
Viganò,LC,Lecco,Lombardia,45.724635,9.32456
Vigano San Martino,BG,Bergamo,Lombardia,45.726531,9.89399
Vigarano Mainarda,FE,Ferrara,Emilia-Romagna,44.843422,11.494436
Vigasio,VR,Verona,Veneto,45.31703,10.942198
Vigevano,PV,Pavia,Lombardia,45.317094,8.858603
Viggianello,PZ,Potenza,Basilicata,39.973195,16.085353
Viggiano,PZ,Potenza,Basilicata,40.340711,15.900773
Viggiù,VA,Varese,Lombardia,45.872238,8.905862
Vighizzolo d'Este,PD,Padova,Veneto,45.177003,11.625568
Vigliano Biellese,BI,Biella,Piemonte,45.564475,8.104537
Vigliano d'Asti,AT,Asti,Piemonte,44.835433,8.231949
Vignale Monferrato,AL,Alessandria,Piemonte,45.011253,8.396138
Vignanello,VT,Viterbo,Lazio,42.383826,12.276766
Vignate,MI,Milano,Lombardia,45.496573,9.376651
Vignola,MO,Modena,Emilia-Romagna,44.478414,11.009093
Vignola-Falesina,TN,Trento,Trentino-Alto Adige/Südtirol,46.05522,11.281637
Vignole Borbera,AL,Alessandria,Piemonte,44.709948,8.891262
Vignolo,CN,Cuneo,Piemonte,44.362229,7.472731
Vignone,VB,Verbano-Cusio-Ossola,Piemonte,45.959773,8.566617
Vigo di Cadore,BL,Belluno,Veneto,46.500273,12.472522
Vigodarzere,PD,Padova,Veneto,45.458193,11.882864
Vigolo,BG,Bergamo,Lombardia,45.715775,10.022717
Vigolzone,PC,Piacenza,Emilia-Romagna,44.914662,9.669368
Vigone,TO,Torino,Piemonte,44.843067,7.494438
Vigonovo,VE,Venezia,Veneto,45.387011,12.007514
Vigonza,PD,Padova,Veneto,45.442954,11.983149
Viguzzolo,AL,Alessandria,Piemonte,44.905507,8.918616
Villa Bartolomea,VR,Verona,Veneto,45.158717,11.353377
Villa Basilica,LU,Lucca,Toscana,43.927516,10.644575
Villa Biscossi,PV,Pavia,Lombardia,45.090658,8.787145
Villa Carcina,BS,Brescia,Lombardia,45.632214,10.194442
Villa Castelli,BR,Brindisi,Puglia,40.584527,17.474605
Villa Celiera,PE,Pescara,Abruzzo,42.381842,13.858599
Villa Collemandina,LU,Lucca,Toscana,44.158759,10.397742
Villa Cortese,MI,Milano,Lombardia,45.566752,8.888903
Villa d'Adda,BG,Bergamo,Lombardia,45.71398,9.461649
Villa d'Almè,BG,Bergamo,Lombardia,45.749682,9.614451
Villa d'Ogna,BG,Bergamo,Lombardia,45.904689,9.930855
Villa del Bosco,BI,Biella,Piemonte,45.620566,8.279624
Villa del Conte,PD,Padova,Veneto,45.586598,11.859005
Villa di Briano,CE,Caserta,Campania,41.000012,14.160726
Villa di Chiavenna,SO,Sondrio,Lombardia,46.324494,9.493954
Villa di Serio,BG,Bergamo,Lombardia,45.722665,9.732378
Villa di Tirano,SO,Sondrio,Lombardia,46.203898,10.133854
Villa Estense,PD,Padova,Veneto,45.172108,11.666979
Villa Faraldi,IM,Imperia,Liguria,43.968528,8.085229
Villa Guardia,CO,Como,Lombardia,45.773784,9.025297
Villa Lagarina,TN,Trento,Trentino-Alto Adige/Südtirol,45.91499,11.033002
Villa Latina,FR,Frosinone,Lazio,41.619354,13.836161
Villa Literno,CE,Caserta,Campania,41.009912,14.080525
Villa Minozzo,RE,Reggio nell'Emilia,Emilia-Romagna,44.365056,10.465995
Villa San Giovanni,RC,Reggio Calabria,Calabria,38.220112,15.637381
Villa San Giovanni in Tuscia,VT,Viterbo,Lazio,42.282669,12.052525
Villa San Pietro,CA,Cagliari,Sardegna,39.034048,8.995484
Villa San Secondo,AT,Asti,Piemonte,45.005075,8.135249
Villa Sant'Angelo,AQ,L'Aquila,Abruzzo,42.269937,13.537486
Villa Sant'Antonio,OR,Oristano,Sardegna,39.859148,8.901532
Villa Santa Lucia,FR,Frosinone,Lazio,41.51242,13.770011
Villa Santa Lucia degli Abruzzi,AQ,L'Aquila,Abruzzo,42.333462,13.777436
Villa Santa Maria,CH,Chieti,Abruzzo,41.952433,14.351818
Villa Santina,UD,Udine,Friuli-Venezia Giulia,46.414096,12.920748
Villa Santo Stefano,FR,Frosinone,Lazio,41.517416,13.310201
Villa Verde,OR,Oristano,Sardegna,39.795246,8.821131
Villabassa,BZ,Bolzano/Bozen,Trentino-Alto Adige/Südtirol,46.739482,12.170006
Villabate,PA,Palermo,Sicilia,38.076528,13.443667
Villachiara,BS,Brescia,Lombardia,45.355375,9.930966
Villacidro,SU,Sud Sardegna,Sardegna,39.456992,8.736722
Villadeati,AL,Alessandria,Piemonte,45.072252,8.167932
Villadose,RO,Rovigo,Veneto,45.068916,11.893738
Villadossola,VB,Verbano-Cusio-Ossola,Piemonte,46.066663,8.260717
Villafalletto,CN,Cuneo,Piemonte,44.543734,7.540129
Villafranca d'Asti,AT,Asti,Piemonte,44.91329,8.032501
Villafranca di Verona,VR,Verona,Veneto,45.350928,10.845996
Villafranca in Lunigiana,MS,Massa-Carrara,Toscana,44.29467,9.949656
Villafranca Padovana,PD,Padova,Veneto,45.494851,11.797524
Villafranca Piemonte,TO,Torino,Piemonte,44.778939,7.500424
Villafranca Sicula,AG,Agrigento,Sicilia,37.588141,13.28925
Villafranca Tirrena,ME,Messina,Sicilia,38.240068,15.437387
Villafrati,PA,Palermo,Sicilia,37.908012,13.48635
Villaga,VI,Vicenza,Veneto,45.402477,11.53372
Villagrande Strisaili,NU,Nuoro,Sardegna,39.96139,9.507272
Villalago,AQ,L'Aquila,Abruzzo,41.934729,13.842007
Villalba,CL,Caltanissetta,Sicilia,37.654142,13.843423
Villalfonsina,CH,Chieti,Abruzzo,42.16054,14.57162
Villalvernia,AL,Alessandria,Piemonte,44.815352,8.857252
Villamagna,CH,Chieti,Abruzzo,42.328941,14.23611
Villamaina,AV,Avellino,Campania,40.969418,15.090047
Villamar,SU,Sud Sardegna,Sardegna,39.618044,8.958837
Villamarzana,RO,Rovigo,Veneto,45.014404,11.693308
Villamassargia,SU,Sud Sardegna,Sardegna,39.275899,8.640475
Villamiroglio,AL,Alessandria,Piemonte,45.134725,8.170291
Villandro,BZ,Bolzano/Bozen,Trentino-Alto Adige/Südtirol,46.632934,11.540101
Villanova Biellese,BI,Biella,Piemonte,45.481562,8.194325
Villanova Canavese,TO,Torino,Piemonte,45.242575,7.554506
Villanova d'Albenga,SV,Savona,Liguria,44.046836,8.142846
Villanova d'Ardenghi,PV,Pavia,Lombardia,45.171662,9.042349
Villanova d'Asti,AT,Asti,Piemonte,44.941889,7.937502
Villanova del Battista,AV,Avellino,Campania,41.120822,15.158747
Villanova del Ghebbo,RO,Rovigo,Veneto,45.059183,11.639009
Villanova del Sillaro,LO,Lodi,Lombardia,45.237968,9.481858
Villanova di Camposampiero,PD,Padova,Veneto,45.490456,11.97302
Villanova Marchesana,RO,Rovigo,Veneto,44.992284,11.964718
Villanova Mondovì,CN,Cuneo,Piemonte,44.346932,7.766338
Villanova Monferrato,AL,Alessandria,Piemonte,45.182857,8.479237
Villanova Monteleone,SS,Sassari,Sardegna,40.503656,8.470807
Villanova Solaro,CN,Cuneo,Piemonte,44.729938,7.574426
Villanova sull'Arda,PC,Piacenza,Emilia-Romagna,45.026005,9.997061
Villanova Truschedu,OR,Oristano,Sardegna,39.988649,8.752027
Villanova Tulo,SU,Sud Sardegna,Sardegna,39.780302,9.213205
Villanovaforru,SU,Sud Sardegna,Sardegna,39.631843,8.869035
Villanovafranca,SU,Sud Sardegna,Sardegna,39.645183,9.001398
Villanterio,PV,Pavia,Lombardia,45.219467,9.364356
Villanuova sul Clisi,BS,Brescia,Lombardia,45.60168,10.453872
Villaperuccio,SU,Sud Sardegna,Sardegna,39.111832,8.670038
Villapiana,CS,Cosenza,Calabria,39.846505,16.455191
Villaputzu,SU,Sud Sardegna,Sardegna,39.441045,9.573951
Villar Dora,TO,Torino,Piemonte,45.114646,7.383515
Villar Focchiardo,TO,Torino,Piemonte,45.111389,7.224725
Villar Pellice,TO,Torino,Piemonte,44.807903,7.15758
Villar Perosa,TO,Torino,Piemonte,44.919056,7.250286
Villar San Costanzo,CN,Cuneo,Piemonte,44.484731,7.382226
Villarbasse,TO,Torino,Piemonte,45.045145,7.468418
Villarboit,VC,Vercelli,Piemonte,45.437362,8.337329
Villareggia,TO,Torino,Piemonte,45.310056,7.976624
Villaricca,NA,Napoli,Campania,40.921611,14.189828
Villaromagnano,AL,Alessandria,Piemonte,44.849653,8.887752
Villarosa,EN,Enna,Sicilia,37.587017,14.173589
Villasalto,SU,Sud Sardegna,Sardegna,39.492145,9.393047
Villasanta,MB,Monza e della Brianza,Lombardia,45.603981,9.300571
Villasimius,SU,Sud Sardegna,Sardegna,39.14314,9.520854
Villasor,SU,Sud Sardegna,Sardegna,39.380439,8.942839
Villaspeciosa,SU,Sud Sardegna,Sardegna,39.312238,8.92514
Villastellone,TO,Torino,Piemonte,44.918612,7.744347
Villata,VC,Vercelli,Piemonte,45.387762,8.432632
Villaurbana,OR,Oristano,Sardegna,39.885647,8.777429
Villavallelonga,AQ,L'Aquila,Abruzzo,41.866996,13.62451
Villaverla,VI,Vicenza,Veneto,45.65121,11.494074
Ville d'Anaunia,TN,Trento,Trentino-Alto Adige/Südtirol,46.273817,10.940222
Ville di Fiemme,TN,Trento,Trentino-Alto Adige/Südtirol,46.31643,11.445446
Villeneuve,AO,Valle d'Aosta/Vallée d'Aoste,Valle d'Aosta/Vallée d'Aoste,45.702417,7.207496
Villesse,GO,Gorizia,Friuli-Venezia Giulia,45.863908,13.44023
Villetta Barrea,AQ,L'Aquila,Abruzzo,41.775827,13.938511
Villette,VB,Verbano-Cusio-Ossola,Piemonte,46.132203,8.535317
Villimpenta,MN,Mantova,Lombardia,45.144747,11.030232
Villongo,BG,Bergamo,Lombardia,45.673042,9.933834
Villorba,TV,Treviso,Veneto,45.729249,12.256246
Vilminore di Scalve,BG,Bergamo,Lombardia,45.997675,10.09248
Vimercate,MB,Monza e della Brianza,Lombardia,45.613963,9.37006
Vimodrone,MI,Milano,Lombardia,45.512832,9.284672
Vinadio,CN,Cuneo,Piemonte,44.309025,7.176025
Vinchiaturo,CB,Campobasso,Molise,41.492925,14.590729
Vinchio,AT,Asti,Piemonte,44.807318,8.317386
Vinci,FI,Firenze,Toscana,43.787397,10.927106
Vinovo,TO,Torino,Piemonte,44.94839,7.633929
Vinzaglio,NO,Novara,Piemonte,45.322961,8.519135
Viola,CN,Cuneo,Piemonte,44.290744,7.966471
Vione,BS,Brescia,Lombardia,46.248402,10.447161
Vipiteno,BZ,Bolzano/Bozen,Trentino-Alto Adige/Südtirol,46.896324,11.43194
Virle Piemonte,TO,Torino,Piemonte,44.864541,7.570123
Visano,BS,Brescia,Lombardia,45.318378,10.372376
Vische,TO,Torino,Piemonte,45.335589,7.944818
Visciano,NA,Napoli,Campania,40.925414,14.582837
Visco,UD,Udine,Friuli-Venezia Giulia,45.892172,13.346861
Visone,AL,Alessandria,Piemonte,44.661845,8.500747
Visso,MC,Macerata,Marche,42.931232,13.087449
Vistarino,PV,Pavia,Lombardia,45.210766,9.308254
Vistrorio,TO,Torino,Piemonte,45.442344,7.768145
Vita,TP,Trapani,Sicilia,37.868575,12.814479
Viterbo,VT,Viterbo,Lazio,42.493689,11.945068
Viticuso,FR,Frosinone,Lazio,41.524321,13.971115
Vito d'Asio,PN,Pordenone,Friuli-Venezia Giulia,46.227815,12.938303
Vitorchiano,VT,Viterbo,Lazio,42.465427,12.172462
Vittoria,RG,Ragusa,Sicilia,36.951496,14.530487
Vittorio Veneto,TV,Treviso,Veneto,45.989665,12.296436
Vittorito,AQ,L'Aquila,Abruzzo,42.127033,13.816703
Vittuone,MI,Milano,Lombardia,45.487969,8.952442
Vitulano,BN,Benevento,Campania,41.173979,14.645624
Vitulazio,CE,Caserta,Campania,41.164116,14.216925
Viù,TO,Torino,Piemonte,45.23916,7.37584
Vivaro,PN,Pordenone,Friuli-Venezia Giulia,46.078002,12.775846
Vivaro Romano,RM,Roma,Lazio,42.099826,13.006686
Viverone,BI,Biella,Piemonte,45.425554,8.051215
Vizzini,CT,Catania,Sicilia,37.161016,14.748468
Vizzola Ticino,VA,Varese,Lombardia,45.625599,8.696243
Vizzolo Predabissi,MI,Milano,Lombardia,45.35636,9.349762
Vo',PD,Padova,Veneto,45.328899,11.641735
Vobarno,BS,Brescia,Lombardia,45.643643,10.499454
Vobbia,GE,Genova,Liguria,44.601245,9.038668
Vocca,VC,Vercelli,Piemonte,45.832585,8.194602
Vodo Cadore,BL,Belluno,Veneto,46.420006,12.246864
Voghera,PV,Pavia,Lombardia,44.99284,9.008593
Voghiera,FE,Ferrara,Emilia-Romagna,44.759074,11.751132
Vogogna,VB,Verbano-Cusio-Ossola,Piemonte,46.008976,8.293017
Volano,TN,Trento,Trentino-Alto Adige/Südtirol,45.917179,11.060803
Volla,NA,Napoli,Campania,40.878411,14.342932
Volongo,CR,Cremona,Lombardia,45.212247,10.301874
Volpago del Montello,TV,Treviso,Veneto,45.778058,12.119815
Volpara,PV,Pavia,Lombardia,44.953036,9.297097
Volpedo,AL,Alessandria,Piemonte,44.890375,8.9823
Volpeglino,AL,Alessandria,Piemonte,44.892495,8.96006
Volpiano,TO,Torino,Piemonte,45.201451,7.778222
Volta Mantovana,MN,Mantova,Lombardia,45.321302,10.659224
Voltaggio,AL,Alessandria,Piemonte,44.620354,8.842748
Voltago Agordino,BL,Belluno,Veneto,46.272016,12.005196
Volterra,PI,Pisa,Toscana,43.400337,10.860019
Voltido,CR,Cremona,Lombardia,45.111973,10.332979
Volturara Appula,FG,Foggia,Puglia,41.496029,15.052239
Volturara Irpina,AV,Avellino,Campania,40.878104,14.917085
Volturino,FG,Foggia,Puglia,41.477229,15.124241
Volvera,TO,Torino,Piemonte,44.956464,7.511052
Vottignasco,CN,Cuneo,Piemonte,44.564134,7.579129
Zaccanopoli,VV,Vibo Valentia,Calabria,38.664779,15.929793
Zafferana Etnea,CT,Catania,Sicilia,37.693285,15.10646
Zagarise,CZ,Catanzaro,Calabria,38.99919,16.663205
Zagarolo,RM,Roma,Lazio,41.838384,12.83105
Zambrone,VV,Vibo Valentia,Calabria,38.69918,15.990094
Zandobbio,BG,Bergamo,Lombardia,45.687882,9.853358
Zanè,VI,Vicenza,Veneto,45.720119,11.460827
Zanica,BG,Bergamo,Lombardia,45.63946,9.684126
Zapponeta,FG,Foggia,Puglia,41.456964,15.956532
Zavattarello,PV,Pavia,Lombardia,44.868476,9.26523
Zeccone,PV,Pavia,Lombardia,45.257869,9.201144
Zeddiani,OR,Oristano,Sardegna,39.989947,8.595324
Zelbio,CO,Como,Lombardia,45.904582,9.180539
Zelo Buon Persico,LO,Lodi,Lombardia,45.41106,9.431757
Zeme,PV,Pavia,Lombardia,45.197302,8.66592
Zenevredo,PV,Pavia,Lombardia,45.054262,9.325658
Zenson di Piave,TV,Treviso,Veneto,45.678973,12.492099
Zerba,PC,Piacenza,Emilia-Romagna,44.666153,9.287164
Zerbo,PV,Pavia,Lombardia,45.110464,9.396058
Zerbolò,PV,Pavia,Lombardia,45.207166,9.012955
Zerfaliu,OR,Oristano,Sardegna,39.958844,8.708555
Zeri,MS,Massa-Carrara,Toscana,44.353717,9.763228
Zermeghedo,VI,Vicenza,Veneto,45.474991,11.369496
Zero Branco,TV,Treviso,Veneto,45.601701,12.165212
Zevio,VR,Verona,Veneto,45.375131,11.135882
Ziano di Fiemme,TN,Trento,Trentino-Alto Adige/Südtirol,46.286517,11.565976
Ziano Piacentino,PC,Piacenza,Emilia-Romagna,45.001462,9.40156
Zibido San Giacomo,MI,Milano,Lombardia,45.36,9.106028
Zignago,SP,La Spezia,Liguria,44.297246,9.749064
Zimella,VR,Verona,Veneto,45.343627,11.352305
Zimone,BI,Biella,Piemonte,45.44926,8.035808
Zinasco,PV,Pavia,Lombardia,45.112799,9.003176
Zoagli,GE,Genova,Liguria,44.336762,9.266956
Zocca,MO,Modena,Emilia-Romagna,44.347264,10.990407
Zogno,BG,Bergamo,Lombardia,45.793706,9.666203
Zola Predosa,BO,Bologna,Emilia-Romagna,44.489665,11.218309
Zollino,LE,Lecce,Puglia,40.206006,18.250589
Zone,BS,Brescia,Lombardia,45.763445,10.115882
Zoppè di Cadore,BL,Belluno,Veneto,46.386081,12.17394
Zoppola,PN,Pordenone,Friuli-Venezia Giulia,45.966254,12.771564
Zovencedo,VI,Vicenza,Veneto,45.428491,11.503199
Zubiena,BI,Biella,Piemonte,45.492752,7.997712
Zuccarello,SV,Savona,Liguria,44.111029,8.115849
Zugliano,VI,Vicenza,Veneto,45.733953,11.524736
Zuglio,UD,Udine,Friuli-Venezia Giulia,46.461796,13.02604
Zumaglia,BI,Biella,Piemonte,45.593864,8.089421
Zumpano,CS,Cosenza,Calabria,39.310894,16.292094
Zungoli,AV,Avellino,Campania,41.125322,15.203648
Zungri,VV,Vibo Valentia,Calabria,38.65569,15.983246
